# Modelo 3D generado por fotogrametria
# Total de vertices: 5920
# Imagenes procesadas: 74

v 1.050504 -0.032240 -0.003586 0.7176 0.7059 0.6784
v 0.900239 -0.127157 -0.131784 0.4235 0.4353 0.4078
v 1.007712 0.154261 0.032419 0.7020 0.6824 0.6706
v 0.989959 0.008436 -0.078302 0.7294 0.7176 0.6902
v 1.031080 -0.216710 0.051571 0.6235 0.5529 0.4745
v 1.025900 0.062951 0.031223 0.7255 0.7020 0.7020
v 0.879572 0.126059 0.015244 0.4353 0.4667 0.2824
v 0.998016 -0.133207 -0.014034 0.7961 0.7608 0.7412
v 1.064801 0.261999 -0.028459 0.7020 0.6824 0.6706
v 0.993944 0.106386 0.000018 0.5451 0.5961 0.2863
v 0.984479 0.035332 -0.003476 0.7725 0.8235 0.6118
v 1.002721 0.153956 -0.060918 0.6941 0.6745 0.6627
v 0.966722 -0.065892 -0.034330 0.7333 0.7137 0.7020
v 0.933905 0.166374 0.062238 0.1373 0.1137 0.0667
v 0.945918 0.213585 -0.027047 0.7020 0.6824 0.6588
v 1.033426 0.067891 0.029299 0.6000 0.5647 0.5294
v 0.940287 0.072656 -0.027099 0.7490 0.7255 0.7255
v 0.902030 0.115885 -0.067511 0.2863 0.4235 0.1569
v 1.018973 0.010428 -0.048322 0.4549 0.6157 0.3961
v 1.025301 0.093107 -0.063232 0.7020 0.6784 0.6784
v 0.918930 0.141171 0.001995 0.7412 0.7333 0.7373
v 1.013385 -0.209271 -0.037726 0.2784 0.2863 0.2667
v 1.015434 -0.157544 0.029292 0.2078 0.2196 0.1922
v 1.024417 -0.190643 0.074246 0.6235 0.5490 0.4902
v 0.974679 -0.116679 0.016772 0.7020 0.6588 0.6510
v 1.059061 0.156437 0.063996 0.7294 0.7098 0.6980
v 1.041345 0.060755 0.088904 0.7255 0.7216 0.7137
v 0.961676 0.251666 0.002367 0.7529 0.7294 0.7294
v 1.048483 0.196585 0.141573 0.7647 0.7647 0.7333
v 1.048626 0.099451 0.030742 0.5843 0.6353 0.4235
v 1.034931 -0.175965 0.097151 0.4784 0.5098 0.4667
v 1.044507 -0.139289 0.019304 0.6196 0.5647 0.5137
v 0.990336 -0.192412 -0.006301 0.2549 0.2667 0.2314
v 1.016625 -0.264389 -0.002531 0.2510 0.2745 0.2353
v 0.882027 -0.097786 -0.124564 0.7412 0.7294 0.7020
v 0.921251 0.001190 -0.094859 0.2196 0.2275 0.1843
v 0.989263 0.208594 0.008306 0.3725 0.3373 0.3176
v 1.012892 0.139989 0.037490 0.7490 0.7333 0.7373
v 1.086194 -0.091499 -0.035690 0.2392 0.2510 0.2157
v 1.052103 0.160080 0.056607 0.7176 0.7020 0.7059
v 1.098542 0.091678 -0.050102 0.4118 0.4275 0.1961
v 1.028708 0.177593 -0.016125 0.6902 0.6784 0.6510
v 1.043072 -0.011881 0.020262 0.1490 0.1529 0.1216
v 1.118490 -0.266584 0.036495 0.2588 0.2706 0.2431
v 1.004504 -0.149832 -0.039213 0.6235 0.5725 0.5412
v 0.932347 0.252829 -0.079939 0.6157 0.5765 0.6118
v 0.876148 0.015112 0.037075 0.7686 0.7569 0.7373
v 1.046933 0.035912 0.021745 0.7294 0.7059 0.7059
v 1.007352 -0.098581 0.015259 0.8000 0.8118 0.7843
v 1.006662 -0.077948 0.135783 0.7569 0.7451 0.7176
v 1.016772 0.071178 0.060437 0.4863 0.4510 0.4314
v 1.066775 0.165414 0.062009 0.7451 0.7216 0.7216
v 0.980581 0.173436 -0.033469 0.4745 0.5412 0.3373
v 0.998200 -0.117043 0.124038 0.7216 0.7098 0.6824
v 1.027691 0.078033 -0.012226 0.4902 0.4745 0.2353
v 0.981426 -0.008647 -0.011685 0.6510 0.6157 0.5961
v 0.987741 -0.025083 0.178915 0.7137 0.6941 0.6824
v 0.990061 0.048736 0.091760 0.7137 0.6902 0.6902
v 1.070708 0.249978 -0.025500 0.7098 0.6902 0.6667
v 1.035629 -0.273000 0.075065 0.2824 0.2941 0.2667
v 1.058662 0.277450 -0.007007 0.1255 0.1059 0.0824
v 1.057424 0.168346 -0.025252 0.2039 0.3529 0.2000
v 1.023705 0.171536 0.018401 0.7176 0.7176 0.6863
v 1.048958 0.195621 0.027231 0.2314 0.1686 0.1098
v 0.951444 -0.158637 0.061824 0.6235 0.5529 0.4980
v 1.095795 0.106024 -0.013429 0.7451 0.7294 0.7333
v 1.018329 -0.023671 -0.056003 0.1882 0.1882 0.1569
v 1.064750 0.135946 -0.022200 0.7490 0.7255 0.7255
v 0.944099 0.209532 -0.050385 0.5137 0.4706 0.4627
v 1.085106 -0.218652 -0.013882 0.2275 0.2392 0.1961
v 0.992269 -0.164660 -0.047414 0.2314 0.2431 0.2157
v 0.987825 -0.097027 0.104082 0.7490 0.7373 0.7098
v 0.956358 -0.100211 -0.107655 0.7490 0.7255 0.7255
v 0.983628 0.084745 0.000840 0.5804 0.5137 0.3451
v 1.046213 0.046254 -0.005367 0.7098 0.6863 0.6863
v 0.899682 -0.065126 0.074949 0.7412 0.7294 0.7020
v 0.969021 -0.162514 0.019827 0.3922 0.3804 0.3529
v 1.080031 -0.083528 -0.021698 0.7373 0.7255 0.6980
v 1.030208 -0.150878 -0.003003 0.2275 0.2471 0.2196
v 1.120078 -0.061544 0.084078 0.8157 0.8275 0.7922
v 1.006134 0.066712 0.113523 0.7490 0.7373 0.5686
v 1.070363 -0.264510 0.041219 0.2510 0.2706 0.2431
v 1.042125 0.124564 0.012539 0.7373 0.7333 0.7255
v 0.973793 -0.080498 0.091710 0.7569 0.7451 0.7255
v 0.996675 -0.141987 0.126363 0.2392 0.2510 0.2157
v 1.015112 0.201019 0.215247 0.7294 0.7098 0.6980
v 1.003269 0.179140 0.089236 0.1216 0.2588 0.1647
v 0.948429 -0.120262 0.085467 0.7451 0.7333 0.7059
v 0.979926 -0.064759 0.133299 0.7529 0.7490 0.7333
v 0.998267 -0.270657 0.079485 0.2627 0.2941 0.2510
v 0.903804 -0.091790 0.010264 0.2353 0.2392 0.2078
v 0.949860 -0.027569 0.103050 0.7020 0.6824 0.6706
v 0.988174 -0.232907 0.174804 0.3373 0.3098 0.2784
v 1.016184 0.138035 0.141888 0.7098 0.6980 0.6706
v 1.014859 0.135777 0.049763 0.7294 0.7098 0.6980
v 0.959860 -0.143540 0.027910 0.2510 0.2627 0.2275
v 1.009143 -0.115727 0.149630 0.5725 0.5333 0.4941
v 1.100381 -0.209170 0.126421 0.2627 0.2863 0.2471
v 1.046863 -0.038509 0.063811 0.7255 0.7059 0.6941
v 1.022322 -0.220817 0.028343 0.5333 0.5333 0.5020
v 1.004664 0.137652 0.085839 0.0431 0.0667 0.0275
v 1.015570 0.221081 0.054823 0.2706 0.2431 0.2039
v 0.976592 -0.169098 0.087961 0.6196 0.5451 0.4784
v 0.981955 -0.194216 0.079434 0.2784 0.3059 0.2784
v 0.972104 -0.251757 0.136243 0.6000 0.5255 0.4667
v 0.972664 -0.054135 0.072345 0.7137 0.7020 0.6745
v 1.023512 0.255570 0.018528 0.1020 0.0824 0.0706
v 1.012213 -0.167287 -0.010199 0.5961 0.5216 0.4627
v 1.035977 0.109489 0.076561 0.6941 0.6745 0.6510
v 1.043374 -0.107480 0.034864 0.8392 0.8078 0.7647
v 0.926824 -0.117886 0.150839 0.8118 0.7608 0.7255
v 1.006833 -0.219471 0.111696 0.2314 0.2549 0.2078
v 0.975732 0.157293 0.105447 0.5176 0.4941 0.4392
v 1.094816 -0.104338 0.069598 0.7333 0.7216 0.6941
v 1.014176 0.193891 0.050220 0.7294 0.7255 0.7176
v 0.959778 -0.162194 0.116650 0.6392 0.5765 0.5176
v 0.919964 -0.113560 0.024152 0.2431 0.2549 0.2275
v 1.070334 0.057157 0.101106 0.7255 0.7216 0.7137
v 0.979340 -0.008529 0.156904 0.1804 0.1922 0.1569
v 1.011104 0.255732 0.107522 0.7294 0.7255 0.7176
v 1.054963 -0.136346 0.064712 0.8078 0.7412 0.7020
v 1.005288 -0.203720 0.037129 0.2667 0.2784 0.2431
v 1.144109 -0.064513 0.078937 0.7569 0.7569 0.7255
v 0.986700 0.148553 0.116320 0.3490 0.3569 0.2118
v 1.003738 0.188350 0.128440 0.2000 0.1843 0.1373
v 0.999434 -0.032188 0.111292 0.6980 0.6784 0.6549
v 1.048272 -0.206502 0.092350 0.2627 0.2627 0.2157
v 0.970578 -0.185056 0.089630 0.5961 0.5216 0.4627
v 0.997126 -0.208467 0.049882 0.2353 0.2275 0.1804
v 0.984691 0.104073 0.101163 0.5529 0.5686 0.2667
v 0.943051 -0.141742 0.057233 0.2431 0.2549 0.2196
v 0.958269 0.050261 0.081823 0.7373 0.7137 0.7137
v 0.992799 -0.227504 0.158789 0.2745 0.3059 0.2627
v 1.024113 -0.002055 0.166338 0.7098 0.6863 0.6863
v 0.936548 -0.191219 0.065574 0.2667 0.2902 0.2510
v 0.941718 0.191190 0.098444 0.7294 0.7098 0.6980
v 0.979957 -0.176376 0.048701 0.6235 0.5529 0.4745
v 0.957615 -0.214919 0.130175 0.2627 0.2941 0.2510
v 1.010420 -0.059847 0.107380 0.7412 0.7451 0.7137
v 1.067851 0.184213 0.050242 0.6784 0.6745 0.6588
v 0.957795 0.128728 0.054502 0.2039 0.2078 0.1451
v 0.970071 -0.224460 0.041580 0.2078 0.2196 0.1843
v 0.925292 0.200146 0.027503 0.7608 0.7569 0.7412
v 0.988596 -0.148910 0.078401 0.4627 0.4353 0.4039
v 1.056061 -0.099352 0.077084 0.7529 0.7333 0.7098
v 0.983882 -0.236766 0.145371 0.5137 0.5176 0.4941
v 1.104234 0.089181 0.050120 0.7216 0.7098 0.6902
v 1.090882 0.122041 0.049992 0.1529 0.1294 0.0667
v 1.042555 -0.221686 0.078339 0.5882 0.5176 0.4314
v 0.984439 -0.231329 0.145079 0.6549 0.5882 0.5098
v 0.953426 -0.047637 0.166743 0.7294 0.7098 0.6980
v 1.022957 -0.220919 0.130553 0.2627 0.2902 0.2588
v 0.961068 -0.034604 0.111260 0.1804 0.1882 0.1333
v 0.887375 -0.210423 0.100091 0.6000 0.5255 0.4588
v 1.044639 -0.155289 0.128736 0.4667 0.4314 0.4118
v 1.026044 -0.145788 0.006295 0.2431 0.2627 0.2353
v 1.043579 0.202476 0.094237 0.7490 0.7451 0.7294
v 1.011910 0.206696 0.125662 0.7490 0.7294 0.7176
v 0.959298 -0.142845 0.130279 0.6314 0.5686 0.5098
v 1.022730 0.088130 0.187951 0.5137 0.5882 0.3373
v 0.978485 -0.153279 0.225822 0.2627 0.2549 0.1725
v 1.036357 -0.121515 0.138065 0.7373 0.7176 0.7059
v 0.960948 -0.106870 0.204176 0.7294 0.6980 0.6902
v 1.057294 -0.230998 0.141451 0.2549 0.2784 0.2392
v 0.944910 -0.062929 0.172725 0.7333 0.7020 0.6941
v 1.020213 0.174690 0.258259 0.7765 0.7569 0.7451
v 0.937574 0.061348 0.193207 0.6745 0.6667 0.4275
v 1.093556 0.043005 0.135670 0.7373 0.7176 0.7059
v 1.001084 0.149480 0.145406 0.2118 0.2196 0.1255
v 0.968042 0.233558 0.172684 0.7686 0.7490 0.7373
v 1.002578 -0.256981 0.157531 0.2627 0.2745 0.2471
v 1.028716 -0.151195 0.040454 0.4431 0.4078 0.3804
v 0.991524 0.201694 0.194973 0.7176 0.7059 0.6784
v 0.973090 0.045599 0.190022 0.7451 0.7294 0.7176
v 0.964329 0.136706 0.257197 0.7020 0.6824 0.6706
v 0.970130 0.007403 0.228114 0.7098 0.6745 0.6392
v 0.992026 -0.231027 0.110982 0.6431 0.5804 0.5216
v 0.999920 0.003142 0.158431 0.7294 0.8118 0.5804
v 0.932170 0.073977 0.195403 0.7490 0.7333 0.7216
v 1.014743 0.220217 0.171550 0.0980 0.0784 0.0627
v 0.982331 0.011379 0.065245 0.6745 0.6314 0.6078
v 1.068695 0.244501 0.111548 0.6902 0.6706 0.6588
v 1.040867 0.142765 0.201913 0.3961 0.4353 0.2980
v 1.003533 -0.180584 0.122821 0.2784 0.3020 0.2863
v 0.929255 0.167523 0.172795 0.4784 0.5647 0.5137
v 0.997116 -0.147608 0.156379 0.4706 0.4275 0.4118
v 0.898784 0.110055 0.173616 0.5686 0.5843 0.3451
v 0.969031 -0.094443 0.185735 0.7098 0.6745 0.6471
v 1.058789 -0.182452 0.111628 0.4039 0.3686 0.3412
v 1.034080 -0.014095 0.192782 0.7843 0.7843 0.7451
v 0.969949 0.159620 0.086339 0.7098 0.6902 0.6784
v 0.974053 -0.184617 0.212626 0.2471 0.2706 0.2314
v 0.990394 0.182504 0.271599 0.0549 0.0627 0.0431
v 0.988710 0.244268 0.131488 0.7216 0.7020 0.6902
v 0.987150 -0.135755 0.109249 0.4275 0.3843 0.3608
v 0.961905 -0.189496 0.186762 0.6549 0.6039 0.5412
v 0.895859 -0.035506 0.154005 0.7569 0.7412 0.7294
v 1.061001 -0.159634 0.171002 0.2196 0.2275 0.1725
v 1.027002 -0.153854 0.136566 0.2588 0.2627 0.2314
v 0.968775 -0.072237 0.102228 0.1882 0.2000 0.1569
v 1.040451 -0.040614 0.266573 0.7294 0.7333 0.7098
v 1.028753 -0.026417 0.140779 0.7412 0.7216 0.7098
v 0.932596 0.040551 0.170273 0.7137 0.6941 0.6824
v 1.003594 -0.065342 0.196339 0.7725 0.7529 0.7294
v 0.930402 0.134500 0.181491 0.1961 0.1882 0.0980
v 0.960570 -0.172114 0.164058 0.5961 0.5216 0.4627
v 0.930880 0.129497 0.143159 0.1412 0.1647 0.1255
v 0.949154 -0.005274 0.248545 0.2627 0.5294 0.2039
v 0.917876 -0.169487 0.160174 0.2353 0.2588 0.2196
v 0.993184 0.053891 0.207316 0.7216 0.7020 0.6902
v 1.014530 -0.058582 0.156044 0.1882 0.1961 0.1451
v 0.926937 0.120278 0.137357 0.1255 0.1176 0.0353
v 0.930989 0.029490 0.111484 0.7176 0.6980 0.6863
v 0.950373 0.196856 0.142609 0.7176 0.6980 0.6863
v 0.938514 0.137288 0.236608 0.2039 0.2039 0.1569
v 1.003077 -0.114468 0.247409 0.7294 0.7098 0.6980
v 0.964434 -0.085398 0.148736 0.2275 0.2275 0.1804
v 1.007609 0.059882 0.204143 0.7294 0.7098 0.6980
v 0.915978 0.014124 0.277132 0.6745 0.6510 0.5961
v 1.019428 0.120749 0.230906 0.7294 0.7059 0.7059
v 0.955855 -0.227894 0.084195 0.2235 0.2353 0.2078
v 1.065524 0.016288 0.177591 0.1922 0.2000 0.1490
v 0.968976 0.049535 0.182511 0.6863 0.6667 0.6431
v 1.036604 0.042924 0.143533 0.7569 0.7373 0.7255
v 0.956105 0.012742 0.157018 0.1804 0.1882 0.1451
v 0.909753 -0.072965 0.167138 0.7333 0.7020 0.6941
v 1.033050 -0.087862 0.179463 0.7294 0.6980 0.6902
v 0.925130 -0.133656 0.117876 0.7647 0.7451 0.7216
v 1.017967 -0.221013 0.176710 0.2549 0.2745 0.2471
v 1.035434 0.085656 0.084956 0.6118 0.5608 0.5255
v 1.007124 0.122657 0.162695 0.6941 0.6824 0.6549
v 0.949461 -0.153159 0.070576 0.2627 0.2431 0.1176
v 0.938553 0.088294 0.238554 0.7216 0.6980 0.6980
v 0.980540 0.119392 0.144049 0.6157 0.5843 0.5412
v 0.993246 -0.057488 0.115625 0.7529 0.7490 0.7412
v 0.964081 -0.179740 0.150298 0.4392 0.3882 0.3569
v 1.042135 0.059114 0.106275 0.6706 0.6510 0.6275
v 0.925299 -0.148915 0.192916 0.6314 0.5569 0.4902
v 1.011727 -0.164175 0.094047 0.6431 0.5804 0.5176
v 0.956669 -0.071590 0.183404 0.7647 0.7294 0.6941
v 0.985219 -0.132517 0.236349 0.7412 0.6627 0.2235
v 0.894930 0.079372 0.277697 0.7216 0.7176 0.7098
v 0.967383 -0.243852 0.250056 0.6745 0.6118 0.5529
v 0.901345 -0.128494 0.240269 0.3255 0.3451 0.3216
v 1.018387 0.030074 0.277481 0.7137 0.6941 0.6824
v 0.944436 0.007617 0.268276 0.3922 0.5686 0.2510
v 1.013832 0.249705 0.138806 0.7647 0.7490 0.7373
v 1.003056 0.014887 0.362137 0.6863 0.6667 0.6549
v 0.862609 0.223068 0.248633 0.7137 0.7098 0.7020
v 0.966131 -0.190281 0.228559 0.7686 0.6118 0.2706
v 0.997549 -0.082843 0.260615 0.2314 0.2196 0.1608
v 0.858390 -0.153670 0.177313 0.4314 0.4353 0.4118
v 1.010895 -0.000700 0.293384 0.2000 0.1882 0.1529
v 0.950916 -0.163822 0.298619 0.2706 0.2902 0.2627
v 0.952945 0.042880 0.215526 0.7255 0.7059 0.6941
v 1.023297 -0.085019 0.150673 0.7608 0.7647 0.7412
v 0.947228 0.058540 0.256991 0.7373 0.7333 0.7176
v 0.929005 0.208850 0.310832 0.7333 0.7137 0.7020
v 0.986915 0.097981 0.168949 0.6980 0.6784 0.6667
v 0.962431 0.100776 0.237753 0.2588 0.4157 0.1725
v 0.996611 0.055854 0.220320 0.2235 0.2078 0.1608
v 0.961046 0.146406 0.167601 0.7255 0.7137 0.6941
v 0.998820 -0.124303 0.301127 0.6157 0.5608 0.5098
v 0.961365 -0.020565 0.261887 0.6667 0.6392 0.6078
v 0.981042 -0.110449 0.318464 0.3725 0.3686 0.3529
v 0.920594 0.061927 0.155714 0.7373 0.7333 0.7176
v 0.990190 -0.170666 0.222124 0.8510 0.8392 0.8039
v 0.964902 -0.069644 0.319627 0.7412 0.7098 0.7020
v 0.991512 0.149240 0.327801 0.6431 0.6157 0.5843
v 1.005331 0.208576 0.192435 0.1255 0.1216 0.1137
v 0.988219 0.231696 0.184236 0.7529 0.7333 0.7216
v 1.014099 0.056326 0.195090 0.7412 0.7333 0.7373
v 0.995150 0.039945 0.368126 0.7098 0.6902 0.6784
v 0.983248 -0.023330 0.305983 0.6824 0.6667 0.6196
v 0.932000 -0.091153 0.291324 0.7373 0.7098 0.6784
v 1.063188 0.020799 0.223688 0.7137 0.7098 0.6941
v 0.901777 -0.278017 0.264863 0.2902 0.3216 0.2706
v 0.994097 -0.251485 0.255994 0.3490 0.3333 0.2980
v 1.008866 -0.154694 0.241463 0.4863 0.4392 0.3922
v 0.999842 -0.132927 0.154091 0.8510 0.8353 0.8000
v 0.901861 -0.186827 0.308276 0.6549 0.5804 0.5137
v 1.003003 0.091790 0.282791 0.7137 0.6941 0.6824
v 0.933625 0.148807 0.314034 0.1686 0.1412 0.1098
v 0.972880 -0.211528 0.391577 0.3647 0.3373 0.3059
v 0.966901 -0.020634 0.213257 0.7490 0.7490 0.7176
v 0.956929 0.209258 0.197802 0.1020 0.0824 0.0667
v 1.030223 -0.225917 0.240986 0.2235 0.2471 0.2000
v 0.924560 0.232378 0.283441 0.7569 0.7373 0.7255
v 0.948714 -0.226860 0.226726 0.2745 0.2941 0.2667
v 0.925267 -0.095649 0.310553 0.7529 0.7490 0.7333
v 1.099871 -0.102900 0.316861 0.7451 0.7255 0.7137
v 1.021241 0.017146 0.221231 0.7333 0.7294 0.7137
v 1.020881 0.230803 0.308273 0.6941 0.6627 0.6549
v 1.007860 -0.161029 0.317116 0.6392 0.5686 0.4902
v 0.971848 0.213726 0.215407 0.1804 0.1137 0.1529
v 0.877504 -0.155786 0.210120 0.7647 0.5686 0.3765
v 0.913404 0.021660 0.187948 0.7294 0.7255 0.7098
v 1.021505 0.080543 0.245801 0.4510 0.4431 0.2431
v 0.911860 0.165426 0.198259 0.7255 0.7059 0.6941
v 0.928756 0.020225 0.188343 0.7412 0.7373 0.7216
v 0.961962 0.221370 0.272431 0.7529 0.7333 0.7216
v 0.896722 -0.115475 0.277786 0.7647 0.7451 0.7333
v 0.887617 0.217792 0.294811 0.1725 0.1490 0.1490
v 0.953173 -0.033253 0.240284 0.5294 0.6510 0.3882
v 0.993807 -0.177052 0.292669 0.6471 0.5647 0.4980
v 0.908515 -0.041447 0.244955 0.7294 0.7176 0.6902
v 0.926451 -0.120733 0.192062 0.8078 0.7882 0.7765
v 0.978870 0.062361 0.220534 0.7137 0.6941 0.6784
v 0.961787 -0.015439 0.302520 0.7216 0.7020 0.6902
v 0.982500 0.192081 0.168828 0.7255 0.7059 0.6941
v 0.919547 0.061178 0.258345 0.2353 0.2196 0.1725
v 0.992307 0.145781 0.223345 0.7137 0.6941 0.6824
v 0.908069 -0.104269 0.246583 0.7529 0.7333 0.7098
v 0.926918 -0.195587 0.266490 0.6039 0.5333 0.4549
v 1.073688 0.139357 0.215000 0.2078 0.1922 0.1451
v 0.948503 -0.079896 0.313282 0.2118 0.1961 0.1608
v 0.998288 0.237873 0.229332 0.3529 0.3216 0.2784
v 0.919054 -0.177277 0.225866 0.2706 0.2824 0.2549
v 0.918504 0.001582 0.297370 0.7686 0.7569 0.6980
v 0.975455 0.143026 0.271068 0.7176 0.6980 0.6863
v 0.991733 -0.048185 0.302387 0.7294 0.7098 0.6980
v 0.900957 -0.205249 0.254706 0.4314 0.4039 0.3647
v 0.842330 -0.181751 0.315528 0.2235 0.2431 0.2157
v 1.025597 -0.249813 0.289493 0.2824 0.2941 0.2588
v 0.915169 0.242936 0.367840 0.3961 0.3451 0.2824
v 0.898489 -0.234470 0.273556 0.2235 0.2431 0.2157
v 0.955358 0.089629 0.430641 0.7020 0.6824 0.6706
v 0.980835 0.095404 0.314771 0.6980 0.6784 0.6667
v 0.965557 -0.231470 0.414262 0.2353 0.2588 0.2196
v 0.990652 -0.032924 0.335943 0.5686 0.6745 0.4039
v 1.010947 0.027329 0.348905 0.7686 0.7294 0.6235
v 0.912345 0.138784 0.331472 0.7059 0.6745 0.6667
v 0.944470 0.020094 0.384011 0.7176 0.6941 0.7020
v 0.932255 -0.201934 0.307183 0.9020 0.8078 0.8000
v 0.886425 -0.018481 0.349372 0.7216 0.6980 0.6980
v 0.993286 -0.243315 0.256132 0.1922 0.2118 0.1843
v 0.922249 -0.207046 0.400540 0.2235 0.2353 0.1922
v 0.980842 -0.107971 0.368975 0.7490 0.7490 0.7176
v 0.992441 0.080377 0.312298 0.7412 0.7176 0.7176
v 0.983058 -0.199631 0.381582 0.2392 0.2627 0.2235
v 0.928432 -0.031702 0.350246 0.7373 0.7216 0.7098
v 0.914758 -0.231563 0.282831 0.2941 0.3176 0.2784
v 0.950667 0.237348 0.465447 0.7490 0.7294 0.7176
v 0.894722 -0.018433 0.298407 0.7529 0.7333 0.7216
v 0.937046 -0.146029 0.348709 0.6392 0.5725 0.5098
v 0.833388 -0.046358 0.332167 0.7294 0.7255 0.7098
v 0.970559 -0.150598 0.409279 0.3647 0.3725 0.3608
v 0.922062 -0.029209 0.312545 0.6941 0.6588 0.6392
v 0.965875 -0.246555 0.331600 0.2353 0.2431 0.2000
v 1.014687 -0.179993 0.289359 0.8314 0.8431 0.8706
v 0.884796 0.160105 0.250578 0.6000 0.5647 0.5373
v 0.947892 0.066397 0.307560 0.7098 0.6784 0.6667
v 1.007565 0.024931 0.242116 0.7333 0.7294 0.7137
v 1.000435 0.044214 0.285426 0.7451 0.7412 0.7255
v 0.975609 -0.037725 0.276111 0.7608 0.7451 0.7333
v 0.891012 0.153629 0.363250 0.1255 0.2941 0.1765
v 0.948256 -0.220858 0.346748 0.2588 0.2706 0.2275
v 0.866208 0.156054 0.260149 0.3569 0.3294 0.2980
v 1.001829 -0.137993 0.328259 0.3686 0.3255 0.3176
v 0.914915 -0.180039 0.303110 0.6510 0.5765 0.5176
v 0.920673 -0.247150 0.221755 0.2471 0.2784 0.2353
v 0.884963 -0.247262 0.314469 0.6157 0.5333 0.4588
v 1.058347 0.111206 0.342571 0.2157 0.1922 0.0980
v 0.935353 -0.109648 0.281413 0.7725 0.7529 0.7412
v 0.915713 -0.058609 0.302677 0.7529 0.7490 0.7333
v 0.923791 0.000396 0.308109 0.3059 0.5569 0.2275
v 1.029291 0.057636 0.344628 0.5843 0.5451 0.4471
v 0.993559 0.245764 0.394034 0.3137 0.2706 0.1608
v 0.937488 0.000048 0.364420 0.2275 0.2353 0.1843
v 0.955143 -0.070709 0.237332 0.7529 0.7490 0.7333
v 0.964111 0.020127 0.290550 0.7216 0.7020 0.6902
v 0.956064 -0.198498 0.378005 0.6431 0.5725 0.4863
v 0.965952 -0.211366 0.356322 0.5843 0.5686 0.5255
v 0.899329 -0.198036 0.305453 0.8353 0.8275 0.8392
v 0.993179 -0.159922 0.351965 0.2745 0.2863 0.2588
v 0.924011 0.051980 0.362133 0.7451 0.7412 0.7255
v 1.068378 0.093576 0.358401 0.1529 0.2510 0.0275
v 0.932244 -0.127571 0.338077 0.7843 0.7647 0.7529
v 0.900729 0.008151 0.310775 0.7569 0.7686 0.5608
v 0.935976 0.147811 0.361702 0.1490 0.1608 0.1333
v 0.932776 0.204551 0.372108 0.2902 0.2549 0.1882
v 1.013413 0.127774 0.340494 0.7137 0.6941 0.6706
v 1.032754 -0.135528 0.338105 0.2941 0.3020 0.2824
v 0.967426 0.086245 0.336738 0.7137 0.6941 0.6824
v 0.886802 0.102147 0.363831 0.6353 0.6353 0.4000
v 0.909439 0.137392 0.333322 0.2314 0.2078 0.1529
v 0.926802 0.106489 0.340739 0.6235 0.7059 0.4863
v 0.957185 -0.026223 0.297772 0.2275 0.2118 0.0627
v 0.943731 -0.084413 0.327752 0.7569 0.7529 0.7373
v 0.963330 0.128876 0.351403 0.7373 0.7333 0.7176
v 0.933645 0.080025 0.313002 0.7373 0.7412 0.7216
v 0.958129 -0.166122 0.342950 0.2667 0.2784 0.2353
v 0.963557 0.138048 0.271083 0.7373 0.7333 0.7255
v 0.902226 0.240545 0.295199 0.7529 0.7333 0.7216
v 0.975852 0.116436 0.247186 0.6980 0.6784 0.6667
v 0.913612 -0.187581 0.394344 0.2549 0.2667 0.2314
v 0.883908 0.178262 0.353626 0.7412 0.7373 0.7216
v 1.000713 -0.055785 0.251029 0.6980 0.6627 0.6353
v 0.902935 -0.004294 0.349809 0.7176 0.7137 0.6980
v 0.956230 0.006322 0.280158 0.2745 0.5216 0.2431
v 0.922910 0.191748 0.438221 0.6275 0.5922 0.5569
v 0.913988 -0.240367 0.380608 0.2627 0.2863 0.2471
v 0.938794 -0.016079 0.367953 0.6471 0.6078 0.5608
v 0.791340 0.047434 0.392572 0.6902 0.6627 0.6314
v 0.838030 -0.129966 0.503470 0.2627 0.2706 0.2275
v 0.896552 -0.009352 0.521061 0.3059 0.5804 0.2353
v 0.941461 0.262650 0.465229 0.2275 0.1412 0.0902
v 0.868299 0.255961 0.417926 0.2039 0.2000 0.1922
v 0.995075 0.144949 0.413031 0.3569 0.4863 0.2627
v 0.901608 -0.114983 0.418964 0.8667 0.8667 0.8275
v 0.989056 -0.248569 0.452211 0.2824 0.3020 0.2784
v 0.949307 -0.122527 0.352552 0.8588 0.5961 0.3804
v 0.905618 -0.072287 0.404137 0.7059 0.6706 0.2588
v 0.986612 -0.139476 0.406216 0.2549 0.2745 0.2471
v 0.940815 -0.184111 0.392462 0.2627 0.2941 0.2510
v 0.897756 0.101987 0.319336 0.4196 0.3765 0.2000
v 0.845981 -0.155818 0.384711 0.2275 0.2392 0.1961
v 0.950316 0.016219 0.415031 0.2863 0.5255 0.2510
v 0.905789 0.230976 0.392295 0.4667 0.6196 0.4980
v 0.902337 0.120313 0.438206 0.7451 0.7294 0.7255
v 0.883636 -0.013289 0.440515 0.7490 0.7451 0.7294
v 0.915475 -0.193799 0.452401 0.2824 0.3020 0.2745
v 0.844501 0.065416 0.393491 0.7176 0.7137 0.6980
v 0.896466 0.059450 0.436874 0.6627 0.6431 0.4235
v 0.885910 -0.100002 0.407738 0.8314 0.7765 0.7333
v 0.865513 -0.124949 0.400593 0.2510 0.2588 0.2078
v 0.807410 0.061725 0.345171 0.6235 0.6235 0.3725
v 0.894599 -0.040099 0.413238 0.7373 0.7216 0.7098
v 0.869010 -0.037540 0.390460 0.5255 0.5255 0.4863
v 0.887884 0.152042 0.434176 0.7098 0.7098 0.6784
v 0.903500 -0.111981 0.465738 0.8510 0.8353 0.7922
v 0.937080 0.068942 0.408307 0.1804 0.1922 0.1490
v 0.878256 -0.044739 0.395657 0.7451 0.7255 0.7137
v 0.950442 -0.035921 0.464798 0.7137 0.6941 0.6784
v 0.863292 0.092166 0.501782 0.6039 0.5686 0.2118
v 0.929514 0.053754 0.418932 0.3333 0.5804 0.2706
v 0.801301 0.167962 0.415652 0.1294 0.0863 0.0627
v 0.860788 0.247692 0.296287 0.7176 0.6980 0.6863
v 0.885212 0.105411 0.437617 0.5529 0.6000 0.4118
v 0.899647 0.028300 0.384547 0.6471 0.6235 0.5765
v 0.895942 0.201692 0.424152 0.7137 0.6941 0.6824
v 0.924476 0.227290 0.447708 0.1412 0.1255 0.1216
v 0.952778 0.112410 0.427399 0.3882 0.5373 0.2980
v 1.046725 -0.191873 0.430138 0.2980 0.3216 0.2824
v 0.901519 0.144410 0.449886 0.2235 0.3804 0.1765
v 0.882114 0.041152 0.406032 0.1961 0.2078 0.1804
v 0.823536 -0.099110 0.423753 0.7059 0.6667 0.6314
v 0.865686 -0.170038 0.405341 0.2706 0.2824 0.2549
v 0.901587 -0.007856 0.380232 0.7294 0.7255 0.7098
v 0.864570 -0.141051 0.391358 0.2510 0.2627 0.2353
v 0.951360 0.082652 0.396682 0.5804 0.5490 0.4039
v 0.898541 -0.242645 0.434921 0.6706 0.6078 0.5451
v 0.960121 0.145989 0.403585 0.6784 0.6824 0.6627
v 0.942430 0.060019 0.464880 0.5961 0.5804 0.3294
v 0.837348 -0.006609 0.484687 0.2863 0.2510 0.2235
v 0.940588 0.237675 0.392560 0.1020 0.0824 0.0588
v 0.829556 0.241117 0.409796 0.0549 0.0627 0.0196
v 0.974158 -0.051369 0.347531 0.6941 0.6471 0.2078
v 0.955149 0.008722 0.338673 0.2275 0.2314 0.2000
v 0.932923 0.009845 0.323362 0.7137 0.6902 0.6902
v 0.873972 -0.157092 0.401191 0.2392 0.2706 0.2275
v 0.930194 -0.054209 0.404200 0.7529 0.7490 0.7333
v 0.841830 0.134942 0.432226 0.7451 0.7294 0.7176
v 0.843973 -0.151067 0.461133 0.2627 0.2706 0.2510
v 0.939535 0.162129 0.380582 0.7098 0.7059 0.6863
v 0.916351 0.156372 0.396768 0.1490 0.3098 0.1765
v 0.898710 0.023463 0.442696 0.7216 0.7020 0.6902
v 0.954436 0.161935 0.417267 0.2157 0.2118 0.1333
v 0.951967 -0.004155 0.421645 0.2157 0.2196 0.1647
v 0.901075 0.063966 0.409603 0.7216 0.7020 0.6902
v 0.884839 -0.010921 0.413786 0.2824 0.5216 0.2196
v 0.881915 0.054754 0.347036 0.7451 0.7412 0.7255
v 0.931907 -0.185047 0.395936 0.6627 0.5961 0.5333
v 0.901812 -0.015969 0.344833 0.7529 0.7490 0.7412
v 0.897487 -0.002356 0.428286 0.1961 0.2000 0.1686
v 0.903715 -0.102516 0.404687 0.7804 0.7608 0.7490
v 0.874136 -0.035068 0.446483 0.7137 0.7020 0.6745
v 0.885344 -0.077094 0.424617 0.7961 0.7373 0.3412
v 0.897805 -0.082855 0.477322 0.2078 0.2196 0.1765
v 0.933335 -0.047243 0.353832 0.1961 0.1686 0.1294
v 0.741219 0.059480 0.405990 0.7176 0.6941 0.6941
v 0.830576 -0.231826 0.406713 0.2392 0.2706 0.2275
v 0.925705 -0.155141 0.477543 0.2510 0.2745 0.2353
v 0.862545 0.111328 0.526213 0.5647 0.4784 0.2824
v 0.908667 -0.026572 0.455884 0.7216 0.7255 0.7059
v 0.875122 -0.021512 0.504945 0.7412 0.7451 0.7216
v 0.807300 -0.075536 0.469849 0.7373 0.7098 0.2627
v 0.881654 0.028347 0.511571 0.3843 0.3451 0.2980
v 0.845035 0.189287 0.501419 0.1098 0.2157 0.1490
v 0.788202 -0.224492 0.501235 0.2314 0.2784 0.2314
v 0.951368 -0.000684 0.522373 0.7176 0.7137 0.7059
v 0.893806 -0.142152 0.373273 0.5020 0.3255 0.3373
v 0.816565 0.125931 0.506395 0.7255 0.7216 0.7137
v 0.892700 -0.097896 0.497931 0.7412 0.7451 0.7216
v 0.930784 -0.161918 0.461653 0.5686 0.5176 0.4824
v 0.959056 -0.240610 0.520293 0.2431 0.2627 0.2353
v 0.836994 -0.155019 0.499985 0.2549 0.2667 0.2235
v 0.919965 0.031668 0.472018 0.7529 0.7294 0.7294
v 0.927713 0.212966 0.502418 0.7294 0.7255 0.7098
v 0.938862 0.167522 0.494761 0.7098 0.7059 0.6902
v 0.874924 0.100488 0.454682 0.5059 0.5059 0.3020
v 0.967566 -0.083074 0.398193 0.2353 0.2588 0.2196
v 0.823890 0.257403 0.563302 0.7373 0.7333 0.7176
v 0.828539 -0.102562 0.532100 0.6314 0.6275 0.6078
v 0.857511 -0.107229 0.499658 0.2471 0.2667 0.2431
v 0.894419 0.181819 0.482249 0.1451 0.2863 0.1843
v 0.887610 -0.006003 0.437792 0.1608 0.1333 0.0941
v 0.866014 0.216836 0.507287 0.2039 0.2235 0.1373
v 0.940511 0.160434 0.491728 0.7098 0.7059 0.6902
v 0.902539 -0.211793 0.509082 0.2588 0.2588 0.2118
v 0.850491 0.220177 0.530350 0.2235 0.2745 0.1961
v 0.878433 -0.139824 0.602595 0.2588 0.2667 0.2471
v 0.849703 -0.099834 0.455712 0.7647 0.7451 0.7333
v 0.853810 0.187649 0.485189 0.3255 0.3765 0.1686
v 0.879308 -0.132773 0.515385 0.9765 0.8235 0.8353
v 0.837366 0.027805 0.441800 0.7216 0.6902 0.3020
v 0.875965 0.121612 0.531368 0.7137 0.6941 0.6824
v 0.807104 -0.197953 0.391711 0.2627 0.2824 0.2549
v 0.879577 0.216965 0.550121 0.7137 0.6941 0.6824
v 0.906054 -0.164647 0.550133 0.2627 0.2824 0.2588
v 0.918651 0.238133 0.475160 0.7020 0.6980 0.6824
v 0.818277 -0.127784 0.462725 0.6706 0.3176 0.2235
v 0.826671 -0.079148 0.430852 0.8314 0.8196 0.7922
v 0.910445 -0.075400 0.449130 0.7176 0.7137 0.6941
v 0.881517 0.162353 0.502634 0.6588 0.6314 0.5922
v 0.888024 0.007217 0.480443 0.7294 0.7255 0.7176
v 0.880902 0.246712 0.427719 0.1529 0.1373 0.1333
v 0.884144 -0.099253 0.561986 0.7059 0.7137 0.6941
v 0.820066 0.010837 0.515671 0.7725 0.7137 0.3098
v 0.857426 -0.070523 0.519911 0.2824 0.2941 0.2588
v 0.884697 -0.235411 0.455607 0.3333 0.3020 0.2941
v 0.896042 -0.212241 0.523508 0.2118 0.2431 0.2000
v 0.861749 -0.144869 0.521516 0.6980 0.3765 0.2941
v 0.850095 0.228578 0.484359 0.7294 0.7176 0.6902
v 0.858572 -0.115626 0.491641 0.2667 0.2980 0.2471
v 0.930134 0.107374 0.480619 0.7137 0.6941 0.6706
v 0.981422 -0.063158 0.482526 0.7765 0.7176 0.2510
v 0.835918 -0.010948 0.552165 0.3020 0.5373 0.2471
v 0.857876 0.235751 0.538561 0.7569 0.7529 0.7373
v 0.862680 -0.058324 0.487894 0.2549 0.2353 0.1098
v 0.853922 -0.022866 0.449820 0.1059 0.1137 0.0706
v 0.824845 0.181512 0.532137 0.7255 0.7216 0.7059
v 0.857387 -0.078683 0.513776 0.8078 0.7922 0.7569
v 0.814305 -0.114821 0.445489 0.2745 0.2941 0.2706
v 0.880162 -0.056103 0.396044 0.7529 0.7059 0.2431
v 0.945859 -0.162824 0.468679 0.2706 0.2980 0.2706
v 0.874000 -0.024735 0.477946 0.6706 0.6235 0.1922
v 0.817944 0.194910 0.472184 0.5843 0.5569 0.5255
v 0.917677 -0.007609 0.491138 0.7059 0.7020 0.6863
v 0.835857 0.123078 0.539360 0.7059 0.7020 0.6941
v 0.862802 -0.125257 0.458504 0.7569 0.7294 0.6980
v 0.884447 0.172220 0.524430 0.4627 0.6078 0.4863
v 0.832732 -0.116105 0.432213 0.7922 0.7412 0.3725
v 0.803013 -0.121288 0.543746 0.7647 0.6706 0.2471
v 0.854085 0.180252 0.472552 0.7294 0.7255 0.7176
v 0.861471 0.216500 0.508152 0.1373 0.2706 0.1725
v 0.900095 0.076271 0.463748 0.6549 0.6588 0.4941
v 0.853171 -0.164229 0.566835 0.8471 0.8118 0.7765
v 0.879631 0.130291 0.561018 0.2863 0.3765 0.2039
v 0.832121 0.006754 0.488365 0.7059 0.7098 0.6863
v 0.739914 0.073257 0.654193 0.7804 0.7608 0.4431
v 0.799139 0.212306 0.616981 0.1333 0.1137 0.0902
v 0.915049 0.177584 0.571438 0.1647 0.1137 0.0902
v 0.860746 0.099849 0.565811 0.7412 0.7373 0.7216
v 0.816157 -0.043633 0.496215 0.7608 0.7451 0.7333
v 0.926298 -0.248005 0.622937 0.2784 0.2902 0.2471
v 0.843369 0.213437 0.441852 0.7529 0.7490 0.7333
v 0.844307 -0.207614 0.605656 0.2745 0.2824 0.2314
v 0.775635 0.198501 0.506039 0.5412 0.3882 0.3608
v 0.912869 -0.129336 0.576811 0.7059 0.2941 0.2078
v 0.831352 -0.089225 0.484135 0.7529 0.7333 0.7216
v 0.857328 -0.222622 0.604869 0.2706 0.2902 0.2627
v 0.826129 -0.040089 0.604314 0.2784 0.2745 0.1647
v 0.807258 -0.210510 0.528403 0.6275 0.5765 0.5098
v 0.836785 -0.138464 0.624886 0.4667 0.4314 0.3961
v 0.763912 0.082792 0.505158 0.5020 0.5137 0.2431
v 0.825721 0.109414 0.524699 0.7412 0.7255 0.7137
v 0.731429 -0.162555 0.616349 0.8824 0.8431 0.8353
v 0.882760 0.270608 0.569755 0.5765 0.4784 0.2196
v 0.810277 0.012471 0.586545 0.7490 0.7333 0.6863
v 0.795998 -0.108834 0.512111 0.2549 0.2784 0.2392
v 0.845343 0.226604 0.579704 0.2275 0.1922 0.1569
v 0.785164 -0.246157 0.629421 0.6196 0.5725 0.5176
v 0.923229 0.046684 0.567460 0.7412 0.7451 0.7216
v 0.841691 -0.197157 0.613686 0.4902 0.4471 0.4314
v 0.856725 0.210108 0.543985 0.2824 0.2392 0.2314
v 0.830157 -0.172897 0.495075 0.5137 0.4980 0.4627
v 0.768030 0.280038 0.570218 0.1176 0.0980 0.0824
v 0.760689 -0.065902 0.564627 0.3294 0.4039 0.2941
v 0.909442 0.128966 0.460409 0.5216 0.5294 0.3451
v 0.769222 0.178947 0.542793 0.2157 0.2314 0.1725
v 0.908843 0.164219 0.645618 0.6196 0.5882 0.5373
v 0.825426 -0.021288 0.596375 0.7176 0.6902 0.6510
v 0.905565 0.240204 0.671064 0.7451 0.7490 0.7294
v 0.804672 0.139677 0.594399 0.7333 0.7294 0.7137
v 0.889610 -0.119691 0.586929 0.7451 0.7490 0.7255
v 0.791105 -0.028854 0.524863 0.2784 0.3804 0.1020
v 0.783618 -0.023768 0.575302 0.7373 0.7333 0.7137
v 0.825827 -0.174444 0.526057 0.2392 0.2706 0.2275
v 0.838499 -0.051772 0.649443 0.2039 0.2157 0.1725
v 0.759775 0.158090 0.591911 0.5647 0.6196 0.3882
v 0.895097 0.011595 0.618721 0.7373 0.7412 0.7176
v 0.851159 0.070167 0.636109 0.8275 0.7922 0.6706
v 0.791611 -0.045979 0.552256 0.8157 0.7490 0.3255
v 0.758396 -0.141135 0.621041 0.6471 0.6118 0.5451
v 0.767879 0.100168 0.530491 0.7451 0.7294 0.7255
v 0.913748 -0.104408 0.548507 0.4588 0.4314 0.4000
v 0.868175 -0.149176 0.499307 0.7961 0.7804 0.7451
v 0.780282 -0.231040 0.525995 0.2941 0.3255 0.2824
v 0.883900 -0.007976 0.483546 0.7373 0.7333 0.7255
v 0.759442 0.179718 0.636958 0.1725 0.3569 0.2157
v 0.851754 0.034643 0.503308 0.3529 0.3373 0.2902
v 0.849018 -0.044731 0.545108 0.7137 0.6784 0.6510
v 0.845560 0.018765 0.501000 0.7451 0.7412 0.7255
v 0.815224 -0.180456 0.485203 0.3098 0.3490 0.3176
v 0.810758 0.012925 0.574676 0.6627 0.6275 0.5686
v 0.835393 0.251582 0.491020 0.6314 0.5843 0.5843
v 0.792738 -0.246627 0.572757 0.2706 0.2824 0.2471
v 0.846045 0.231421 0.568278 0.4510 0.2706 0.1686
v 0.797921 -0.070321 0.542717 0.4039 0.5255 0.2510
v 0.840094 -0.187612 0.481450 0.2941 0.3020 0.2510
v 0.884844 -0.006713 0.633906 0.4431 0.6353 0.3255
v 0.900653 -0.094898 0.602214 0.2588 0.2706 0.2275
v 0.781748 -0.110760 0.543236 0.2784 0.2902 0.2627
v 0.953507 -0.012001 0.618038 0.6275 0.7294 0.4902
v 0.777969 -0.074519 0.562830 0.7843 0.7647 0.7412
v 0.875018 0.185145 0.501444 0.2235 0.2667 0.2039
v 0.847171 0.195656 0.527415 0.7255 0.7216 0.7059
v 0.845758 0.117180 0.522743 0.6941 0.6902 0.6745
v 0.868669 -0.192256 0.576839 0.8627 0.8627 0.8235
v 0.806932 0.119126 0.626655 0.2510 0.2863 0.1176
v 0.862934 0.046802 0.585650 0.4471 0.4235 0.3765
v 0.774894 0.007366 0.515040 0.7412 0.7373 0.7216
v 0.852923 -0.027283 0.503778 0.7608 0.7137 0.2745
v 0.833905 0.226464 0.556478 0.1843 0.2235 0.1922
v 0.845892 -0.221978 0.618217 0.5922 0.5569 0.4980
v 0.799761 -0.128365 0.621004 0.2706 0.2941 0.2549
v 0.760516 0.124935 0.504047 0.2706 0.4196 0.2275
v 0.838352 -0.131937 0.510561 0.6353 0.6078 0.5373
v 0.865499 -0.172028 0.511007 0.5059 0.4902 0.4471
v 0.753936 -0.022232 0.707082 0.2549 0.2863 0.1961
v 0.770887 -0.217207 0.713867 0.2784 0.2863 0.3451
v 0.740372 -0.209606 0.603116 0.8510 0.8588 0.9098
v 0.786781 -0.017486 0.686327 0.7569 0.7529 0.7451
v 0.771288 0.211001 0.632363 0.1451 0.3373 0.2118
v 0.775517 0.118862 0.651121 0.4353 0.4196 0.2353
v 0.792767 -0.225255 0.653630 0.7725 0.7725 0.8196
v 0.746137 0.231273 0.573874 0.2235 0.2706 0.2314
v 0.646033 0.037037 0.672317 0.4118 0.4000 0.3333
v 0.809841 0.225505 0.621331 0.0627 0.0588 0.0510
v 0.838449 -0.072630 0.641807 0.2000 0.2235 0.1843
v 0.709142 0.211537 0.596234 0.2392 0.4000 0.2667
v 0.729348 -0.051284 0.640018 0.5843 0.6824 0.4549
v 0.751533 -0.267438 0.549090 0.2706 0.2863 0.2275
v 0.729090 0.208652 0.590246 0.7098 0.7059 0.6980
v 0.795407 0.219117 0.610411 0.6431 0.5647 0.5686
v 0.823882 -0.005939 0.656756 0.6941 0.6667 0.6353
v 0.785624 0.207884 0.637993 0.2392 0.2863 0.2314
v 0.791920 -0.025958 0.653879 0.2000 0.2235 0.1765
v 0.663982 -0.212610 0.625804 0.2863 0.3255 0.2824
v 0.792036 0.193180 0.589542 0.2118 0.2431 0.1922
v 0.749947 -0.035331 0.652753 0.5843 0.5412 0.3294
v 0.797184 0.134142 0.631668 0.5176 0.5020 0.3176
v 0.860444 0.130848 0.708156 0.9216 0.8706 0.7333
v 0.792435 -0.135361 0.710989 0.2824 0.3020 0.2745
v 0.810280 -0.077969 0.611987 0.7725 0.7529 0.7412
v 0.769508 -0.000239 0.587376 0.6314 0.7333 0.4941
v 0.817690 -0.184929 0.617290 0.2549 0.2784 0.2392
v 0.655965 0.010564 0.606322 0.7490 0.7333 0.7373
v 0.762747 0.203543 0.567517 0.3765 0.4235 0.3843
v 0.829801 0.224293 0.667507 0.6980 0.6784 0.6667
v 0.804620 -0.007447 0.524056 0.3608 0.6118 0.2824
v 0.768337 -0.164290 0.630353 0.9176 0.6706 0.4588
v 0.742284 0.134105 0.621271 0.1725 0.1843 0.1412
v 0.835340 -0.206545 0.629932 0.2980 0.3294 0.2784
v 0.892439 0.030886 0.634663 0.6863 0.6863 0.6784
v 0.739789 -0.161579 0.657113 0.8784 0.8706 0.8824
v 0.745722 -0.083788 0.624099 0.3216 0.2863 0.2510
v 0.785286 -0.058541 0.571476 0.7529 0.7333 0.7216
v 0.763607 -0.235347 0.634699 0.3020 0.3255 0.2863
v 0.744811 -0.237187 0.682282 0.3020 0.3059 0.3137
v 0.818422 -0.096609 0.595955 0.8039 0.7922 0.7569
v 0.695899 -0.247005 0.605280 0.4392 0.4431 0.4235
v 0.831388 0.049051 0.692519 0.8078 0.8196 0.6510
v 0.806421 -0.086673 0.656381 0.7843 0.7255 0.2588
v 0.760924 -0.152239 0.630720 0.2549 0.2784 0.2392
v 0.773549 0.123831 0.692962 0.7294 0.7255 0.7176
v 0.725430 0.122045 0.604578 0.6941 0.6588 0.6314
v 0.832328 0.111542 0.684817 0.7333 0.7294 0.7216
v 0.789108 0.063479 0.661056 0.7412 0.7373 0.7294
v 0.909409 -0.113655 0.686824 0.4784 0.4588 0.4353
v 0.722213 -0.117138 0.661532 0.7765 0.7255 0.3176
v 0.818444 0.035729 0.578723 0.6980 0.6784 0.6549
v 0.706421 0.257446 0.671197 0.1137 0.0902 0.0902
v 0.814043 -0.183779 0.656329 0.2706 0.2980 0.2706
v 0.721435 0.128614 0.599907 0.7373 0.7333 0.7176
v 0.827938 0.074579 0.681863 0.2902 0.2824 0.2000
v 0.747401 0.182170 0.617453 0.2392 0.2863 0.2392
v 0.791834 -0.238441 0.667303 0.2706 0.2471 0.2000
v 0.828697 -0.086574 0.623553 0.7529 0.7569 0.7373
v 0.723533 0.128415 0.650937 0.2314 0.2667 0.2000
v 0.750886 0.212787 0.597217 0.2235 0.2627 0.2196
v 0.742350 0.143038 0.612193 0.2588 0.2902 0.2314
v 0.753347 0.191155 0.524317 0.1725 0.1882 0.1294
v 0.738641 0.038801 0.719389 0.2000 0.2078 0.1569
v 0.677949 0.055880 0.678178 0.4510 0.4745 0.3020
v 0.710801 0.190013 0.664374 0.7373 0.7333 0.7137
v 0.844085 0.055457 0.710563 0.2078 0.3569 0.1255
v 0.741489 -0.149094 0.595677 0.3608 0.3294 0.3176
v 0.702048 0.132664 0.534353 0.1961 0.2392 0.1137
v 0.793955 0.227987 0.650683 0.7569 0.7529 0.7373
v 0.757194 0.111148 0.637551 0.7255 0.7216 0.7059
v 0.727000 -0.015347 0.584225 0.3529 0.3255 0.2941
v 0.848890 0.228286 0.612543 0.6510 0.5608 0.5922
v 0.850425 0.098618 0.571203 0.7216 0.7059 0.6941
v 0.783217 0.023199 0.624587 0.2196 0.2314 0.1569
v 0.851514 -0.224171 0.588592 0.2667 0.2863 0.2588
v 0.856878 -0.001556 0.543903 0.7922 0.8510 0.6902
v 0.727687 -0.055182 0.642753 0.7647 0.7451 0.7333
v 0.827940 0.131195 0.593667 0.2471 0.2431 0.1255
v 0.724076 -0.140244 0.654005 0.3020 0.3216 0.3059
v 0.803278 0.075154 0.737052 0.7451 0.7412 0.7255
v 0.699640 0.134997 0.686661 0.2196 0.3804 0.2157
v 0.717216 0.014620 0.710398 0.3647 0.3490 0.3020
v 0.690339 -0.240207 0.679101 0.8314 0.8314 0.8392
v 0.704453 -0.226201 0.633028 0.2431 0.2667 0.2275
v 0.749736 0.170616 0.706849 0.7294 0.7255 0.7176
v 0.721673 0.200020 0.683581 0.1255 0.3059 0.1961
v 0.661738 -0.087035 0.661357 0.6314 0.5686 0.5098
v 0.812867 0.175693 0.678471 0.5490 0.6196 0.3843
v 0.757027 0.206070 0.657037 0.7294 0.7333 0.7098
v 0.700832 0.183266 0.756903 0.2039 0.2745 0.1255
v 0.734265 0.003528 0.662132 0.7529 0.7490 0.7412
v 0.649189 -0.028123 0.675713 0.7569 0.7529 0.7451
v 0.674782 -0.134033 0.766107 0.2745 0.2941 0.2667
v 0.722810 -0.058943 0.496610 0.7725 0.7137 0.2549
v 0.650626 0.185471 0.789800 0.2431 0.3961 0.2235
v 0.753965 0.031976 0.624773 0.7569 0.7529 0.7451
v 0.782557 0.091683 0.687522 0.7412 0.7882 0.6078
v 0.635463 -0.044515 0.653527 0.5059 0.4902 0.4549
v 0.754010 0.093811 0.678042 0.7333 0.7294 0.7216
v 0.748270 -0.229745 0.747023 0.2667 0.2863 0.2588
v 0.689468 0.153937 0.758334 0.7412 0.7451 0.7255
v 0.746868 -0.134915 0.771376 0.2627 0.2863 0.2471
v 0.740972 0.101863 0.706182 0.3961 0.3608 0.3255
v 0.737923 -0.145516 0.684847 0.3882 0.3922 0.3686
v 0.809987 0.180411 0.733994 0.0471 0.0667 0.0510
v 0.704318 0.085516 0.746142 0.7294 0.5020 0.4078
v 0.658029 0.080355 0.640760 0.7373 0.7333 0.7255
v 0.775802 -0.220385 0.727880 0.8392 0.8510 0.8706
v 0.826166 0.053086 0.669776 0.8314 0.8549 0.7137
v 0.766099 -0.210060 0.650318 0.2667 0.2863 0.2627
v 0.894774 0.237983 0.718044 0.5961 0.6039 0.5843
v 0.776847 0.171885 0.703201 0.7373 0.7333 0.7255
v 0.763167 -0.223285 0.809677 0.2784 0.3020 0.2627
v 0.803613 -0.037930 0.625752 0.3098 0.5569 0.2824
v 0.719045 0.248651 0.746458 0.7333 0.7294 0.7216
v 0.756924 -0.094971 0.654764 0.3804 0.3843 0.3608
v 0.752643 0.068688 0.705964 0.7451 0.7255 0.7137
v 0.727357 0.132864 0.667138 0.6941 0.7216 0.5216
v 0.637284 0.176431 0.696481 0.7176 0.7137 0.7059
v 0.775001 -0.002925 0.652537 0.7216 0.6941 0.6627
v 0.608541 0.071658 0.593613 0.7608 0.6549 0.4863
v 0.714900 -0.147217 0.713467 0.2588 0.2706 0.2353
v 0.744391 0.119883 0.710006 0.7412 0.7216 0.7098
v 0.766312 -0.071856 0.677065 0.6941 0.6549 0.6157
v 0.760925 0.188904 0.686950 0.0588 0.0667 0.0549
v 0.705019 0.201039 0.736514 0.7333 0.7294 0.7216
v 0.620053 -0.042361 0.648505 0.2118 0.2431 0.1529
v 0.725950 0.030570 0.745024 0.6275 0.7804 0.5176
v 0.684045 -0.052504 0.803778 0.8314 0.8157 0.7804
v 0.700262 -0.038073 0.738708 0.5686 0.5529 0.2118
v 0.701005 -0.153898 0.672623 0.7686 0.7255 0.2627
v 0.741189 -0.154472 0.691113 0.8039 0.7451 0.2784
v 0.767311 0.191612 0.766190 0.1216 0.3020 0.1922
v 0.731345 0.180737 0.706623 0.6039 0.6667 0.6157
v 0.777216 0.183534 0.704309 0.7176 0.7137 0.6980
v 0.726698 -0.193279 0.741839 0.3922 0.4157 0.4000
v 0.695564 -0.074289 0.667852 0.7804 0.7608 0.7490
v 0.779296 -0.123957 0.651879 0.7216 0.6784 0.2235
v 0.646024 -0.218615 0.698091 0.2863 0.3176 0.2745
v 0.688692 -0.213196 0.702271 0.2863 0.2941 0.2745
v 0.779006 -0.216484 0.641224 0.2941 0.3176 0.3020
v 0.773407 -0.087119 0.680233 0.4353 0.4235 0.3961
v 0.769709 0.226394 0.665585 0.7137 0.6941 0.6824
v 0.770828 0.109944 0.612908 0.6314 0.6118 0.4863
v 0.708718 -0.183215 0.656478 0.8588 0.7922 0.8235
v 0.654724 -0.221813 0.643904 0.2902 0.2980 0.2431
v 0.740108 -0.206412 0.657655 0.8549 0.8392 0.8275
v 0.729297 0.177767 0.719960 0.7333 0.7294 0.7216
v 0.704890 -0.015036 0.628066 0.5255 0.6510 0.4039
v 0.806513 -0.111717 0.649089 0.6314 0.5333 0.3098
v 0.808387 -0.054353 0.713249 0.6196 0.6275 0.5765
v 0.766826 -0.075818 0.635562 0.7882 0.7373 0.7059
v 0.704248 -0.192150 0.696459 0.8549 0.8392 0.8353
v 0.703799 0.017285 0.699393 0.7255 0.7922 0.5882
v 0.746354 -0.045718 0.702802 0.7529 0.7490 0.7412
v 0.747391 0.233036 0.663862 0.7294 0.7333 0.7020
v 0.750714 -0.093315 0.706531 0.8000 0.7843 0.5451
v 0.812947 -0.156271 0.601999 0.3176 0.3412 0.3333
v 0.631752 0.192932 0.687585 0.1529 0.1216 0.0706
v 0.719304 -0.178300 0.836058 0.2706 0.3020 0.2588
v 0.604211 0.019254 0.605652 0.5804 0.5686 0.1961
v 0.654124 0.094731 0.733498 0.7333 0.7137 0.5569
v 0.595080 0.024437 0.757289 0.3490 0.3529 0.3294
v 0.718301 0.037887 0.672371 0.6157 0.5804 0.1686
v 0.667417 -0.107242 0.768485 0.8078 0.7333 0.2588
v 0.697411 -0.012208 0.663941 0.7412 0.7373 0.7216
v 0.694052 0.227373 0.814511 0.7137 0.7176 0.6980
v 0.754846 -0.138658 0.736285 0.6196 0.5922 0.5294
v 0.641203 0.044822 0.758786 0.7059 0.6549 0.2039
v 0.642773 0.224377 0.766371 0.3059 0.2588 0.2118
v 0.599587 0.035074 0.732138 0.7176 0.7216 0.7020
v 0.811944 0.245828 0.742154 0.1412 0.3333 0.2196
v 0.632823 -0.088583 0.769224 0.6392 0.5765 0.5255
v 0.724712 -0.230308 0.733007 0.2549 0.2745 0.2471
v 0.664760 0.033290 0.833345 0.1255 0.1176 0.0353
v 0.691011 0.033618 0.728775 0.7451 0.6980 0.2667
v 0.680325 0.164314 0.759141 0.5412 0.5647 0.3216
v 0.686996 0.234762 0.732955 0.2157 0.2588 0.2039
v 0.658570 -0.151833 0.736265 0.2706 0.2824 0.2549
v 0.705834 -0.071500 0.819341 0.6353 0.6314 0.6118
v 0.597537 -0.001780 0.765723 0.7529 0.7059 0.2353
v 0.769280 -0.024579 0.747625 0.4510 0.4196 0.3686
v 0.635191 0.225048 0.739308 0.2039 0.2588 0.2078
v 0.650559 -0.075906 0.728602 0.3176 0.2745 0.2588
v 0.668162 -0.180035 0.729534 0.2902 0.3098 0.2941
v 0.624455 0.049032 0.685299 0.6314 0.5804 0.5569
v 0.714562 -0.012588 0.776985 0.2078 0.4863 0.2118
v 0.711968 -0.050446 0.792347 0.7882 0.7686 0.7569
v 0.614015 0.065657 0.776276 0.7059 0.7020 0.6941
v 0.706091 0.003642 0.635473 0.1843 0.4549 0.2000
v 0.631116 -0.066825 0.777762 0.3725 0.3373 0.3020
v 0.659688 -0.170476 0.812027 0.9137 0.6588 0.4000
v 0.643501 0.018822 0.749826 0.2627 0.5294 0.2431
v 0.714159 0.106765 0.757702 0.4980 0.5059 0.2510
v 0.639883 0.251370 0.764459 0.3765 0.5059 0.4000
v 0.629655 -0.134369 0.773359 0.2902 0.3216 0.2784
v 0.693541 -0.159226 0.818726 0.4549 0.4549 0.4235
v 0.660699 0.007221 0.737169 0.8314 0.8431 0.6275
v 0.559961 0.250644 0.761837 0.2196 0.2627 0.2314
v 0.645959 0.211077 0.737213 0.1529 0.3255 0.2275
v 0.601925 -0.219627 0.715293 0.6235 0.6314 0.6824
v 0.653931 -0.223012 0.750442 0.9412 0.8275 0.8471
v 0.684239 0.099014 0.706445 0.7529 0.6824 0.6745
v 0.700900 0.077448 0.739649 0.7294 0.5686 0.4980
v 0.615557 -0.111280 0.761197 0.3020 0.2902 0.2627
v 0.630663 -0.238509 0.746949 0.2745 0.2941 0.2667
v 0.630554 0.058835 0.745842 0.4275 0.3216 0.2784
v 0.689344 0.114186 0.705935 0.7098 0.6980 0.4902
v 0.701873 0.056046 0.828212 0.5529 0.5451 0.4627
v 0.743011 0.191895 0.713004 0.4196 0.4118 0.3294
v 0.568507 0.195425 0.690417 0.7098 0.7137 0.6902
v 0.717208 0.195163 0.795579 0.2000 0.3137 0.2353
v 0.654716 0.210389 0.786685 0.7255 0.7294 0.7098
v 0.655179 -0.155768 0.709441 0.2667 0.2980 0.2549
v 0.564200 -0.262832 0.728500 0.2902 0.3098 0.2824
v 0.672470 -0.167732 0.821783 0.2706 0.2941 0.2549
v 0.680142 0.247559 0.732261 0.0667 0.0745 0.0627
v 0.651203 0.064425 0.635300 0.2471 0.3804 0.1804
v 0.600476 -0.038265 0.704254 0.7686 0.7686 0.7294
v 0.765058 -0.032800 0.761280 0.3765 0.3373 0.3020
v 0.657550 0.182167 0.726551 0.2471 0.2941 0.2471
v 0.599624 -0.000340 0.795544 0.2157 0.2078 0.1608
v 0.702071 0.236177 0.812701 0.4353 0.4706 0.4902
v 0.693493 -0.107489 0.732899 0.8157 0.7373 0.2863
v 0.725945 0.246346 0.782409 0.5216 0.5882 0.5490
v 0.609963 0.146221 0.778007 0.7255 0.7216 0.7137
v 0.730003 0.039016 0.777646 0.8196 0.8000 0.5490
v 0.721702 0.145889 0.759648 0.6863 0.7647 0.5333
v 0.583574 0.252204 0.742206 0.4706 0.5098 0.5451
v 0.696625 -0.017730 0.794775 0.6392 0.5843 0.1961
v 0.634798 -0.125183 0.732027 0.2784 0.2902 0.2627
v 0.553390 0.034434 0.677795 0.4510 0.4549 0.4314
v 0.713326 0.027882 0.736943 0.6980 0.7843 0.6039
v 0.666704 0.148746 0.783758 0.5412 0.5412 0.4000
v 0.619851 -0.177456 0.808286 0.8706 0.8157 0.8118
v 0.706967 0.094199 0.740064 0.7333 0.7294 0.7216
v 0.600612 0.241677 0.713123 0.1882 0.2824 0.2196
v 0.667678 -0.030525 0.707101 0.3529 0.3373 0.2941
v 0.610841 0.062951 0.831431 0.6706 0.6353 0.6471
v 0.584349 -0.104932 0.800777 0.3765 0.3373 0.3294
v 0.686212 -0.024531 0.813358 0.7451 0.7294 0.7255
v 0.606411 0.141945 0.825859 0.6353 0.6275 0.2863
v 0.624891 0.089932 0.786319 0.7294 0.7255 0.7176
v 0.640945 0.263170 0.851559 0.3412 0.4549 0.3686
v 0.640012 0.172601 0.796713 0.2627 0.2941 0.2353
v 0.607285 -0.117113 0.828861 0.6431 0.6196 0.1882
v 0.574284 0.222155 0.783069 0.5765 0.5922 0.6392
v 0.551073 0.181884 0.804456 0.2392 0.2667 0.2039
v 0.563272 0.033254 0.877029 0.3098 0.3176 0.2667
v 0.629062 -0.055467 0.849481 0.4235 0.6314 0.3569
v 0.574066 0.195424 0.801320 0.7137 0.7098 0.7020
v 0.572551 0.121870 0.810505 0.7020 0.6588 0.1961
v 0.535861 0.217763 0.821415 0.2196 0.2549 0.1725
v 0.650632 0.254513 0.837909 0.7137 0.7137 0.7059
v 0.646069 -0.198969 0.878356 0.2980 0.3176 0.2902
v 0.523581 0.055157 0.841064 0.7490 0.7333 0.7294
v 0.520988 0.130132 0.827342 0.6275 0.6196 0.2863
v 0.609075 -0.025016 0.806276 0.3529 0.3216 0.1373
v 0.550461 0.175234 0.758357 0.7647 0.7686 0.4706
v 0.648542 -0.123077 0.738779 0.2745 0.2863 0.2588
v 0.534246 0.174136 0.872285 0.2706 0.3020 0.2431
v 0.528127 -0.135345 0.840260 0.2471 0.2784 0.2353
v 0.567744 -0.081855 0.798238 0.8196 0.8196 0.7725
v 0.597989 -0.182220 0.830245 0.2902 0.3098 0.2824
v 0.639206 0.134594 0.783786 0.5843 0.5961 0.1922
v 0.617405 0.011286 0.794498 0.7294 0.6824 0.2196
v 0.640335 -0.224790 0.836809 0.5765 0.6039 0.5765
v 0.635295 -0.230830 0.745742 0.2667 0.2863 0.2627
v 0.657652 0.149201 0.810164 0.5490 0.5686 0.1647
v 0.588879 -0.097269 0.781358 0.2784 0.2902 0.2627
v 0.623036 0.156740 0.880745 0.2392 0.3882 0.2039
v 0.548581 0.190213 0.783607 0.4275 0.5255 0.4078
v 0.652361 0.136553 0.791941 0.6118 0.6078 0.3529
v 0.623740 -0.186860 0.753652 0.8118 0.7216 0.3569
v 0.532287 -0.136366 0.826873 0.6157 0.6314 0.6353
v 0.588576 0.073258 0.819143 0.7098 0.7216 0.6941
v 0.565944 -0.235110 0.770977 0.2706 0.2941 0.2549
v 0.592429 0.031968 0.788545 0.4275 0.4157 0.3569
v 0.624341 -0.120562 0.827355 0.3765 0.3804 0.3490
v 0.613862 0.123216 0.873474 0.6196 0.6392 0.4118
v 0.488173 -0.234010 0.740933 0.5451 0.4863 0.5059
v 0.613591 -0.090099 0.737926 0.8235 0.8235 0.7765
v 0.534304 0.186963 0.709294 0.2000 0.3490 0.1961
v 0.521254 0.262923 0.778759 0.1804 0.3294 0.2471
v 0.603390 -0.103633 0.809073 0.7804 0.7294 0.2784
v 0.604812 0.121047 0.815563 0.7216 0.6471 0.3373
v 0.565688 -0.218768 0.849609 0.8863 0.8196 0.7922
v 0.547918 0.264751 0.788461 0.1490 0.3412 0.2157
v 0.646073 -0.099301 0.785917 0.7922 0.7333 0.2667
v 0.603012 -0.219216 0.761015 0.2627 0.2902 0.2627
v 0.617216 0.016210 0.766795 0.6078 0.5882 0.1882
v 0.562621 0.087279 0.806037 0.7294 0.7255 0.7098
v 0.553840 -0.026129 0.788946 0.7373 0.7098 0.6784
v 0.634503 -0.248562 0.700454 0.2588 0.2784 0.2510
v 0.643320 0.222254 0.761235 0.2235 0.2549 0.1961
v 0.676903 0.115752 0.779845 0.9216 0.8314 0.6667
v 0.568340 -0.180088 0.725652 0.2627 0.2941 0.2510
v 0.721793 0.073174 0.867983 0.1922 0.3608 0.1490
v 0.623961 0.085146 0.810883 0.7333 0.7294 0.7137
v 0.601646 0.013035 0.812461 0.6275 0.6000 0.1843
v 0.583735 0.210988 0.798539 0.4706 0.5255 0.1843
v 0.589157 0.213826 0.783843 0.1569 0.3529 0.2078
v 0.619008 -0.234430 0.822372 0.3725 0.4078 0.3961
v 0.530474 -0.185680 0.784992 0.4941 0.4824 0.4549
v 0.656589 -0.103109 0.805704 0.2863 0.2980 0.2706
v 0.581642 -0.250792 0.762430 0.4000 0.4118 0.4392
v 0.593658 -0.148121 0.800517 0.3765 0.3843 0.3804
v 0.542192 0.198944 0.860176 0.2235 0.3451 0.1804
v 0.607078 -0.032108 0.780772 0.2588 0.5608 0.2471
v 0.567461 -0.201728 0.834134 0.7882 0.7098 0.3294
v 0.640144 -0.155880 0.761978 0.7961 0.7294 0.2745
v 0.611281 -0.236709 0.711392 0.3882 0.4314 0.4157
v 0.622019 0.002074 0.835177 0.7412 0.7373 0.7294
v 0.662809 -0.168889 0.885499 0.2549 0.2667 0.2235
v 0.524741 -0.267204 0.744677 0.2745 0.2863 0.2588
v 0.614057 -0.239130 0.827830 0.6118 0.6157 0.5922
v 0.545476 -0.061221 0.740868 0.5255 0.5333 0.4471
v 0.640978 0.232565 0.719991 0.1961 0.2902 0.2275
v 0.492483 0.125595 0.810584 0.4941 0.5843 0.3804
v 0.519646 -0.213528 0.905894 0.3059 0.3137 0.2706
v 0.473296 0.017392 0.777649 0.5961 0.5765 0.1765
v 0.470619 0.061644 0.791654 0.6824 0.6667 0.6235
v 0.535486 -0.137513 0.882892 0.2824 0.3059 0.2667
v 0.472608 -0.225769 0.810728 0.4667 0.4706 0.4471
v 0.574784 0.204249 0.863449 0.4863 0.5529 0.3373
v 0.536081 -0.225565 0.823012 0.6157 0.5686 0.5137
v 0.613288 -0.012473 0.847008 0.5098 0.4824 0.4588
v 0.510116 0.168496 0.827655 0.2627 0.3059 0.2824
v 0.535042 -0.016605 0.807990 0.4314 0.4196 0.3922
v 0.523145 -0.103378 0.823724 0.7686 0.7373 0.6549
v 0.572839 0.055914 0.843272 0.2471 0.5373 0.2353
v 0.500016 0.003952 0.947144 0.7412 0.7059 0.6706
v 0.500611 -0.062796 0.801323 0.4431 0.4275 0.3922
v 0.557894 -0.093586 0.871361 0.7490 0.6980 0.2588
v 0.454313 0.148119 0.783026 0.7373 0.6353 0.5451
v 0.555258 -0.257129 0.866765 0.8667 0.8510 0.8157
v 0.502488 -0.250715 0.859626 0.2588 0.2902 0.2392
v 0.471708 0.128618 0.818018 0.2627 0.3098 0.2627
v 0.496083 0.030325 0.897113 0.3647 0.3490 0.3020
v 0.574188 -0.195274 0.843388 0.2745 0.2980 0.2588
v 0.467024 0.197762 0.811060 0.7255 0.7216 0.7059
v 0.582342 0.256412 0.853664 0.3608 0.4667 0.2039
v 0.554923 -0.120600 0.900613 0.4275 0.4039 0.4039
v 0.525279 -0.166471 0.838401 0.7647 0.6980 0.2353
v 0.478154 0.033345 0.859361 0.8157 0.7608 0.3333
v 0.540007 -0.213247 0.878706 0.4314 0.4275 0.4471
v 0.582096 -0.234375 0.891720 0.9647 0.8157 0.8039
v 0.450067 0.045467 0.838258 0.7647 0.7176 0.2392
v 0.512100 0.000793 0.806785 0.7255 0.7137 0.6863
v 0.455074 0.165867 0.819353 0.2667 0.3098 0.2784
v 0.491752 -0.156234 0.813262 0.7882 0.7922 0.7725
v 0.535815 -0.032743 0.867277 0.5686 0.6941 0.4471
v 0.496176 0.150177 0.895235 0.9098 0.7843 0.7333
v 0.494042 -0.071882 0.864982 0.7686 0.7490 0.4824
v 0.492290 0.172277 0.878570 0.4118 0.4902 0.2078
v 0.467287 -0.181289 0.756401 0.7686 0.7255 0.3020
v 0.625129 0.026956 0.913935 0.7373 0.7333 0.7176
v 0.557654 -0.144912 0.858076 0.8000 0.7412 0.2902
v 0.538843 -0.188306 0.839496 0.8392 0.5725 0.5686
v 0.596542 0.186974 0.763225 0.6000 0.6157 0.2824
v 0.482342 -0.214275 0.693607 0.2863 0.2980 0.2706
v 0.559205 0.113382 0.849738 0.2863 0.3294 0.2980
v 0.509415 -0.099524 0.851967 0.8392 0.8039 0.7686
v 0.495256 -0.102963 0.823360 0.6235 0.5961 0.1804
v 0.537765 -0.008134 0.962902 0.8157 0.7608 0.4157
v 0.557255 -0.161299 0.855168 0.7647 0.7647 0.7647
v 0.408170 0.202570 0.895684 0.7137 0.7098 0.6941
v 0.457821 -0.191137 0.921023 0.2745 0.3059 0.2549
v 0.428197 0.043421 0.814676 0.2902 0.2549 0.2196
v 0.545995 0.097344 0.844192 0.8039 0.7529 0.3020
v 0.490982 0.222812 0.749907 0.7529 0.8000 0.6588
v 0.518713 -0.029365 0.841964 0.7451 0.7451 0.7059
v 0.498818 0.171000 0.905202 0.4667 0.5098 0.2039
v 0.494327 0.124294 0.867800 0.7059 0.6745 0.3412
v 0.535551 -0.238635 0.772939 0.2706 0.2902 0.2627
v 0.529343 0.177950 0.880470 0.2588 0.3020 0.2353
v 0.559396 0.142287 0.867194 0.7059 0.7020 0.6941
v 0.570758 0.123427 0.832228 0.7373 0.7020 0.6745
v 0.549998 -0.186916 0.859617 0.3098 0.3176 0.2745
v 0.473713 0.042163 0.801156 0.6157 0.5922 0.2078
v 0.584399 0.220134 0.920543 0.5255 0.5490 0.1961
v 0.573361 0.010620 0.860247 0.3961 0.3569 0.3176
v 0.592597 0.026589 0.897449 0.3137 0.2510 0.1882
v 0.450675 -0.136918 0.929600 0.2980 0.3098 0.2824
v 0.532808 -0.146592 0.825761 0.2235 0.2549 0.2980
v 0.523045 -0.266295 0.875428 0.8549 0.8353 0.8118
v 0.492760 0.222059 0.839866 0.2667 0.3176 0.2902
v 0.510843 -0.203870 0.849565 0.2902 0.3020 0.2745
v 0.538160 0.193487 0.762223 0.8314 0.7922 0.6510
v 0.486904 0.257710 0.894713 0.2510 0.4000 0.2157
v 0.514353 0.006596 0.851566 0.7608 0.7569 0.7412
v 0.546392 0.194449 0.774233 0.6078 0.6196 0.1765
v 0.485716 0.192049 0.888559 0.7176 0.7059 0.6784
v 0.522211 -0.206437 0.792145 0.2784 0.2902 0.2549
v 0.465206 -0.157037 0.800604 0.2706 0.2902 0.2667
v 0.462615 -0.063169 0.767550 0.5608 0.5412 0.5294
v 0.474485 -0.025871 0.850677 0.5098 0.4549 0.4039
v 0.539984 -0.253331 0.851623 0.2784 0.2902 0.2549
v 0.385089 -0.041728 0.852819 0.6549 0.5843 0.4980
v 0.494386 -0.084854 0.911969 0.8000 0.8078 0.7529
v 0.465291 -0.042603 0.891743 0.6706 0.5961 0.5294
v 0.476598 -0.017787 0.915500 0.7529 0.7373 0.7255
v 0.426486 0.200216 0.912943 0.2745 0.3020 0.2706
v 0.488986 0.068012 0.862340 0.2902 0.3333 0.2784
v 0.496178 -0.007902 0.865116 0.6196 0.5686 0.5020
v 0.463569 0.063730 0.904646 0.3333 0.3333 0.2863
v 0.488056 -0.222992 0.902618 0.8000 0.7216 0.2784
v 0.470407 0.067395 0.900578 0.6824 0.6588 0.2824
v 0.529487 0.177266 0.949543 0.3961 0.4784 0.1843
v 0.476815 0.228898 0.872985 0.1961 0.3412 0.1804
v 0.467787 -0.193756 0.871156 0.8902 0.5922 0.5412
v 0.468069 0.076215 0.934907 0.7647 0.7176 0.2392
v 0.423264 0.204763 0.828484 0.5255 0.5647 0.2941
v 0.434167 -0.082094 0.873654 0.7020 0.7843 0.4824
v 0.400349 0.089223 0.860456 0.2863 0.3137 0.2431
v 0.502460 0.095184 0.853593 0.8588 0.8078 0.7725
v 0.506685 -0.054081 0.974773 0.8118 0.7569 0.2784
v 0.528405 -0.138780 0.954734 0.7961 0.7333 0.2980
v 0.482984 -0.201403 0.945929 0.2902 0.3020 0.2745
v 0.393470 0.212571 0.901962 0.1882 0.3647 0.2353
v 0.390595 0.059148 0.877241 0.7569 0.7255 0.7176
v 0.495570 -0.173670 0.900050 0.7843 0.7412 0.3922
v 0.454010 -0.143124 0.955790 0.6588 0.6157 0.5451
v 0.336483 0.056214 0.836094 0.7843 0.7412 0.2549
v 0.525608 -0.204543 0.902513 0.3647 0.3490 0.3451
v 0.442982 -0.054753 0.898430 0.8118 0.8000 0.7647
v 0.390909 0.219165 0.885501 0.2588 0.2902 0.2392
v 0.457732 0.115138 0.791400 0.2588 0.2980 0.2667
v 0.471884 -0.029694 0.796651 0.5451 0.6549 0.4157
v 0.370422 -0.056769 0.828198 0.6275 0.5765 0.5098
v 0.403221 -0.289842 0.818465 0.4431 0.4471 0.4235
v 0.366913 -0.116143 0.885172 0.6353 0.5686 0.4902
v 0.493409 0.051766 0.935023 0.3059 0.3608 0.3098
v 0.383258 -0.099438 0.876933 0.6667 0.6039 0.5412
v 0.441587 -0.076949 0.883414 0.6471 0.5569 0.5255
v 0.486376 0.177654 0.862732 0.4431 0.4627 0.2000
v 0.478037 0.129313 0.903193 0.5922 0.5804 0.3725
v 0.541022 0.217529 0.916283 0.2706 0.3098 0.2745
v 0.408779 0.222505 0.861312 0.2706 0.3020 0.2510
v 0.451016 0.012171 0.902877 0.8157 0.7608 0.3412
v 0.459759 0.250393 0.851309 0.1804 0.3176 0.2000
v 0.496131 -0.000919 0.795099 0.6392 0.5961 0.5255
v 0.437369 0.018178 0.901187 0.2745 0.4510 0.2353
v 0.480540 -0.066253 0.812898 0.6549 0.6314 0.1922
v 0.420339 -0.116308 0.960204 0.4745 0.4392 0.4039
v 0.459809 -0.006096 0.827710 0.3529 0.5804 0.2510
v 0.412695 -0.095210 0.958170 0.5451 0.4863 0.4588
v 0.417673 -0.163965 0.876932 0.7882 0.6471 0.2706
v 0.422468 -0.196159 0.945760 0.4431 0.4392 0.4235
v 0.423100 0.001598 0.923310 0.6471 0.6353 0.2157
v 0.418789 0.181797 0.971370 0.5451 0.5804 0.2314
v 0.572074 0.044258 0.949898 0.6549 0.6353 0.1647
v 0.495277 -0.235648 0.801273 0.3059 0.3176 0.2824
v 0.434236 -0.093894 0.925660 0.8078 0.7529 0.2745
v 0.554385 0.039259 0.815875 0.3647 0.3098 0.2588
v 0.423203 0.196421 0.976222 0.1647 0.3569 0.2314
v 0.476922 0.026882 0.804526 0.7451 0.7412 0.7255
v 0.420591 0.041055 0.971200 0.3255 0.5569 0.2431
v 0.485705 0.174362 0.890884 0.6157 0.6196 0.2118
v 0.470078 -0.011815 0.842700 0.6667 0.6078 0.5333
v 0.444796 -0.242503 0.849553 0.8980 0.8235 0.8000
v 0.416555 0.152983 0.876671 0.2863 0.3098 0.2627
v 0.503299 0.178790 0.906857 0.5922 0.6000 0.1804
v 0.528150 -0.238132 0.913468 0.4627 0.4824 0.5569
v 0.457631 0.134511 0.877725 0.5569 0.5333 0.0941
v 0.426657 -0.031826 0.887022 0.6902 0.6784 0.2196
v 0.434555 -0.082567 0.968059 0.6471 0.5882 0.5059
v 0.480957 -0.209105 0.931110 0.7843 0.7176 0.2627
v 0.374805 -0.038929 0.901063 0.6392 0.5882 0.5216
v 0.430936 -0.016686 0.915219 0.2824 0.4314 0.1922
v 0.442624 -0.224829 0.868749 0.9765 0.8353 0.8745
v 0.439380 0.020543 0.953437 0.3216 0.3529 0.3098
v 0.489883 0.161094 0.920576 0.2941 0.3216 0.2588
v 0.498313 -0.194284 0.758722 0.2902 0.3098 0.2824
v 0.522620 -0.223148 0.931411 0.7961 0.5333 0.6000
v 0.394800 -0.182992 0.996211 0.7922 0.7333 0.2745
v 0.419405 0.242478 0.814914 0.1882 0.3647 0.2353
v 0.450544 -0.123628 0.945022 0.5765 0.5373 0.4902
v 0.391364 0.047777 1.013137 0.6745 0.6118 0.5490
v 0.357069 -0.137627 0.927095 0.7529 0.7294 0.4941
v 0.313254 -0.193389 0.997686 0.3098 0.3216 0.2863
v 0.385654 0.060582 0.858450 0.7686 0.7216 0.2431
v 0.364014 0.180694 0.939853 0.7804 0.8471 0.7216
v 0.395631 -0.191499 0.922845 0.6667 0.6196 0.5569
v 0.380161 0.156486 1.018694 0.2824 0.3216 0.2902
v 0.426420 0.052588 0.848420 0.7922 0.7529 0.7059
v 0.384978 0.212120 1.051428 0.5255 0.5765 0.2235
v 0.325236 0.063413 0.931158 0.2627 0.2235 0.1843
v 0.380098 -0.017328 0.839955 0.7569 0.7176 0.2353
v 0.334136 -0.124361 0.858259 0.7686 0.7216 0.2431
v 0.361108 -0.125260 0.898353 0.7098 0.6706 0.2275
v 0.416123 0.137979 0.877240 0.5765 0.5451 0.5020
v 0.412172 0.058048 0.927140 0.7725 0.7255 0.2471
v 0.311504 0.154767 0.947411 0.7020 0.6745 0.3216
v 0.342009 -0.125969 0.919000 0.6235 0.5647 0.4902
v 0.365490 -0.175231 0.917029 0.8314 0.8235 0.8275
v 0.333250 -0.208384 0.937021 0.8196 0.8235 0.8431
v 0.391416 -0.215213 0.962913 0.3176 0.3294 0.2863
v 0.419963 -0.050105 0.911215 0.8196 0.7647 0.2863
v 0.461183 0.154656 0.978929 0.3137 0.3608 0.3137
v 0.341358 0.077879 0.992619 0.5569 0.5490 0.0824
v 0.478735 0.041487 0.933871 0.3137 0.2784 0.2510
v 0.352820 -0.108264 0.876922 0.7490 0.7137 0.2471
v 0.338809 0.205796 1.002618 0.3216 0.4118 0.1373
v 0.399051 -0.201783 0.961259 0.7137 0.6667 0.6118
v 0.372948 -0.061655 0.967163 0.5725 0.7098 0.4510
v 0.397245 0.132791 0.909074 0.3020 0.3451 0.3137
v 0.513151 -0.252894 0.916592 0.7686 0.7098 0.2431
v 0.403653 0.098272 1.002447 0.3059 0.3412 0.2745
v 0.354769 -0.053124 0.933104 0.7608 0.7137 0.2431
v 0.359308 0.133780 0.967165 0.6980 0.6824 0.3020
v 0.448686 0.150951 0.892455 0.6431 0.6196 0.1804
v 0.383314 0.055213 0.911105 0.3294 0.3608 0.3020
v 0.380520 0.002117 0.959366 0.4549 0.6275 0.3333
v 0.365541 -0.125033 0.888106 0.6196 0.5686 0.5059
v 0.429880 0.214493 0.967263 0.3216 0.3373 0.2784
v 0.403996 -0.121198 0.912228 0.6588 0.6078 0.5412
v 0.287257 -0.259720 0.927609 0.4353 0.4196 0.4157
v 0.436292 0.233431 1.003815 0.8471 0.8471 0.8549
v 0.399186 0.218833 0.922650 0.2824 0.3255 0.2941
v 0.347579 -0.115887 0.947886 0.2863 0.2980 0.2549
v 0.341427 -0.103797 0.946410 0.6745 0.6549 0.1843
v 0.413414 0.137155 0.925845 0.5843 0.5529 0.5020
v 0.387869 0.233062 0.930176 0.2824 0.2980 0.2431
v 0.276954 -0.214651 0.896451 0.2510 0.2471 0.2392
v 0.402702 -0.236983 0.895171 0.6863 0.6353 0.5725
v 0.398920 -0.056321 0.900304 0.6510 0.6392 0.1804
v 0.359285 -0.243361 0.950993 0.7804 0.2431 0.3608
v 0.373728 0.215835 0.954265 0.4314 0.4980 0.2863
v 0.347882 0.227191 0.938958 0.2510 0.3647 0.1451
v 0.291269 -0.242878 0.935524 0.3333 0.3176 0.3059
v 0.300547 0.015028 0.966448 0.6314 0.5686 0.5059
v 0.330097 0.048905 0.896855 0.3608 0.4863 0.2392
v 0.391691 0.037058 0.939556 0.2431 0.4353 0.1765
v 0.379173 0.176617 0.895403 0.3059 0.3490 0.3255
v 0.325289 0.208105 0.890320 0.5765 0.5882 0.1843
v 0.322201 -0.174619 0.887165 0.7569 0.7098 0.2314
v 0.403311 0.020136 0.950593 0.5294 0.4863 0.4157
v 0.400744 0.167734 0.906490 0.3137 0.3451 0.2863
v 0.277610 0.191334 0.942404 0.3020 0.3333 0.2824
v 0.400347 0.009125 0.932749 0.6824 0.6667 0.2745
v 0.384238 -0.045119 0.892848 0.6196 0.7255 0.4627
v 0.376352 0.253664 0.880013 0.5294 0.5412 0.2314
v 0.400171 -0.226169 0.936842 0.7686 0.7216 0.2510
v 0.319748 0.107214 0.922344 0.3098 0.3647 0.3137
v 0.378286 0.002719 0.979576 0.6549 0.6078 0.5451
v 0.386342 0.238660 0.956642 0.8314 0.8627 0.7686
v 0.354219 0.121134 0.926922 0.6706 0.6392 0.3216
v 0.357023 -0.175088 0.970774 0.2863 0.3098 0.2706
v 0.416242 -0.013870 0.845963 0.4980 0.6745 0.3569
v 0.380587 -0.141633 0.903623 0.3098 0.3176 0.2627
v 0.458459 -0.257519 0.869023 0.3255 0.3333 0.2902
v 0.292721 -0.033159 0.926010 0.5020 0.6784 0.4157
v 0.398717 0.020597 0.832311 0.7608 0.7255 0.2510
v 0.425760 0.015248 0.933687 0.3608 0.3765 0.3176
v 0.360842 0.087494 0.869775 0.7804 0.7176 0.3412
v 0.373647 0.105392 0.913451 0.3098 0.3569 0.3098
v 0.369717 0.225453 0.903308 0.7059 0.7255 0.5059
v 0.233342 -0.194328 1.012503 0.3137 0.3255 0.2902
v 0.357313 0.126471 0.937550 0.3686 0.3294 0.2902
v 0.267968 0.197213 0.920079 0.5843 0.6039 0.2353
v 0.289740 0.186727 0.962037 0.2784 0.3216 0.2902
v 0.228298 0.017638 0.867212 0.6235 0.5804 0.5098
v 0.270859 0.102492 0.931347 0.2627 0.4824 0.1882
v 0.217892 0.207837 0.933861 0.6000 0.5804 0.1725
v 0.271863 -0.244813 0.966478 0.7333 0.3098 0.2078
v 0.303542 -0.105477 0.993219 0.7686 0.7098 0.2588
v 0.329658 -0.157673 0.858849 0.7843 0.7176 0.2627
v 0.272695 0.108409 0.969369 0.5529 0.5294 0.4745
v 0.340729 -0.194710 0.890441 0.8549 0.6039 0.6039
v 0.292888 0.045446 1.043449 0.6471 0.6078 0.1725
v 0.327766 -0.144242 0.960747 0.8078 0.4784 0.3059
v 0.320697 -0.167424 0.990162 0.2980 0.3216 0.2824
v 0.321410 -0.167046 0.902618 0.7569 0.7059 0.3059
v 0.226096 -0.198019 0.962935 0.8667 0.5216 0.3255
v 0.257570 -0.044725 1.054868 0.3569 0.3686 0.3412
v 0.338946 0.264864 0.970352 0.5647 0.5569 0.2627
v 0.292579 -0.167328 0.977432 0.7804 0.1843 0.2431
v 0.320239 0.045281 0.987417 0.7569 0.7333 0.6784
v 0.285872 0.200565 1.006596 0.2706 0.2941 0.2549
v 0.262453 0.169531 0.976976 0.7451 0.7294 0.6235
v 0.236353 0.120174 0.974125 0.8118 0.8431 0.6431
v 0.365733 -0.246953 0.907313 0.3059 0.3176 0.2745
v 0.363961 0.034001 1.025014 0.3294 0.3569 0.2941
v 0.341383 -0.176515 0.933418 0.4118 0.4039 0.4078
v 0.353149 0.053041 0.968010 0.2824 0.2196 0.1686
v 0.317423 -0.081581 0.978919 0.6902 0.6510 0.2157
v 0.261406 0.143834 0.958123 0.3020 0.3176 0.2510
v 0.296741 -0.257207 0.974761 0.7569 0.7608 0.7412
v 0.361855 0.035955 0.905126 0.7255 0.6980 0.2392
v 0.323715 -0.099520 1.006974 0.7529 0.6667 0.2667
v 0.310789 -0.182492 0.971134 0.6353 0.5961 0.5608
v 0.265746 0.166733 0.967200 0.7608 0.7137 0.2510
v 0.392196 0.192310 0.978697 0.3098 0.3255 0.2706
v 0.284981 0.183409 0.935235 0.7098 0.4745 0.3333
v 0.275225 0.185149 0.949961 0.3529 0.3882 0.3059
v 0.290305 -0.069908 0.994099 0.7490 0.7020 0.2392
v 0.231832 0.205214 0.973408 0.6392 0.6000 0.2275
v 0.235966 -0.222518 0.939239 0.7843 0.6980 0.2314
v 0.243698 0.111996 0.992173 0.7647 0.7176 0.2471
v 0.329215 0.123640 0.982271 0.7294 0.7020 0.2549
v 0.224770 -0.138206 0.958153 0.6706 0.6235 0.5686
v 0.275990 0.076551 0.923776 0.3922 0.5961 0.2706
v 0.299166 0.064640 0.928914 0.3843 0.3686 0.3216
v 0.354997 0.214929 0.951964 0.7255 0.7176 0.3922
v 0.279724 0.046954 0.921719 0.6000 0.5647 0.4980
v 0.269249 -0.188978 0.924653 0.8941 0.6157 0.3569
v 0.286382 -0.117203 0.847104 0.5569 0.5098 0.4471
v 0.381887 0.196852 0.853162 0.2863 0.3294 0.2980
v 0.223489 -0.042228 0.898389 0.6471 0.5961 0.5216
v 0.195516 -0.098663 0.890326 0.6824 0.6118 0.5255
v 0.318233 -0.153118 0.977542 0.7686 0.6706 0.2667
v 0.288146 -0.196499 0.938541 0.7922 0.6980 0.2667
v 0.356776 0.100739 0.895998 0.6353 0.5961 0.1529
v 0.278089 -0.156666 1.016036 0.5490 0.5020 0.4392
v 0.229108 -0.050322 0.943950 0.7647 0.7176 0.2392
v 0.160955 0.031863 0.960650 0.2000 0.4431 0.1882
v 0.263739 -0.078505 1.017640 0.3098 0.3216 0.2863
v 0.374441 0.071014 0.933038 0.6078 0.5569 0.4902
v 0.212769 0.066405 0.926722 0.3176 0.3647 0.3176
v 0.295835 0.085217 0.934276 0.3373 0.3529 0.2941
v 0.349525 -0.173994 0.918676 0.8392 0.6078 0.3020
v 0.302571 0.035007 1.003541 0.7412 0.7137 0.2549
v 0.273806 0.052495 0.966598 0.4314 0.4039 0.3333
v 0.345097 -0.256580 0.796535 0.2235 0.2510 0.3255
v 0.315487 -0.014040 0.907599 0.5137 0.6314 0.3804
v 0.272615 -0.112387 0.887323 0.7725 0.7137 0.2549
v 0.303900 -0.119154 0.992796 0.7608 0.7059 0.2784
v 0.288151 0.034386 0.903630 0.6353 0.5882 0.5255
v 0.257685 -0.251222 0.916229 0.8000 0.4078 0.3176
v 0.240219 -0.184890 0.979646 0.6275 0.5843 0.1294
v 0.309661 0.061852 0.959075 0.7569 0.7451 0.7255
v 0.218391 -0.087889 1.056063 0.7686 0.7098 0.2431
v 0.421318 0.160255 0.941123 0.7059 0.6824 0.2353
v 0.247020 0.062872 0.986518 0.6471 0.6000 0.5137
v 0.319275 -0.066104 0.904038 0.3255 0.3373 0.3020
v 0.302228 0.153631 1.039488 0.3412 0.3569 0.2980
v 0.327490 -0.128605 0.972851 0.7804 0.7059 0.2431
v 0.167583 -0.119558 0.935212 0.7294 0.6902 0.2471
v 0.204001 -0.184452 0.969814 0.4471 0.4471 0.4078
v 0.215425 0.063817 0.885214 0.7843 0.7294 0.3843
v 0.266864 -0.121142 0.949944 0.4235 0.3843 0.3373
v 0.248110 -0.171742 0.938963 0.5020 0.4784 0.4314
v 0.233975 0.060640 1.016303 0.3608 0.5216 0.2627
v 0.186253 -0.081457 1.043529 0.6863 0.6471 0.2039
v 0.189120 0.079473 0.969624 0.3255 0.3569 0.2980
v 0.205985 0.097762 0.992549 0.7765 0.7216 0.2431
v 0.194142 -0.068768 0.972832 0.5412 0.5451 0.5137
v 0.174326 -0.047739 0.915568 0.7725 0.7529 0.4235
v 0.247849 -0.086321 0.965810 0.6824 0.6431 0.2000
v 0.197150 -0.095766 0.930312 0.5216 0.4431 0.4078
v 0.110143 0.123779 0.997815 0.7137 0.6902 0.2510
v 0.218374 0.137340 1.038267 0.7725 0.7137 0.2471
v 0.280743 -0.126155 0.942334 0.7804 0.7176 0.2824
v 0.193400 -0.023455 0.949851 0.7451 0.7176 0.2706
v 0.229594 0.224605 0.997087 0.6235 0.5647 0.2000
v 0.201919 0.221648 0.955121 0.6392 0.6392 0.2078
v 0.256248 -0.015880 0.967752 0.6902 0.6275 0.5647
v 0.210717 -0.091933 0.973243 0.6824 0.6392 0.2157
v 0.212486 -0.217575 0.961510 0.6471 0.6118 0.5529
v 0.246532 0.260010 1.012349 0.5569 0.5373 0.2196
v 0.205302 0.038747 0.966195 0.5373 0.5176 0.4431
v 0.291890 0.158749 0.971528 0.3255 0.3490 0.3098
v 0.260921 0.228947 0.967206 0.6431 0.5373 0.2196
v 0.182141 0.118421 0.895580 0.3059 0.3255 0.2980
v 0.147109 0.014314 0.954022 0.7020 0.6627 0.2118
v 0.143923 0.051536 1.039827 0.7098 0.6745 0.3098
v 0.251875 -0.162660 1.002318 0.3255 0.3176 0.2588
v 0.262610 0.088650 1.016352 0.7882 0.7137 0.2510
v 0.298840 0.134962 0.974828 0.2824 0.1922 0.1608
v 0.303501 -0.137461 0.976233 0.4784 0.4627 0.4157
v 0.222117 -0.068478 1.003663 0.6431 0.6039 0.1686
v 0.249335 -0.107501 0.992875 0.7529 0.6863 0.2314
v 0.205496 0.234898 0.977983 0.2980 0.3412 0.3098
v 0.088985 0.157623 1.000843 0.7176 0.6980 0.2392
v 0.230413 0.082581 0.940594 0.7059 0.6863 0.3294
v 0.177992 0.117390 1.016248 0.7020 0.6824 0.3137
v 0.187659 0.146469 0.967277 0.2980 0.3098 0.2745
v 0.191849 -0.113197 1.067235 0.7608 0.7176 0.2235
v 0.218471 0.045126 0.911205 0.7373 0.7059 0.3216
v 0.259311 0.194885 0.975374 0.3294 0.3529 0.3059
v 0.249420 -0.238402 1.032320 0.8157 0.8157 0.8078
v 0.221541 0.089875 1.025482 0.7451 0.7882 0.5294
v 0.233317 -0.124759 0.879998 0.7686 0.7137 0.2314
v 0.184937 0.005564 0.950450 0.7569 0.7098 0.2392
v 0.302294 -0.221928 0.919884 0.3176 0.3255 0.2706
v 0.268714 0.030061 1.041667 0.5098 0.4941 0.4588
v 0.222768 0.102460 0.988735 0.5843 0.5569 0.1098
v 0.155910 0.155551 1.045597 0.3569 0.4941 0.2275
v 0.272987 -0.137320 0.948317 0.7686 0.7137 0.2353
v 0.214352 0.215793 0.926593 0.7137 0.6549 0.4392
v 0.250317 0.025631 1.052262 0.6706 0.6353 0.1686
v 0.294390 0.166882 1.027934 0.6784 0.6549 0.2235
v 0.196920 0.220867 0.963229 0.6353 0.5725 0.2275
v 0.133866 0.046018 1.006454 0.3412 0.3647 0.3255
v 0.244190 -0.121029 0.962388 0.7020 0.6588 0.2353
v 0.158787 0.161580 1.057142 0.2863 0.3255 0.2941
v 0.297185 -0.136187 1.052102 0.6863 0.6471 0.2118
v 0.226283 0.175542 0.947827 0.3333 0.2902 0.1804
v 0.218666 0.189309 0.956154 0.2941 0.3412 0.2941
v 0.219514 0.036932 0.954838 0.3412 0.3647 0.3176
v 0.265702 0.171937 0.961143 0.7059 0.6824 0.5804
v 0.197101 -0.259204 1.039997 0.6824 0.6314 0.5569
v 0.217939 0.180289 1.091818 0.6902 0.6588 0.2235
v 0.138944 -0.055806 1.006460 0.4902 0.4902 0.4588
v 0.222065 -0.141592 0.987503 0.7020 0.6627 0.2196
v 0.195743 -0.098165 0.973497 0.6471 0.5882 0.5059
v 0.179856 -0.167139 1.022274 0.8588 0.6353 0.3176
v 0.214735 -0.046712 0.980311 0.5725 0.6980 0.4431
v 0.279701 0.131830 0.953761 0.7176 0.6941 0.2549
v 0.238043 -0.218046 1.061029 0.3255 0.3490 0.3098
v 0.125603 0.145082 0.956836 0.6941 0.6706 0.2392
v 0.224461 -0.200190 1.080689 0.6549 0.5961 0.5216
v 0.176608 -0.203586 0.956215 0.6784 0.6353 0.5647
v 0.216951 0.073702 1.031134 0.3255 0.5176 0.2078
v 0.096630 -0.148639 0.931217 0.6980 0.6588 0.2157
v 0.269923 -0.030716 0.936133 0.7608 0.7137 0.2510
v 0.233388 -0.002484 1.033744 0.2706 0.4510 0.2000
v 0.174166 -0.255640 1.019443 0.8196 0.8196 0.8196
v 0.133065 0.019693 1.118777 0.6471 0.6196 0.3529
v 0.100033 0.031929 1.058137 0.6471 0.6000 0.5373
v 0.139307 -0.055480 1.082848 0.7569 0.6980 0.3255
v 0.096228 0.057442 0.961533 0.7451 0.7294 0.3059
v 0.118278 -0.145167 0.945853 0.7059 0.6784 0.2196
v 0.024367 -0.146161 1.092727 0.6980 0.6549 0.2314
v 0.102317 -0.074088 1.000213 0.7059 0.6627 0.5922
v 0.189828 -0.119035 0.986611 0.6510 0.6118 0.1765
v 0.145314 0.029809 0.962133 0.6588 0.6353 0.2667
v 0.196087 0.048135 0.950668 0.7608 0.7216 0.2392
v 0.120427 -0.209224 1.050369 0.6863 0.6353 0.5725
v 0.001703 -0.041991 0.998043 0.6784 0.6275 0.5608
v 0.129612 -0.177202 0.976818 0.7020 0.6667 0.2549
v 0.194039 0.135938 0.913220 0.2902 0.3373 0.2902
v 0.099497 -0.234649 0.964397 0.8235 0.8196 0.8039
v 0.114147 -0.094384 0.978245 0.6980 0.6588 0.2235
v 0.149005 0.162685 0.927563 0.6471 0.6157 0.2275
v 0.100783 0.206952 1.027957 0.5725 0.5882 0.2157
v 0.127199 0.113279 1.003648 0.3176 0.3647 0.3176
v 0.084820 -0.057635 1.091348 0.7216 0.6784 0.2667
v 0.142836 0.095752 0.968596 0.7529 0.6627 0.2941
v 0.117850 -0.035967 0.988295 0.6510 0.6157 0.5490
v 0.123880 0.226338 0.972834 0.6314 0.6196 0.2392
v 0.159753 -0.027368 0.977220 0.7608 0.7176 0.2549
v 0.098708 0.077150 1.005683 0.3294 0.3725 0.3176
v 0.187265 -0.020144 0.952836 0.7020 0.6745 0.2196
v 0.061592 -0.219291 0.890293 0.3137 0.3373 0.2980
v 0.113878 -0.234611 1.012265 0.6941 0.6471 0.6000
v 0.078467 0.017988 0.978804 0.6314 0.5686 0.5059
v 0.074082 -0.148042 0.914409 0.7490 0.7059 0.2510
v 0.064422 0.059289 1.028697 0.7647 0.7176 0.2471
v 0.184610 -0.177643 1.040545 0.5451 0.4941 0.4275
v 0.188734 -0.113136 0.988777 0.4118 0.3961 0.3490
v 0.141971 -0.023511 1.081814 0.6549 0.6118 0.5412
v 0.154108 -0.014924 1.041800 0.6314 0.5843 0.5216
v 0.096363 0.071039 1.001164 0.6784 0.6627 0.2431
v 0.060237 0.054050 0.966114 0.3647 0.5255 0.2510
v 0.135584 -0.102254 0.947382 0.7451 0.6902 0.2627
v 0.147997 0.211829 1.004663 0.6941 0.6784 0.2588
v 0.190083 0.085613 1.025102 0.7608 0.7137 0.2353
v 0.141322 0.201703 0.897751 0.3020 0.3490 0.3098
v 0.096038 0.120951 1.042816 0.7608 0.7137 0.2510
v 0.094834 -0.137830 0.999339 0.6745 0.6235 0.5569
v 0.055445 -0.198088 0.984815 0.6627 0.6039 0.5216
v 0.072274 0.103194 0.999758 0.6078 0.5608 0.4980
v 0.088540 0.110354 1.027962 0.6275 0.6118 0.1804
v 0.030415 -0.235119 1.070379 0.7412 0.3882 0.3529
v 0.141356 -0.099301 0.975461 0.6314 0.5843 0.5216
v 0.111097 -0.167951 0.954646 0.6510 0.6275 0.1882
v 0.119761 0.130335 0.982172 0.7608 0.7137 0.2510
v 0.109293 -0.226082 1.016170 0.5961 0.5490 0.1569
v 0.122050 0.035233 1.037475 0.3961 0.3451 0.2824
v 0.183680 0.046087 0.951697 0.6000 0.5647 0.4980
v 0.076343 -0.215833 0.940497 0.6431 0.5922 0.5294
v 0.234621 -0.253338 0.971691 0.6431 0.5922 0.5255
v 0.209010 0.011078 1.032328 0.2275 0.4353 0.1608
v 0.035103 0.204012 1.146479 0.6941 0.6706 0.2314
v 0.156154 0.249705 1.061068 0.5098 0.5569 0.2353
v 0.183480 -0.050998 1.027182 0.6863 0.6431 0.5725
v 0.127034 0.195886 1.047935 0.6314 0.4902 0.2549
v 0.029811 0.145215 1.065841 0.4863 0.4392 0.3843
v 0.073324 0.166265 0.968074 0.3686 0.3608 0.2000
v 0.102621 -0.203753 0.953122 0.3765 0.2745 0.2706
v 0.127171 -0.146839 1.019482 0.6824 0.6431 0.2078
v 0.130999 0.084747 0.996160 0.5333 0.5137 0.1059
v 0.158729 0.258071 1.002638 0.6157 0.6235 0.2039
v 0.092383 -0.053120 1.032366 0.3333 0.4941 0.2275
v 0.146595 -0.137059 1.003541 0.7608 0.7137 0.2353
v 0.077715 -0.194793 1.019947 0.6549 0.6078 0.5137
v -0.028792 -0.073609 0.998108 0.6431 0.5961 0.5412
v 0.169519 0.091809 1.049559 0.3176 0.3686 0.3020
v 0.168624 -0.032226 0.989882 0.6353 0.5922 0.5216
v 0.139200 -0.201568 0.875578 0.5843 0.5569 0.1373
v 0.087866 -0.203875 0.956015 0.9059 0.6039 0.4000
v 0.118736 0.173217 0.940740 0.6314 0.6275 0.2118
v 0.189441 0.075455 1.022607 0.3294 0.3686 0.3255
v 0.117582 -0.266497 0.945039 0.5804 0.5294 0.4667
v 0.122225 0.110650 0.899405 0.7412 0.7294 0.5137
v 0.113327 -0.230638 0.935967 0.6627 0.6157 0.5294
v 0.007419 -0.156229 1.061011 0.6863 0.6275 0.2235
v 0.052740 -0.230075 1.015928 0.4392 0.4235 0.3882
v 0.041266 -0.104077 0.912391 0.7647 0.7059 0.2392
v 0.084952 0.165214 1.034343 0.7529 0.7059 0.2431
v 0.009694 -0.158336 1.039566 0.7882 0.6549 0.3020
v 0.044739 0.111817 0.947460 0.3373 0.3765 0.3333
v 0.084981 0.117635 1.024312 0.6275 0.5765 0.5098
v 0.181040 0.214662 1.017747 0.7059 0.6549 0.3804
v 0.014470 -0.146430 0.951438 0.6941 0.6314 0.5412
v 0.082489 0.018093 0.981747 0.6588 0.6078 0.5451
v 0.020990 -0.249748 0.957140 0.8196 0.8235 0.8392
v 0.100638 0.236042 1.047484 0.5451 0.5569 0.2000
v 0.067923 0.121487 1.003741 0.7412 0.7137 0.2941
v 0.002499 -0.121810 1.016304 0.6392 0.6000 0.1569
v 0.027715 -0.129498 1.039276 0.7294 0.6902 0.2549
v 0.043137 -0.184793 1.033412 0.6157 0.5765 0.1412
v 0.054737 -0.009550 0.999079 0.7569 0.7059 0.2549
v 0.090281 -0.004413 0.874151 0.6392 0.5882 0.5255
v 0.014644 -0.055800 1.007203 0.5843 0.5569 0.1098
v 0.046827 -0.039720 0.909339 0.7059 0.6667 0.2157
v -0.044266 0.104021 0.967300 0.6235 0.5608 0.4980
v -0.033909 -0.054222 1.095380 0.7569 0.7137 0.2588
v 0.033703 0.076062 1.053610 0.3686 0.3569 0.1569
v -0.025130 -0.151753 0.972552 0.6510 0.5922 0.5020
v 0.001191 0.193659 0.977173 0.4941 0.4667 0.0510
v 0.204256 0.151003 1.045698 0.3137 0.3569 0.3255
v 0.102579 0.048562 0.985154 0.6863 0.6588 0.3765
v 0.057098 0.096256 0.958514 0.3451 0.3686 0.3529
v 0.023260 0.214932 1.008145 0.5216 0.4941 0.0471
v 0.148224 -0.153326 0.988188 0.4549 0.4353 0.3569
v 0.075563 0.162176 0.957438 0.7059 0.6745 0.2784
v 0.017045 -0.115262 0.957939 0.6039 0.5569 0.4941
v 0.010653 -0.112721 0.971413 0.7451 0.7020 0.2784
v 0.069859 -0.185981 0.943696 0.9098 0.6471 0.3686
v 0.064591 -0.061449 1.109135 0.7569 0.7098 0.2314
v 0.059949 0.131235 1.019498 0.7333 0.6980 0.2863
v 0.050131 0.229299 0.996530 0.3020 0.3451 0.3137
v 0.026848 -0.054528 1.006396 0.6784 0.6314 0.5686
v 0.074726 0.148550 0.925228 0.3059 0.3451 0.3137
v 0.114432 0.035360 0.983799 0.6706 0.6118 0.5294
v -0.013204 0.117413 0.929679 0.3451 0.3647 0.2863
v 0.050004 -0.010988 0.972488 0.7176 0.6784 0.2275
v 0.169108 0.128149 0.966065 0.3176 0.3647 0.3255
v 0.049756 -0.025161 0.981359 0.4902 0.4784 0.4118
v -0.065902 -0.066744 0.946813 0.6784 0.6314 0.2314
v 0.078062 -0.016794 0.890860 0.7529 0.7137 0.2627
v -0.088291 -0.208322 1.073487 0.5882 0.5412 0.4784
v 0.076818 -0.144260 0.970704 0.6980 0.6627 0.2510
v -0.058524 -0.206711 1.097638 0.6667 0.6196 0.5569
v 0.024367 -0.197832 0.966397 0.6235 0.2039 0.3059
v 0.121862 -0.068393 1.035516 0.7569 0.7098 0.2314
v 0.028693 -0.042138 1.009897 0.6824 0.6196 0.5569
v 0.076263 -0.127659 0.966528 0.7686 0.7020 0.2392
v -0.016102 -0.191368 1.043184 0.7882 0.7412 0.2784
v 0.113476 -0.222888 0.982266 0.6745 0.6235 0.5490
v 0.112833 0.116654 0.934907 0.5490 0.5137 0.1020
v 0.018257 -0.248795 1.067720 0.6902 0.6431 0.5882
v 0.017469 -0.152504 0.916441 0.7529 0.6510 0.2784
v 0.043841 0.149702 0.914070 0.5686 0.5451 0.1137
v 0.124347 -0.183269 1.017735 0.6902 0.6157 0.2431
v 0.013711 0.048510 1.142317 0.3451 0.3569 0.3137
v -0.028625 -0.104676 1.006359 0.6824 0.6314 0.5569
v 0.057706 0.080950 1.145039 0.7373 0.7255 0.4078
v 0.026788 -0.030067 1.054966 0.6000 0.5608 0.1176
v -0.008994 -0.126437 1.035904 0.6588 0.6196 0.1843
v 0.060743 -0.018589 1.049896 0.7020 0.6431 0.5686
v 0.057838 0.126096 0.917552 0.3529 0.3216 0.2314
v 0.034758 0.223075 0.942925 0.6549 0.6471 0.2118
v 0.107728 0.080072 0.919547 0.6118 0.5843 0.5216
v 0.008880 0.023226 0.962758 0.6549 0.6039 0.5412
v 0.071064 0.088960 0.977140 0.7569 0.7098 0.2471
v 0.122033 -0.222932 1.101746 0.7490 0.7020 0.2314
v 0.154079 0.106793 1.029909 0.7608 0.7137 0.2510
v 0.019159 0.222819 1.084655 0.3216 0.3529 0.3098
v 0.117559 0.077849 0.958511 0.7608 0.7137 0.2510
v -0.001232 0.054011 0.974805 0.6667 0.6157 0.5529
v 0.045068 0.147784 1.070780 0.4980 0.4745 0.0431
v 0.017763 0.071575 1.006418 0.7569 0.7137 0.2510
v 0.008749 0.074976 1.056630 0.6235 0.6588 0.4510
v 0.075912 0.205165 0.959797 0.6588 0.6549 0.2314
v -0.040075 -0.086900 1.043102 0.6902 0.6314 0.5490
v -0.039556 -0.012347 0.936784 0.7333 0.7137 0.3137
v -0.048450 0.228036 0.946933 0.5961 0.5725 0.2275
v 0.010523 0.126866 1.018622 0.6314 0.5961 0.5294
v -0.050766 0.027842 1.006041 0.7255 0.6941 0.2588
v 0.012762 -0.142305 1.075459 0.4980 0.4118 0.3686
v -0.047227 -0.077536 1.002838 0.7059 0.6588 0.5961
v -0.006849 0.185851 1.030373 0.5725 0.5608 0.1569
v -0.055315 0.230760 0.995554 0.6902 0.6667 0.2196
v -0.036272 -0.129061 0.913719 0.7451 0.7020 0.2392
v -0.101052 -0.071898 0.905114 0.7569 0.7137 0.2588
v 0.036493 0.114517 1.015000 0.3961 0.4078 0.3647
v -0.068901 0.034103 1.044626 0.7373 0.6980 0.2471
v -0.039856 -0.226542 1.005349 0.7529 0.7098 0.2588
v 0.007472 0.107029 1.064412 0.4941 0.4824 0.0784
v 0.030808 0.116014 0.947550 0.3098 0.3490 0.3137
v -0.103473 -0.262692 1.013885 0.6667 0.6157 0.5490
v -0.048518 0.002555 1.047295 0.4118 0.4157 0.3608
v -0.036613 0.205882 0.900855 0.3373 0.3843 0.3451
v -0.153362 0.115713 1.078191 0.6510 0.6235 0.2078
v -0.098314 -0.015414 0.971212 0.6706 0.6196 0.5569
v -0.006114 0.100041 1.070151 0.3176 0.3608 0.3294
v -0.053856 0.066101 0.935229 0.3373 0.3490 0.3137
v -0.083287 0.192759 1.076743 0.6667 0.6510 0.2275
v 0.040961 -0.007310 0.933622 0.6667 0.6392 0.1922
v -0.073617 0.074543 0.974793 0.6941 0.6706 0.2392
v -0.121334 -0.200657 0.924844 0.6157 0.5765 0.1255
v 0.006541 0.048058 1.032681 0.7490 0.7020 0.3020
v -0.022699 -0.123999 0.936271 0.7569 0.7098 0.2471
v -0.012908 0.083893 0.979814 0.7333 0.6941 0.2196
v -0.031159 -0.072026 0.985571 0.7490 0.7059 0.2549
v -0.112579 0.200646 1.010253 0.3216 0.3608 0.3255
v 0.022106 -0.144902 0.957517 0.7451 0.7020 0.2392
v -0.033153 0.220704 1.022161 0.6353 0.6314 0.2157
v -0.022098 -0.102950 0.954586 0.6941 0.6431 0.2431
v -0.077685 0.089573 1.058422 0.3216 0.3647 0.3333
v -0.101476 -0.129291 1.045029 0.7216 0.6941 0.2784
v -0.009836 -0.202828 1.057166 0.4275 0.3922 0.3569
v -0.016905 0.165304 0.946179 0.5451 0.5137 0.0941
v -0.073984 -0.023481 1.011495 0.7059 0.6588 0.5961
v -0.012787 -0.130613 0.952539 0.6118 0.5804 0.1451
v 0.016725 -0.197542 0.981357 0.6667 0.6196 0.5569
v -0.056323 -0.103554 1.110684 0.7451 0.7020 0.2392
v -0.037623 -0.174493 0.908228 0.4745 0.4667 0.0235
v -0.115221 -0.218181 1.056672 0.6039 0.5608 0.4902
v 0.029867 -0.011847 1.069407 0.6157 0.5922 0.5373
v -0.091882 -0.124489 1.038561 0.7529 0.7098 0.2549
v -0.055237 0.212187 1.001259 0.3255 0.3490 0.3020
v 0.000872 0.016141 1.012203 0.6941 0.6392 0.5882
v -0.058424 0.030969 1.001558 0.6471 0.6000 0.5373
v -0.018222 0.180552 1.000188 0.6039 0.5569 0.4941
v -0.133529 -0.000282 0.961738 0.6667 0.6196 0.5569
v -0.034500 -0.022880 1.046992 0.6471 0.6196 0.2118
v -0.065732 0.185198 0.900202 0.6235 0.6314 0.2039
v 0.044415 -0.071115 0.980102 0.6863 0.6431 0.1922
v -0.108269 -0.031679 0.953401 0.6549 0.6039 0.5412
v -0.047445 -0.217706 1.002379 0.8039 0.1686 0.2588
v -0.092520 0.258778 0.913940 0.3216 0.3686 0.3216
v -0.037657 -0.039249 0.994275 0.4196 0.4235 0.3608
v 0.011521 0.178549 1.069852 0.7137 0.6980 0.2745
v 0.076733 0.057973 1.006163 0.3373 0.3647 0.3373
v -0.075971 -0.013193 1.035883 0.7490 0.7137 0.3020
v -0.046595 0.069146 0.872361 0.6157 0.5804 0.5216
v -0.042885 -0.234978 0.869629 0.7922 0.7882 0.7804
v 0.001716 0.227618 1.064242 0.3216 0.3294 0.2784
v -0.061597 0.091663 1.051150 0.6353 0.6000 0.5412
v -0.068796 0.162965 0.929067 0.3922 0.3922 0.3529
v -0.000969 -0.010533 0.988813 0.7686 0.7176 0.2667
v 0.012700 0.181476 0.969158 0.3529 0.3922 0.3608
v -0.129823 -0.047019 1.041318 0.7490 0.7098 0.2588
v -0.002662 0.121069 1.060993 0.3294 0.3569 0.3294
v -0.041923 -0.226632 1.017283 0.6824 0.6314 0.5569
v -0.055089 -0.262012 0.911159 0.8314 0.6471 0.3333
v -0.052433 0.164164 1.038415 0.5451 0.5216 0.0902
v 0.042402 -0.131486 0.997738 0.7216 0.6784 0.2549
v 0.006744 0.083337 0.926439 0.6549 0.6078 0.5451
v -0.061288 0.211170 0.844477 0.7294 0.6980 0.2784
v -0.028173 -0.116907 0.985340 0.7255 0.6863 0.2353
v -0.095104 -0.170569 0.943132 0.7451 0.7020 0.2392
v 0.028407 -0.100632 0.969624 0.6863 0.6314 0.2196
v -0.089553 -0.215583 0.966242 0.6588 0.6157 0.5451
v -0.146066 -0.250016 1.012130 0.6667 0.6275 0.5804
v -0.033299 -0.181608 0.959658 0.7098 0.6667 0.2039
v -0.164619 -0.133800 0.969944 0.7137 0.6667 0.5804
v -0.060059 -0.066727 1.035490 0.7059 0.6627 0.5922
v -0.121695 -0.187292 1.038045 0.6863 0.6353 0.5725
v -0.124391 0.142851 1.002203 0.5961 0.5412 0.2863
v -0.209804 -0.187997 0.971522 0.7059 0.6863 0.2157
v -0.102157 -0.194558 0.941344 0.7529 0.1804 0.2314
v -0.071557 -0.042048 1.074838 0.7020 0.7059 0.3059
v -0.084733 -0.068539 1.077148 0.7020 0.6706 0.2510
v -0.128713 -0.044363 1.042718 0.7176 0.6784 0.2275
v -0.045051 -0.104845 1.062713 0.7176 0.6824 0.2235
v -0.120861 0.074621 0.998684 0.4863 0.4824 0.0667
v -0.156627 0.227083 0.962240 0.5922 0.6000 0.2196
v -0.170262 -0.271455 0.896712 0.8196 0.4510 0.3098
v -0.080548 -0.150466 1.014981 0.6902 0.6588 0.5843
v -0.126600 0.031831 1.024935 0.6275 0.5922 0.5333
v -0.060000 0.073616 1.002138 0.6392 0.5922 0.5294
v -0.246367 -0.122239 1.005346 0.6941 0.6431 0.5804
v -0.043919 -0.096071 1.067028 0.7451 0.7098 0.2510
v -0.277122 -0.068072 0.908620 0.7333 0.7098 0.2784
v -0.082513 0.226460 1.047994 0.4980 0.4784 0.0706
v -0.137760 0.032184 0.995658 0.7333 0.6941 0.2431
v -0.062011 0.179614 0.923402 0.6627 0.6627 0.2784
v -0.186111 -0.049001 0.968466 0.6667 0.6471 0.2549
v -0.084255 0.150597 0.936327 0.3765 0.4078 0.3647
v -0.111826 -0.227555 1.078215 0.6745 0.6235 0.5608
v -0.081031 -0.222242 0.987577 0.7843 0.1608 0.2784
v -0.180638 -0.121437 0.894347 0.7059 0.6588 0.5725
v -0.134952 -0.183897 1.000626 0.4627 0.4118 0.3490
v -0.195420 -0.077266 1.002238 0.6627 0.6118 0.5490
v -0.134702 -0.113770 0.913084 0.6941 0.6549 0.2196
v -0.103082 0.077496 1.095549 0.7255 0.6863 0.2353
v -0.108341 0.050687 0.964828 0.3333 0.3765 0.3451
v -0.104671 0.167555 1.011896 0.5961 0.5490 0.4863
v -0.134452 0.067174 0.989886 0.7216 0.6902 0.2549
v -0.179056 -0.127551 0.973166 0.6784 0.6431 0.5765
v -0.096503 0.115226 0.941142 0.3843 0.4157 0.3569
v -0.164184 -0.197067 0.938331 0.7255 0.6824 0.2275
v -0.141116 -0.273795 0.901532 0.5451 0.5098 0.4824
v -0.118898 0.091222 1.036070 0.7176 0.7137 0.2902
v -0.081909 -0.197458 0.968758 0.6588 0.6078 0.5412
v -0.116237 0.050295 0.974948 0.3451 0.3765 0.3255
v -0.089736 -0.164819 0.983055 0.7098 0.6627 0.6000
v -0.136502 -0.027154 0.968831 0.6392 0.6000 0.1647
v -0.158892 0.037621 0.984799 0.3922 0.4196 0.3569
v -0.118228 -0.035049 0.989053 0.7059 0.6941 0.2902
v -0.039181 -0.185015 1.035891 0.6824 0.6196 0.5569
v -0.215402 0.028797 1.034799 0.7216 0.6941 0.2471
v -0.147971 -0.204617 0.986359 0.6863 0.6745 0.2549
v -0.208131 0.242408 0.913825 0.5647 0.5608 0.1373
v -0.119496 -0.209276 1.017283 0.5647 0.5373 0.1216
v -0.078570 0.091998 0.982208 0.6588 0.6118 0.5490
v -0.113812 0.153713 1.030230 0.7020 0.6784 0.2392
v -0.141132 -0.261145 0.927979 0.6941 0.6627 0.2353
v -0.144783 -0.020108 0.945139 0.7098 0.6863 0.2549
v -0.101811 -0.164381 0.989503 0.6118 0.5843 0.5216
v -0.141429 0.137274 0.935626 0.3216 0.3647 0.3333
v -0.071532 -0.128857 1.020110 0.7216 0.6706 0.6039
v -0.198064 0.262803 0.951111 0.3490 0.3804 0.3294
v -0.137365 0.063184 0.976723 0.6824 0.6667 0.2431
v -0.198447 -0.000455 0.985862 0.7255 0.6980 0.2902
v -0.129459 -0.196925 1.004248 0.6314 0.6157 0.1843
v -0.138192 0.090849 1.050111 0.4000 0.3490 0.3137
v -0.152924 0.000433 1.034059 0.6745 0.6275 0.5647
v -0.029123 0.229455 1.001825 0.3059 0.3490 0.3176
v -0.194442 0.163001 1.021757 0.3412 0.3843 0.3608
v -0.163345 0.161135 1.016301 0.4902 0.4824 0.0549
v -0.100827 -0.158929 0.981279 0.6784 0.6275 0.5608
v -0.140370 0.006213 1.074401 0.6627 0.6157 0.5529
v -0.097431 0.210732 1.062071 0.3451 0.3608 0.3059
v -0.134393 -0.003419 1.081832 0.6667 0.6431 0.2039
v -0.122951 0.171188 0.949577 0.6000 0.5804 0.2196
v -0.089496 0.125983 0.979507 0.6196 0.5725 0.5098
v -0.086989 -0.182572 1.050494 0.6471 0.6275 0.2196
v -0.153905 0.216323 1.005364 0.3255 0.3725 0.3255
v -0.082073 -0.193534 0.980862 0.7098 0.6824 0.2627
v -0.075443 -0.201326 1.089993 0.6784 0.6196 0.5294
v -0.117727 -0.163159 0.904790 0.6863 0.6471 0.2039
v -0.152444 0.181405 0.909185 0.7412 0.7373 0.7294
v -0.163781 0.033327 0.978663 0.7647 0.7647 0.7569
v -0.252197 -0.205909 1.095776 0.2431 0.2667 0.2275
v -0.185544 0.168333 0.959781 0.6863 0.6824 0.6745
v -0.167176 0.228042 1.000610 0.3451 0.3098 0.2902
v -0.169055 -0.006817 0.918564 0.6118 0.5569 0.5137
v -0.256787 -0.037507 1.031687 0.7529 0.7490 0.7412
v -0.245658 0.216685 0.963513 0.6078 0.5686 0.5216
v -0.191566 -0.013511 1.008565 0.6196 0.5686 0.5333
v -0.245146 -0.108743 0.956311 0.2706 0.2588 0.2392
v -0.288665 0.113490 0.977106 0.7137 0.6902 0.6902
v -0.202224 0.016451 0.997415 0.7529 0.7529 0.7451
v -0.277599 -0.258229 1.003294 0.6078 0.5686 0.5333
v -0.279048 0.174131 1.010482 0.6980 0.6941 0.6863
v -0.214703 -0.221491 1.002217 0.4902 0.4627 0.4392
v -0.162935 0.065427 0.940663 0.7373 0.7137 0.7137
v -0.216396 0.110703 1.032980 0.6980 0.7020 0.6824
v -0.321065 0.048426 0.931984 0.7569 0.7529 0.7451
v -0.199454 -0.005660 1.105405 0.1059 0.1059 0.0667
v -0.090290 0.093215 1.020498 0.5529 0.5686 0.3686
v -0.272626 -0.211054 0.896606 0.2745 0.2941 0.2667
v -0.188228 0.083019 0.932343 0.7529 0.7294 0.7294
v -0.263697 0.259410 0.936407 0.7412 0.7373 0.7294
v -0.232666 -0.199701 0.986969 0.3216 0.2471 0.1922
v -0.207947 -0.118943 0.935596 0.3686 0.3373 0.3294
v -0.223743 0.125129 0.943056 0.6980 0.6784 0.6627
v -0.206453 -0.037954 0.998307 0.4980 0.4824 0.4471
v -0.178406 0.203892 1.024383 0.6784 0.6745 0.6667
v -0.235561 0.174965 0.952762 0.7137 0.7098 0.7020
v -0.169187 0.117064 0.980761 0.6431 0.6392 0.4667
v -0.216149 0.097928 0.955040 0.6000 0.6275 0.4157
v -0.226438 -0.055093 1.033112 0.6275 0.5804 0.5255
v -0.180943 -0.027989 1.026810 0.7882 0.7608 0.7216
v -0.254331 0.187973 0.962085 0.6667 0.6314 0.5961
v -0.142938 -0.226847 0.944607 0.2392 0.2588 0.2314
v -0.142848 0.116901 0.900925 0.7059 0.7020 0.6863
v -0.158532 -0.173716 1.029258 0.2784 0.2980 0.2745
v -0.131883 -0.198547 0.976462 0.7961 0.3333 0.2784
v -0.242702 0.041616 1.081731 0.7608 0.7529 0.7569
v -0.260084 0.082638 0.961559 0.6745 0.6706 0.6627
v -0.220809 0.057977 0.987982 0.3098 0.5569 0.3333
v -0.195613 -0.043223 1.029845 0.6353 0.5725 0.5098
v -0.181820 -0.122036 1.058936 0.7294 0.7373 0.7255
v -0.328431 -0.232883 1.016126 0.2745 0.2941 0.2667
v -0.288400 -0.149522 0.954436 0.2627 0.2824 0.2588
v -0.290435 -0.176862 0.933738 0.2510 0.2824 0.2392
v -0.188204 -0.150115 0.987296 0.2627 0.2706 0.2275
v -0.234786 0.067563 0.949496 0.7020 0.7059 0.6863
v -0.200514 -0.024706 0.975407 0.7255 0.7255 0.7176
v -0.233761 -0.014685 0.888861 0.7569 0.7529 0.7451
v -0.306325 -0.105325 0.874013 0.7804 0.7608 0.7490
v -0.204118 0.104091 0.898553 0.7529 0.7373 0.5922
v -0.222189 -0.153464 1.008826 0.2627 0.2824 0.2588
v -0.217811 -0.052604 0.968824 0.6157 0.5647 0.5020
v -0.184145 0.015961 1.012576 0.7451 0.7373 0.7412
v -0.193090 -0.038416 0.982437 0.2039 0.2157 0.1882
v -0.298600 -0.018353 0.949135 0.6510 0.6118 0.5725
v -0.202726 -0.203010 0.948382 0.2549 0.2745 0.2471
v -0.199802 0.079623 0.954246 0.7608 0.7569 0.7412
v -0.222227 0.138686 0.977541 0.3961 0.4353 0.2275
v -0.158634 -0.140747 1.022229 0.3922 0.3725 0.3608
v -0.177637 0.084142 1.013660 0.6902 0.6549 0.6353
v -0.277067 0.104568 0.974080 0.7020 0.6980 0.6902
v -0.173970 -0.133804 0.941264 0.3294 0.3373 0.3176
v -0.199166 -0.210760 1.045896 0.2824 0.3020 0.2784
v -0.176129 -0.191059 1.057387 0.6314 0.5804 0.5451
v -0.309214 0.229391 1.015078 0.1020 0.0824 0.0706
v -0.199316 0.197793 0.944621 0.6431 0.6157 0.5765
v -0.240845 0.028146 0.920912 0.7137 0.7098 0.7020
v -0.288986 0.228299 0.958822 0.1765 0.1843 0.1804
v -0.202053 -0.195785 1.071429 0.6980 0.6353 0.5843
v -0.118472 -0.013206 0.937961 0.7569 0.7490 0.7529
v -0.195174 -0.033366 0.987803 0.6902 0.6549 0.6275
v -0.220550 0.008687 0.997549 0.0471 0.0588 0.0314
v -0.217707 -0.259072 0.944276 0.6235 0.5725 0.5373
v -0.234724 0.131761 0.936800 0.6549 0.6235 0.5490
v -0.212165 0.049401 1.017188 0.7451 0.7490 0.7294
v -0.142687 -0.135005 0.896964 0.3255 0.3451 0.3294
v -0.199640 0.091126 1.093579 0.7098 0.6980 0.5216
v -0.235720 0.194802 1.006193 0.5098 0.5412 0.3176
v -0.307831 -0.184641 0.913975 0.2745 0.2941 0.2706
v -0.312756 0.020021 0.980439 0.2275 0.2157 0.1882
v -0.201942 -0.187128 0.999047 0.6549 0.6000 0.5490
v -0.295389 0.165715 0.946627 0.7176 0.6941 0.6941
v -0.288356 0.268907 0.892364 0.1294 0.1098 0.0863
v -0.296397 -0.280370 0.901795 0.2824 0.3020 0.2784
v -0.304625 0.229552 0.958682 0.6902 0.6706 0.6588
v -0.318972 -0.068914 0.973585 0.7922 0.7725 0.7490
v -0.292448 -0.145763 1.004996 0.2549 0.2745 0.2471
v -0.334093 0.083459 0.966200 0.3255 0.3255 0.2863
v -0.253814 -0.024134 0.984580 0.7843 0.7529 0.7451
v -0.310841 0.061277 0.989125 0.7451 0.7451 0.7451
v -0.251139 -0.144135 1.049442 0.3843 0.4039 0.3882
v -0.253947 -0.063550 0.999839 0.7451 0.7255 0.7137
v -0.303246 0.081947 0.888618 0.5098 0.4902 0.2745
v -0.350705 0.248499 0.930920 0.7059 0.7059 0.6980
v -0.305040 0.213546 0.913306 0.6824 0.6784 0.6627
v -0.285496 -0.175108 0.952871 0.6667 0.6196 0.5569
v -0.322881 -0.154428 0.904541 0.6392 0.5843 0.5333
v -0.289905 0.067475 0.953737 0.7098 0.7098 0.7098
v -0.254112 -0.069025 0.974225 0.6431 0.5882 0.5373
v -0.293255 -0.215034 0.900483 0.6549 0.6039 0.5412
v -0.217193 0.232178 0.909090 0.7608 0.7569 0.7490
v -0.252932 0.174170 0.892583 0.1922 0.1451 0.0980
v -0.219913 -0.011024 0.948396 0.2314 0.2431 0.2078
v -0.300777 0.010523 0.972449 0.7373 0.7137 0.7137
v -0.267144 -0.004223 0.935439 0.1529 0.1569 0.1255
v -0.293944 -0.232978 0.823727 0.7098 0.6549 0.6039
v -0.237249 -0.071432 0.886829 0.7882 0.7686 0.7451
v -0.232598 -0.149056 0.942398 0.2902 0.3098 0.2863
v -0.354317 0.060058 0.974978 0.2392 0.2353 0.1647
v -0.306752 0.136582 0.884041 0.7412 0.7373 0.7294
v -0.264571 -0.007716 0.907871 0.7961 0.7765 0.7608
v -0.305219 0.095561 0.863640 0.7098 0.7059 0.6980
v -0.256718 0.170243 0.998319 0.0392 0.0667 0.0353
v -0.299909 0.234539 0.987817 0.6941 0.6706 0.6784
v -0.346727 0.086302 0.968363 0.4157 0.5333 0.3216
v -0.249186 0.039403 0.934654 0.7333 0.7294 0.7216
v -0.264880 -0.218352 1.017303 0.2706 0.2941 0.2784
v -0.283631 -0.154482 0.943247 0.3647 0.3294 0.3098
v -0.324513 0.055297 1.025349 0.7216 0.6980 0.6980
v -0.295639 -0.236521 0.902002 0.2745 0.3020 0.2745
v -0.361889 -0.034157 0.959445 0.7255 0.7216 0.7137
v -0.241445 0.098469 0.980684 0.7137 0.7098 0.7020
v -0.312534 -0.261166 0.904175 0.6902 0.6275 0.5647
v -0.283452 -0.066028 1.030250 0.2549 0.2275 0.1961
v -0.306227 0.172450 0.976861 0.1569 0.1608 0.1294
v -0.320054 0.035877 0.860394 0.8000 0.6471 0.5804
v -0.191860 0.135597 0.978632 0.2471 0.2510 0.1255
v -0.300049 -0.095532 1.061667 0.2863 0.2824 0.2667
v -0.340364 0.123106 0.967276 0.7373 0.7176 0.7059
v -0.300606 -0.054544 1.021936 0.7098 0.6902 0.6784
v -0.223564 -0.204866 0.974523 0.6745 0.6118 0.5529
v -0.293310 0.024499 1.043112 0.6000 0.6118 0.5843
v -0.259521 0.080776 0.888264 0.7608 0.7529 0.7569
v -0.322223 -0.101209 1.028846 0.4706 0.4431 0.4118
v -0.295149 -0.062117 0.929722 0.7490 0.7294 0.7176
v -0.388501 0.152101 0.960525 0.5647 0.6275 0.4510
v -0.346499 0.212657 1.029542 0.6902 0.6667 0.6667
v -0.250601 0.146976 0.998457 0.7451 0.7216 0.7216
v -0.347952 0.165537 0.896571 0.7255 0.7020 0.7020
v -0.312288 0.121527 0.882675 0.7059 0.6902 0.6784
v -0.231216 -0.155828 1.003340 0.2980 0.3255 0.2980
v -0.320591 0.187233 0.987862 0.7490 0.7294 0.7176
v -0.298995 -0.164497 0.970206 0.5373 0.5412 0.5216
v -0.351577 0.266987 0.959885 0.7451 0.7255 0.7137
v -0.273421 -0.102017 0.922317 0.7725 0.7686 0.7529
v -0.272561 0.123714 0.945628 0.7098 0.7059 0.6902
v -0.287884 -0.114447 0.905836 0.4941 0.5020 0.4824
v -0.337700 0.035467 0.901135 0.7098 0.7020 0.7059
v -0.246461 -0.219676 0.944794 0.7098 0.6549 0.6039
v -0.302910 0.050014 0.951433 0.6588 0.6353 0.4392
v -0.345801 -0.137863 0.945139 0.2392 0.2627 0.2235
v -0.371993 -0.002420 1.007480 0.7098 0.7020 0.7059
v -0.361940 -0.125402 0.977071 0.2588 0.2784 0.2549
v -0.289987 0.165776 1.007025 0.7490 0.7412 0.7451
v -0.290465 0.117503 0.969246 0.5569 0.5686 0.3059
v -0.292721 -0.092912 0.901174 0.4471 0.4275 0.4039
v -0.335172 0.077244 0.889729 0.7608 0.7608 0.7608
v -0.294345 -0.184364 0.975100 0.2627 0.2824 0.2549
v -0.313274 0.175147 0.930975 0.7098 0.6863 0.6863
v -0.377152 -0.221742 0.999671 0.2510 0.2588 0.2078
v -0.289263 -0.079852 0.954408 0.7725 0.7529 0.7412
v -0.368385 0.227787 0.867060 0.7059 0.7020 0.6941
v -0.372963 -0.004765 0.973495 0.7451 0.7412 0.7333
v -0.278094 -0.168675 0.949233 0.2784 0.2980 0.2745
v -0.347110 -0.275285 0.907614 0.6157 0.5294 0.4745
v -0.387775 0.031857 0.920641 0.7216 0.6980 0.6980
v -0.417558 0.185538 0.880121 0.3059 0.2627 0.2549
v -0.322456 -0.217418 0.865893 0.4078 0.3882 0.3765
v -0.317829 0.120039 0.896006 0.3098 0.4275 0.2157
v -0.288584 -0.189071 0.990201 0.3804 0.3529 0.3216
v -0.362787 -0.112032 0.906932 0.6078 0.5451 0.4824
v -0.398845 0.066680 0.859568 0.7098 0.6941 0.5059
v -0.436628 0.003919 0.860224 0.7647 0.7608 0.7529
v -0.384360 0.144132 0.888015 0.2627 0.2196 0.1961
v -0.275173 -0.010231 0.892548 0.7294 0.7137 0.7176
v -0.348028 0.004965 0.948088 0.7647 0.7569 0.7608
v -0.317362 0.126006 0.894240 0.7333 0.7294 0.7216
v -0.405040 0.245313 0.882178 0.7490 0.7412 0.7451
v -0.279902 0.125906 0.901578 0.4314 0.4314 0.2980
v -0.372198 -0.137349 1.021139 0.4078 0.4157 0.3961
v -0.432187 0.155748 0.933459 0.5843 0.5529 0.5020
v -0.434909 -0.245475 0.902492 0.6353 0.5725 0.5137
v -0.407158 0.195397 0.945502 0.7765 0.7608 0.7569
v -0.302216 -0.049098 0.922525 0.7529 0.7294 0.7294
v -0.430149 -0.002822 0.880655 0.7294 0.7255 0.7176
v -0.407728 0.040627 0.979945 0.7686 0.7451 0.7451
v -0.337479 -0.232139 0.945534 0.6314 0.5451 0.4902
v -0.398018 -0.127981 1.012050 0.5843 0.5216 0.4627
v -0.382462 -0.231280 0.954891 0.7059 0.6314 0.5725
v -0.345875 -0.119981 0.960054 0.6353 0.5647 0.5176
v -0.284974 0.099909 0.951646 0.4706 0.4549 0.2157
v -0.410435 0.115090 0.877746 0.4784 0.4667 0.2588
v -0.348569 0.245562 0.880605 0.7333 0.7294 0.7216
v -0.403032 0.013602 0.942742 0.3373 0.3490 0.3216
v -0.364269 -0.045403 0.959856 0.7686 0.7490 0.7373
v -0.331320 0.180335 1.001671 0.7569 0.7333 0.7333
v -0.482871 -0.216875 0.957151 0.2902 0.3176 0.2902
v -0.332799 -0.095979 0.897876 0.4196 0.3686 0.3451
v -0.432343 -0.168120 0.906105 0.2941 0.3216 0.2941
v -0.405075 -0.023973 0.906302 0.7686 0.7490 0.7373
v -0.246044 -0.040646 0.886292 0.7490 0.7451 0.7373
v -0.463422 0.212488 0.984332 0.6941 0.6706 0.6706
v -0.382871 -0.194004 0.880438 0.2824 0.3020 0.2745
v -0.281246 -0.045956 0.937138 0.6941 0.6627 0.6549
v -0.386349 -0.252494 0.986000 0.6275 0.5529 0.4941
v -0.298688 0.077001 0.971541 0.7412 0.7176 0.7176
v -0.344716 -0.028172 0.936546 0.6863 0.6314 0.5882
v -0.300689 -0.061717 0.918598 0.7843 0.7569 0.7333
v -0.406216 -0.025539 0.941505 0.7686 0.7451 0.7451
v -0.400555 0.046248 0.946248 0.7569 0.7490 0.7529
v -0.263783 0.193481 0.875390 0.7098 0.6902 0.6784
v -0.388867 0.199174 0.958661 0.7137 0.6941 0.6824
v -0.366652 -0.060856 0.885257 0.7843 0.7412 0.7176
v -0.419147 0.078881 0.863833 0.6745 0.6353 0.6275
v -0.367295 -0.155611 0.800188 0.2471 0.2745 0.2471
v -0.430112 0.208022 0.934927 0.1294 0.1098 0.0980
v -0.241374 -0.060295 0.928076 0.6431 0.5882 0.5451
v -0.420058 0.001719 0.979056 0.7412 0.7373 0.7294
v -0.484627 -0.212162 0.919795 0.2706 0.2824 0.2471
v -0.417560 0.137179 0.996413 0.5686 0.5137 0.4627
v -0.385665 -0.051082 0.911590 0.6235 0.5686 0.5333
v -0.344663 0.100936 0.955389 0.7451 0.7255 0.7137
v -0.325164 0.060512 0.926642 0.7647 0.7569 0.7608
v -0.429239 0.224897 0.891131 0.7490 0.7255 0.7255
v -0.377921 -0.139772 0.928484 0.3922 0.3608 0.3529
v -0.375875 -0.148549 0.959898 0.5961 0.5137 0.4471
v -0.445318 0.043811 0.864867 0.6118 0.5686 0.5451
v -0.290263 -0.092426 0.993491 0.4902 0.4706 0.4471
v -0.381956 0.088437 0.891418 0.6941 0.6745 0.6510
v -0.420178 -0.164000 0.949963 0.6275 0.5529 0.4863
v -0.461895 0.113546 1.048337 0.3725 0.4275 0.1961
v -0.289450 -0.013705 0.956995 0.7373 0.7333 0.7255
v -0.480254 0.214338 0.933457 0.7294 0.7059 0.7059
v -0.498052 0.161209 0.888380 0.7294 0.7059 0.7059
v -0.452183 -0.063071 0.904827 0.6196 0.5686 0.5373
v -0.450164 -0.048543 0.876004 0.7569 0.7529 0.7451
v -0.410665 -0.158716 0.921716 0.6392 0.5882 0.5255
v -0.404975 0.250904 0.913260 0.7137 0.6902 0.6902
v -0.377480 0.137569 0.886953 0.7176 0.6941 0.6941
v -0.465506 0.060301 0.953324 0.7294 0.7216 0.7255
v -0.401226 -0.078505 0.935750 0.2667 0.2863 0.2627
v -0.399306 -0.215453 0.888161 0.2627 0.2824 0.2549
v -0.406977 0.128399 0.850561 0.7216 0.6980 0.6980
v -0.455910 -0.197944 0.975756 0.6353 0.5608 0.5020
v -0.458021 0.177442 0.842043 0.6980 0.6745 0.6745
v -0.431630 -0.027117 0.870871 0.7569 0.7255 0.7176
v -0.448874 -0.163918 0.878385 0.2941 0.3137 0.2863
v -0.448498 0.172547 0.745872 0.7098 0.6863 0.6863
v -0.452081 0.110951 0.952867 0.7216 0.6863 0.6902
v -0.475493 -0.202483 0.746701 0.6314 0.5686 0.5098
v -0.459266 0.068190 0.899524 0.6078 0.5725 0.4431
v -0.432261 0.118687 0.793160 0.6157 0.5804 0.5451
v -0.490760 0.065397 0.893743 0.7412 0.7255 0.6902
v -0.448363 -0.044357 0.873242 0.7647 0.7490 0.7373
v -0.417246 0.040400 0.852612 0.7216 0.7137 0.7176
v -0.451921 0.207882 0.851923 0.1373 0.1098 0.0706
v -0.489654 -0.146829 0.835391 0.3686 0.3765 0.3725
v -0.500036 -0.140779 0.845356 0.2627 0.2824 0.2588
v -0.540349 -0.152857 0.849904 0.2588 0.2784 0.2510
v -0.447868 0.150676 0.982426 0.7294 0.7216 0.7255
v -0.450897 -0.164335 0.867322 0.2588 0.2863 0.2588
v -0.435281 0.008763 0.862943 0.1922 0.2039 0.1765
v -0.475147 0.063934 0.795697 0.7608 0.7529 0.7569
v -0.447582 0.212999 0.819988 0.6902 0.6863 0.6784
v -0.394676 -0.010145 0.874088 0.1529 0.1608 0.1098
v -0.443580 0.020052 0.937363 0.7608 0.7529 0.7569
v -0.442201 0.078339 0.887224 0.7529 0.7490 0.7412
v -0.488052 0.124241 0.881118 0.7137 0.6902 0.6902
v -0.507651 -0.172413 0.881779 0.2353 0.2549 0.2275
v -0.508884 0.159157 0.894632 0.7137 0.6902 0.6902
v -0.522843 -0.082860 0.888870 0.6471 0.5922 0.5412
v -0.409492 -0.078371 0.934483 0.6157 0.5529 0.5020
v -0.439110 0.171733 0.923575 0.6902 0.6667 0.6667
v -0.436247 -0.116091 0.931894 0.6706 0.6157 0.5647
v -0.446766 0.171592 0.884564 0.6980 0.6745 0.6745
v -0.364639 -0.223961 0.864769 0.3020 0.3216 0.3059
v -0.419920 -0.156899 0.867385 0.2431 0.2627 0.2353
v -0.418753 -0.060669 0.938922 0.7686 0.7647 0.7569
v -0.494282 0.135192 0.851739 0.7137 0.6941 0.6824
v -0.352602 -0.057214 0.853254 0.6039 0.5686 0.5098
v -0.435903 0.078929 0.812713 0.7373 0.7294 0.7333
v -0.490573 -0.241135 0.906030 0.6392 0.5765 0.5176
v -0.360827 0.127783 0.828694 0.7059 0.7020 0.6941
v -0.451081 0.204637 0.927425 0.7608 0.7569 0.7490
v -0.453659 -0.003219 0.953830 0.7686 0.7608 0.7647
v -0.401434 0.198857 0.873380 0.7020 0.6980 0.6902
v -0.399118 0.036488 0.983448 0.7686 0.7608 0.7647
v -0.461333 0.019415 1.012738 0.7451 0.7490 0.7294
v -0.516402 -0.121826 0.851819 0.2549 0.2745 0.2510
v -0.490022 -0.047891 0.853475 0.6431 0.5804 0.5216
v -0.470765 -0.085544 0.877833 0.6392 0.5843 0.5333
v -0.422731 -0.047596 0.806923 0.7922 0.7725 0.7608
v -0.415636 -0.150838 0.841428 0.6431 0.5725 0.5176
v -0.500848 0.077713 0.862317 0.7255 0.7216 0.7137
v -0.491746 0.019569 0.882310 0.2039 0.2118 0.1608
v -0.395011 -0.178790 0.888710 0.7059 0.6431 0.5922
v -0.446175 0.069600 0.892399 0.7490 0.7412 0.7451
v -0.455549 0.145161 0.885221 0.5216 0.5882 0.3843
v -0.370347 0.247174 0.824603 0.6784 0.6745 0.6667
v -0.410193 -0.023437 0.876879 0.7647 0.7647 0.7647
v -0.522628 -0.020253 0.838417 0.7569 0.7255 0.7176
v -0.362954 0.164439 0.898452 0.7373 0.7294 0.7333
v -0.351501 0.018988 0.780646 0.7216 0.7137 0.7176
v -0.485790 0.006135 0.914142 0.6078 0.5529 0.5020
v -0.447221 0.064761 0.891054 0.7137 0.7098 0.7020
v -0.534937 0.176831 0.862931 0.7412 0.7176 0.7176
v -0.420192 -0.254797 0.928006 0.3059 0.3176 0.2745
v -0.432815 0.020166 0.847516 0.7333 0.7255 0.7294
v -0.573623 -0.006371 0.862533 0.7373 0.7294 0.7333
v -0.541255 -0.070886 0.865027 0.7569 0.7608 0.7373
v -0.476829 0.157720 0.855123 0.7294 0.7255 0.7176
v -0.407118 -0.051469 0.905813 0.2353 0.2431 0.2000
v -0.418462 0.059977 0.908762 0.7098 0.7059 0.6980
v -0.488918 -0.205472 0.909040 0.2902 0.3098 0.2863
v -0.446769 0.130276 0.803237 0.4471 0.4627 0.2235
v -0.455871 -0.188318 0.872312 0.6941 0.6392 0.5882
v -0.408562 -0.122680 0.979048 0.3294 0.3098 0.2980
v -0.383071 -0.203676 0.930941 0.6275 0.5529 0.4980
v -0.528221 -0.041953 0.891019 0.7569 0.7333 0.7333
v -0.409625 -0.078769 0.905918 0.7529 0.7373 0.7412
v -0.472062 -0.166861 0.833841 0.6745 0.6118 0.5529
v -0.591804 0.165520 0.995144 0.7176 0.6980 0.6863
v -0.510740 0.091720 0.882584 0.7176 0.7137 0.6980
v -0.603938 0.167718 0.822090 0.7373 0.7294 0.7333
v -0.495290 -0.014282 0.882058 0.7255 0.7216 0.7137
v -0.582563 0.198325 0.788580 0.7098 0.7059 0.6980
v -0.492604 -0.200480 0.805317 0.2863 0.3059 0.2824
v -0.509137 0.112630 0.818238 0.2000 0.1843 0.1412
v -0.442199 0.066741 0.866694 0.7490 0.7176 0.7098
v -0.525428 0.069216 0.874169 0.7255 0.7098 0.6980
v -0.495746 0.061262 0.925023 0.5255 0.5059 0.2549
v -0.556854 0.201114 0.980093 0.7333 0.7294 0.7216
v -0.502420 0.048511 0.936045 0.7255 0.7255 0.7176
v -0.486176 -0.063733 0.869109 0.7686 0.7333 0.7137
v -0.532760 -0.234786 0.857934 0.2706 0.2902 0.2627
v -0.514853 0.234518 0.856193 0.7098 0.6863 0.6863
v -0.469339 0.014319 0.856079 0.4902 0.5255 0.3176
v -0.507237 0.204929 0.830057 0.6314 0.6078 0.6078
v -0.489128 0.009633 0.877562 0.7294 0.7255 0.7176
v -0.552598 0.185609 0.830299 0.7098 0.6902 0.6784
v -0.563369 0.191103 0.869002 0.1176 0.0824 0.0627
v -0.362892 0.014729 0.940232 0.7412 0.7412 0.7333
v -0.526008 0.182488 0.819293 0.7098 0.6902 0.6784
v -0.545212 -0.145827 0.796320 0.5255 0.4941 0.4863
v -0.538603 0.053599 0.904132 0.7412 0.7373 0.7216
v -0.452560 -0.212183 0.853023 0.6510 0.6039 0.5490
v -0.485685 -0.266032 0.773892 0.6588 0.5882 0.5333
v -0.544917 -0.035024 0.883676 0.7333 0.7255 0.7294
v -0.472596 -0.229650 0.775800 0.6275 0.5412 0.4863
v -0.571115 -0.186415 0.824011 0.6392 0.5529 0.5020
v -0.496936 -0.238770 0.797831 0.6510 0.5765 0.5176
v -0.517229 0.217870 0.873992 0.7569 0.7333 0.7333
v -0.481714 -0.110485 0.840025 0.2039 0.2118 0.1686
v -0.594605 -0.194547 0.809977 0.2588 0.2706 0.2431
v -0.544416 -0.212764 0.929459 0.7216 0.6471 0.5922
v -0.526578 -0.085721 0.898599 0.7725 0.7529 0.7412
v -0.563851 -0.067525 0.875002 0.2196 0.2275 0.1765
v -0.512390 0.071454 0.834961 0.6353 0.6314 0.6235
v -0.577163 -0.130883 0.924306 0.6118 0.5686 0.5451
v -0.501089 -0.192051 0.818793 0.7059 0.6353 0.5804
v -0.449883 0.083962 0.849950 0.2000 0.1961 0.1176
v -0.488350 0.179653 0.810377 0.7216 0.7020 0.6902
v -0.560518 -0.060179 0.852959 0.7294 0.6902 0.6863
v -0.580576 -0.157163 0.845552 0.6627 0.6000 0.5412
v -0.489022 0.272192 0.841636 0.7569 0.7608 0.7412
v -0.518838 -0.176307 0.949417 0.2627 0.2824 0.2588
v -0.554310 0.085640 0.969201 0.7294 0.7098 0.6980
v -0.423894 0.218159 0.869411 0.6353 0.6275 0.6314
v -0.461059 -0.029901 0.883513 0.7333 0.7333 0.7255
v -0.471904 -0.161378 0.754601 0.8588 0.8588 0.8275
v -0.482749 0.119671 0.815742 0.5882 0.5569 0.5059
v -0.504617 -0.188864 0.899029 0.6980 0.6431 0.5922
v -0.447001 -0.212337 0.818619 0.5294 0.5333 0.5098
v -0.529363 -0.117495 0.758802 0.7176 0.6667 0.6314
v -0.507053 0.130362 0.852562 0.5843 0.5647 0.5412
v -0.541060 0.050792 0.953905 0.7294 0.7216 0.7255
v -0.520582 0.038215 0.867660 0.7490 0.7412 0.7451
v -0.567310 -0.075596 0.810611 0.7490 0.7333 0.7294
v -0.511706 0.225145 0.832233 0.7725 0.7686 0.7608
v -0.478766 0.204461 0.916303 0.6941 0.6745 0.6627
v -0.579497 -0.242852 0.910486 0.2980 0.3255 0.2980
v -0.532412 -0.127841 0.818530 0.2431 0.2549 0.2118
v -0.520613 -0.264279 0.935690 0.2549 0.2667 0.2235
v -0.492105 -0.085940 0.897878 0.7451 0.7412 0.7333
v -0.513655 0.114316 0.926486 0.7373 0.7020 0.7059
v -0.488148 -0.005443 0.800013 0.7176 0.7137 0.7059
v -0.578857 -0.002531 0.838842 0.2078 0.2078 0.1608
v -0.570608 -0.235698 0.852617 0.6196 0.5451 0.4863
v -0.483490 -0.131327 0.822674 0.4745 0.4784 0.4549
v -0.555258 -0.095233 0.815021 0.5373 0.5098 0.4784
v -0.611139 0.082076 0.758203 0.1804 0.2157 0.1098
v -0.516614 0.228984 0.772726 0.7176 0.6941 0.6941
v -0.537878 0.203657 0.810709 0.7333 0.7294 0.7216
v -0.505014 0.228781 0.805085 0.7608 0.7647 0.7451
v -0.502714 0.100450 0.941548 0.6706 0.6353 0.6157
v -0.544880 -0.261523 0.751256 0.6471 0.5765 0.5216
v -0.531546 0.077974 0.882230 0.7176 0.7137 0.7059
v -0.523409 0.146825 0.814409 0.3059 0.2902 0.2471
v -0.499767 -0.074727 0.765496 0.7569 0.7373 0.7255
v -0.580882 -0.191124 0.734630 0.2667 0.2863 0.2588
v -0.649879 -0.143323 0.827067 0.2667 0.2980 0.2549
v -0.575254 0.009068 0.820742 0.6784 0.6510 0.6196
v -0.600478 0.054937 0.769334 0.7294 0.7255 0.7098
v -0.620018 0.247450 0.816164 0.6941 0.6745 0.6627
v -0.629807 -0.095145 0.839341 0.7765 0.7529 0.7529
v -0.577190 -0.143397 0.743521 0.8353 0.8235 0.7961
v -0.678086 -0.100263 0.804070 0.8078 0.7882 0.7765
v -0.672645 0.224960 0.823039 0.7373 0.7412 0.7176
v -0.641500 -0.126981 0.784874 0.2510 0.2510 0.2196
v -0.541265 0.234443 0.869779 0.6941 0.6745 0.6627
v -0.587397 -0.014551 0.806776 0.2275 0.2353 0.1843
v -0.559115 0.159677 0.761359 0.7451 0.7412 0.7333
v -0.625905 -0.231694 0.773248 0.6235 0.5608 0.4980
v -0.592690 -0.124196 0.843151 0.5020 0.4863 0.4902
v -0.552221 -0.148028 0.775134 0.6471 0.5961 0.5333
v -0.580079 0.107608 0.815970 0.7098 0.6902 0.6745
v -0.647053 -0.151229 0.808054 0.2510 0.2706 0.2471
v -0.672750 0.112850 0.863869 0.7216 0.7020 0.6902
v -0.605417 0.035269 0.756950 0.7412 0.7373 0.7294
v -0.634499 0.101747 0.824610 0.7412 0.7216 0.7098
v -0.668241 -0.059675 0.765728 0.2157 0.1882 0.1569
v -0.520276 0.105779 0.841492 0.6980 0.6941 0.6784
v -0.562997 0.033843 0.808951 0.7294 0.7255 0.7176
v -0.677299 -0.003209 0.824341 0.6941 0.6824 0.6627
v -0.499663 -0.074120 0.830048 0.7490 0.7255 0.7255
v -0.563388 -0.226444 0.757147 0.2392 0.2588 0.2314
v -0.577176 0.051962 0.858837 0.7412 0.7373 0.7294
v -0.581843 0.131490 0.858113 0.7176 0.6980 0.6863
v -0.537127 0.043560 0.787875 0.5686 0.5725 0.3373
v -0.599138 -0.206405 0.683234 0.2549 0.2745 0.2471
v -0.549647 -0.010723 0.825558 0.7137 0.7098 0.6941
v -0.566008 -0.065683 0.817267 0.7608 0.7569 0.7412
v -0.581607 -0.300155 0.827002 0.2784 0.3020 0.2627
v -0.592535 0.175620 0.832751 0.6588 0.6431 0.6078
v -0.514655 -0.034415 0.747141 0.7255 0.7216 0.7059
v -0.663666 -0.018651 0.797858 0.7255 0.7216 0.7137
v -0.538802 -0.102311 0.862971 0.4941 0.5059 0.4706
v -0.659881 -0.072472 0.852882 0.6980 0.6784 0.6549
v -0.561033 -0.189798 0.823345 0.5922 0.5176 0.4510
v -0.572355 0.212780 0.780889 0.2745 0.2392 0.2118
v -0.585272 -0.177559 0.823575 0.2314 0.2549 0.2157
v -0.540995 -0.222894 0.786633 0.2392 0.2471 0.1961
v -0.670511 -0.093378 0.855431 0.7490 0.7059 0.6902
v -0.665131 0.057037 0.877689 0.7098 0.7059 0.6902
v -0.588685 -0.228362 0.823355 0.3765 0.3843 0.3725
v -0.612326 -0.155330 0.722468 0.8039 0.7843 0.7608
v -0.531044 -0.196566 0.815229 0.2784 0.3059 0.2784
v -0.526358 -0.061283 0.825596 0.7451 0.7176 0.6863
v -0.626070 0.128085 0.827936 0.7647 0.7608 0.7529
v -0.551423 -0.074948 0.819150 0.2902 0.2784 0.2510
v -0.673306 -0.008293 0.804182 0.7176 0.7255 0.5333
v -0.553532 -0.241264 0.746057 0.6235 0.5608 0.5020
v -0.595244 0.214292 0.770733 0.7373 0.7333 0.7255
v -0.585932 -0.080824 0.836018 0.7647 0.7608 0.7451
v -0.663657 -0.196478 0.781333 0.6745 0.6000 0.5451
v -0.645205 0.148439 0.832885 0.7255 0.7216 0.7059
v -0.581814 0.118543 0.785127 0.1059 0.1059 0.0980
v -0.600337 0.209720 0.831834 0.7608 0.7412 0.7294
v -0.565092 0.096020 0.828389 0.1373 0.1098 0.0706
v -0.601020 -0.118126 0.918388 0.7686 0.7373 0.7255
v -0.681018 0.235968 0.834982 0.6941 0.6745 0.6627
v -0.582061 -0.166284 0.780357 0.2471 0.2784 0.2275
v -0.592559 -0.015734 0.761690 0.7098 0.7059 0.6980
v -0.585521 -0.138321 0.836920 0.6471 0.5843 0.5255
v -0.637780 0.069067 0.783264 0.6039 0.6588 0.4196
v -0.591866 0.103467 0.740948 0.7176 0.6980 0.6863
v -0.608971 0.080340 0.848402 0.7333 0.7294 0.7216
v -0.549808 -0.028863 0.909421 0.7569 0.7373 0.7255
v -0.662903 -0.018571 0.866080 0.7176 0.6941 0.6941
v -0.599034 -0.123149 0.930458 0.7882 0.7608 0.7216
v -0.528859 0.185747 0.686949 0.6588 0.6510 0.6549
v -0.585705 0.138464 0.840921 0.7373 0.7333 0.7176
v -0.597691 0.048707 0.782883 0.2431 0.2314 0.1569
v -0.583121 -0.207821 0.786557 0.2431 0.2667 0.2275
v -0.525082 0.242297 0.833051 0.7098 0.7059 0.6980
v -0.510347 -0.137020 0.778992 0.7529 0.7333 0.7216
v -0.583342 0.177992 0.796654 0.1020 0.0863 0.0824
v -0.600544 -0.179264 0.791666 0.5882 0.5137 0.4471
v -0.688605 -0.068779 0.763735 0.2392 0.2588 0.2353
v -0.687072 0.173918 0.707557 0.2353 0.2392 0.1686
v -0.632529 0.070385 0.736581 0.7020 0.6980 0.6902
v -0.628492 0.146330 0.620102 0.6627 0.6588 0.6510
v -0.674550 -0.076849 0.793451 0.3176 0.3059 0.2706
v -0.696223 -0.248029 0.733913 0.6196 0.5451 0.4784
v -0.581252 -0.075376 0.727582 0.8510 0.8392 0.8118
v -0.526016 0.197424 0.763857 0.6314 0.6275 0.6196
v -0.591478 0.136515 0.763043 0.7059 0.7020 0.6941
v -0.759926 0.175739 0.783290 0.7294 0.7333 0.7137
v -0.633427 -0.089863 0.736575 0.6745 0.6000 0.5451
v -0.609298 -0.154984 0.774792 0.2431 0.2627 0.2353
v -0.710600 0.020893 0.794781 0.7176 0.7216 0.7020
v -0.626897 -0.177021 0.704452 0.6784 0.6275 0.5608
v -0.672758 0.206865 0.766391 0.6824 0.6745 0.6784
v -0.671915 -0.079228 0.795615 0.2745 0.2941 0.2667
v -0.577323 0.075532 0.747799 0.7137 0.7059 0.7098
v -0.731063 0.010456 0.845093 0.7137 0.7098 0.7020
v -0.716909 -0.053801 0.793225 0.6314 0.5686 0.5059
v -0.646661 0.188390 0.722878 0.6902 0.6863 0.6784
v -0.659993 -0.081863 0.795514 0.2510 0.2627 0.2353
v -0.589481 0.034349 0.767060 0.2275 0.2353 0.1843
v -0.695936 0.159868 0.700191 0.7255 0.7216 0.7137
v -0.660903 0.153594 0.874793 0.7373 0.7373 0.7373
v -0.731469 -0.024605 0.720689 0.5804 0.5333 0.4784
v -0.637032 0.114302 0.748050 0.7137 0.7098 0.6941
v -0.656331 -0.076328 0.744397 0.4000 0.4196 0.4039
v -0.617206 0.049716 0.790398 0.7255 0.7216 0.7137
v -0.595001 -0.155999 0.816552 0.6627 0.6000 0.5412
v -0.646043 0.039220 0.783272 0.7176 0.7137 0.7059
v -0.634782 0.123156 0.753407 0.6941 0.6902 0.6824
v -0.579922 -0.153458 0.743087 0.5922 0.5333 0.4588
v -0.687873 -0.091406 0.694903 0.6039 0.5451 0.4549
v -0.607816 0.155195 0.716005 0.7255 0.7216 0.7137
v -0.660688 -0.198750 0.713369 0.6118 0.5490 0.4863
v -0.699655 0.207186 0.690303 0.7412 0.7333 0.7373
v -0.645391 -0.026498 0.719846 0.7176 0.7137 0.7059
v -0.677024 0.045984 0.810237 0.7333 0.7294 0.7216
v -0.658534 0.193307 0.795260 0.7294 0.7373 0.7333
v -0.689370 -0.155016 0.762935 0.2275 0.2431 0.1843
v -0.669577 -0.025327 0.666599 0.7569 0.7529 0.7451
v -0.620237 -0.045431 0.778138 0.7451 0.7490 0.7255
v -0.674462 0.172212 0.818058 0.7216 0.7176 0.7098
v -0.603357 0.065989 0.665845 0.7451 0.7529 0.7490
v -0.690402 -0.140274 0.703677 0.2196 0.2392 0.2118
v -0.622455 -0.131528 0.736901 0.2667 0.2980 0.2549
v -0.623875 -0.272027 0.703807 0.6196 0.5686 0.5059
v -0.689989 -0.190067 0.789204 0.2745 0.2588 0.2118
v -0.638115 0.004123 0.732866 0.6118 0.6000 0.5725
v -0.637483 0.196363 0.854870 0.1490 0.1686 0.0902
v -0.673868 -0.228340 0.670777 0.6784 0.6078 0.5529
v -0.613932 -0.081068 0.778389 0.6196 0.5451 0.4902
v -0.714166 0.068429 0.673242 0.7333 0.7373 0.7176
v -0.670612 0.033880 0.732617 0.7020 0.6980 0.6902
v -0.634704 -0.065975 0.807800 0.3020 0.3137 0.2863
v -0.632616 -0.094246 0.755337 0.3255 0.3451 0.3294
v -0.625180 0.186384 0.682105 0.5294 0.5098 0.3608
v -0.671949 -0.128796 0.724501 0.5961 0.5255 0.4471
v -0.622557 0.077911 0.724353 0.7020 0.6941 0.6980
v -0.614570 -0.241736 0.861046 0.6902 0.6353 0.5843
v -0.655922 -0.046336 0.829251 0.8118 0.7882 0.7412
v -0.657736 0.044501 0.783956 0.7373 0.7333 0.7255
v -0.625343 -0.162653 0.831818 0.2941 0.2941 0.2471
v -0.603545 0.117021 0.709307 0.6902 0.6863 0.6784
v -0.680153 0.248528 0.728996 0.1059 0.0941 0.0667
v -0.594717 0.072798 0.749971 0.6157 0.6157 0.6157
v -0.695753 -0.229843 0.801621 0.4549 0.4314 0.3765
v -0.675806 0.200180 0.717081 0.6902 0.6863 0.6706
v -0.736863 0.240314 0.833807 0.6824 0.6784 0.6627
v -0.673986 0.226979 0.755722 0.7451 0.7412 0.7333
v -0.694043 -0.099396 0.776554 0.2431 0.2627 0.2392
v -0.692697 -0.042417 0.784479 0.7765 0.7569 0.7451
v -0.590407 -0.173688 0.764205 0.6588 0.5961 0.5373
v -0.698307 -0.011604 0.752213 0.7882 0.7373 0.7137
v -0.754936 -0.253339 0.910250 0.6392 0.5843 0.5333
v -0.616640 0.101227 0.783322 0.6980 0.6941 0.6784
v -0.669682 -0.078596 0.673102 0.6275 0.5765 0.5137
v -0.735068 -0.094702 0.752177 0.2275 0.2392 0.2039
v -0.630024 -0.102946 0.742006 0.2667 0.2863 0.2627
v -0.712470 0.058897 0.831573 0.7412 0.7412 0.7412
v -0.843243 0.233557 0.675553 0.7059 0.7020 0.6941
v -0.788634 -0.228722 0.667771 0.6000 0.5451 0.4941
v -0.735935 0.104948 0.663485 0.7412 0.7412 0.7333
v -0.649999 -0.190485 0.752112 0.5765 0.5020 0.4353
v -0.749925 -0.110530 0.664683 0.6039 0.5686 0.5098
v -0.687248 -0.115550 0.672304 0.2353 0.2353 0.1961
v -0.649095 0.241152 0.701653 0.6706 0.6588 0.6314
v -0.699438 -0.130737 0.673060 0.5608 0.5294 0.4784
v -0.687341 -0.096864 0.693779 0.2353 0.2588 0.2196
v -0.693818 -0.008000 0.707359 0.4980 0.4863 0.4588
v -0.686336 0.020019 0.661321 0.7020 0.6980 0.6824
v -0.692875 -0.117424 0.666852 0.6353 0.5882 0.5255
v -0.763873 0.202590 0.717061 0.5882 0.5490 0.5020
v -0.714591 -0.191785 0.690772 0.5961 0.5451 0.4824
v -0.676332 0.083219 0.609769 0.2039 0.2275 0.1804
v -0.729902 0.098437 0.661828 0.7529 0.7569 0.7373
v -0.665084 -0.230914 0.689436 0.6706 0.6196 0.5569
v -0.641370 -0.046178 0.729133 0.4784 0.4667 0.4392
v -0.735777 -0.096773 0.697110 0.2431 0.2627 0.2353
v -0.708630 0.097827 0.632849 0.7294 0.7333 0.7137
v -0.688808 0.213890 0.705333 0.7451 0.7451 0.7451
v -0.750526 0.057498 0.753925 0.7098 0.7059 0.6980
v -0.746325 0.217098 0.745677 0.3529 0.4157 0.1725
v -0.753945 -0.075417 0.690413 0.2510 0.2706 0.2431
v -0.652664 0.019973 0.711261 0.2353 0.2471 0.2118
v -0.754086 0.027926 0.707973 0.7098 0.7059 0.6980
v -0.773484 -0.139033 0.696245 0.5961 0.5255 0.4392
v -0.702766 0.039637 0.700318 0.8431 0.8157 0.7843
v -0.766257 0.241344 0.600714 0.7412 0.7412 0.7412
v -0.680902 0.266198 0.657192 0.1882 0.1765 0.1176
v -0.679914 -0.086996 0.687067 0.5961 0.5451 0.4784
v -0.693463 0.075269 0.679091 0.2196 0.2235 0.1922
v -0.785067 -0.088408 0.694411 0.2510 0.2824 0.2392
v -0.636008 -0.083045 0.631647 0.2471 0.2667 0.2392
v -0.810066 0.066909 0.694755 0.2706 0.2588 0.2235
v -0.679617 -0.149431 0.661339 0.2549 0.2941 0.2627
v -0.747320 -0.083114 0.668022 0.2235 0.2471 0.2078
v -0.730930 -0.274731 0.726080 0.6667 0.6196 0.5647
v -0.765942 0.208981 0.745645 0.6706 0.6745 0.6510
v -0.672750 -0.016405 0.727052 0.2667 0.2863 0.2706
v -0.740537 -0.058952 0.765452 0.4863 0.4745 0.4471
v -0.754221 0.184803 0.732102 0.6902 0.6863 0.6706
v -0.721834 0.010544 0.684870 0.7098 0.7137 0.6941
v -0.692068 0.115435 0.685334 0.6745 0.6706 0.6627
v -0.676487 0.035118 0.672582 0.6824 0.6510 0.6431
v -0.658688 0.048219 0.536924 0.7569 0.7569 0.7490
v -0.707224 -0.239119 0.644648 0.6157 0.5529 0.4902
v -0.703330 -0.136619 0.630226 0.6745 0.6275 0.5647
v -0.747988 -0.074723 0.719126 0.3490 0.3725 0.3569
v -0.679309 0.117412 0.652169 0.6392 0.6039 0.5765
v -0.723836 0.044561 0.734192 0.7176 0.7137 0.7059
v -0.786188 0.154184 0.693152 0.7490 0.7451 0.6235
v -0.709494 -0.205447 0.668150 0.6314 0.5686 0.5059
v -0.741794 -0.180827 0.576943 0.6667 0.6157 0.5529
v -0.775732 -0.042088 0.606021 0.7725 0.7686 0.7608
v -0.703758 -0.038527 0.685064 0.6078 0.5451 0.4941
v -0.649637 0.043225 0.695806 0.7098 0.7059 0.6980
v -0.701559 0.075685 0.811790 0.6078 0.5725 0.5059
v -0.791353 0.036165 0.663663 0.7686 0.7725 0.7490
v -0.689305 -0.013044 0.702572 0.2549 0.2667 0.2392
v -0.738912 0.076624 0.705277 0.7451 0.7490 0.7294
v -0.679340 0.123859 0.656813 0.7373 0.7412 0.7176
v -0.771287 -0.009130 0.717408 0.7804 0.7647 0.7608
v -0.678487 -0.167801 0.643000 0.6000 0.5255 0.4667
v -0.782867 0.249733 0.762314 0.4118 0.4902 0.2510
v -0.776894 0.195128 0.637268 0.4902 0.5098 0.2588
v -0.730442 -0.000613 0.640566 0.5922 0.5412 0.4784
v -0.721901 -0.185003 0.653013 0.5725 0.5020 0.4235
v -0.674830 0.095988 0.662840 0.1961 0.2078 0.1725
v -0.684674 -0.217908 0.718433 0.5961 0.5412 0.4902
v -0.741837 0.228816 0.713011 0.6980 0.6941 0.6784
v -0.746695 -0.152335 0.676823 0.5961 0.5137 0.4314
v -0.671270 -0.109116 0.758201 0.2902 0.3176 0.2902
v -0.724111 -0.081418 0.752521 0.6353 0.5490 0.4980
v -0.711113 -0.211290 0.741571 0.2824 0.3098 0.2824
v -0.704005 -0.018646 0.697790 0.8314 0.8039 0.7725
v -0.728244 0.133302 0.659947 0.4588 0.4275 0.2863
v -0.740268 -0.018566 0.729380 0.7412 0.7216 0.7098
v -0.706612 -0.020246 0.749421 0.7882 0.7961 0.7765
v -0.716734 -0.093015 0.712544 0.2471 0.2667 0.2392
v -0.861677 0.052957 0.581046 0.6667 0.6471 0.6235
v -0.699447 0.146885 0.585350 0.2902 0.2745 0.1255
v -0.765491 -0.032455 0.595926 0.2510 0.2627 0.2275
v -0.830099 0.212133 0.735079 0.6980 0.7137 0.7098
v -0.808670 0.096122 0.637887 0.6824 0.6824 0.6824
v -0.821115 -0.145548 0.614429 0.2039 0.2275 0.1882
v -0.737091 0.080659 0.597043 0.7412 0.7412 0.7412
v -0.831273 0.021573 0.615397 0.7412 0.7490 0.7373
v -0.763702 0.104511 0.679405 0.5843 0.5529 0.4118
v -0.822239 0.175656 0.652835 0.7020 0.7059 0.6863
v -0.784360 -0.193132 0.579765 0.2667 0.2980 0.2549
v -0.728472 -0.163175 0.603823 0.3373 0.3608 0.3216
v -0.849000 -0.252310 0.751469 0.6353 0.5882 0.5255
v -0.748636 -0.176707 0.716625 0.6196 0.5725 0.5255
v -0.779732 0.047429 0.616238 0.6824 0.6863 0.6667
v -0.860676 0.256335 0.647934 0.2118 0.2275 0.1216
v -0.724284 0.198918 0.580696 0.5216 0.5765 0.3451
v -0.744176 0.219865 0.597214 0.6000 0.6275 0.3608
v -0.802419 -0.041835 0.630424 0.7255 0.7333 0.7216
v -0.817870 0.258262 0.704877 0.2275 0.2157 0.1569
v -0.791430 0.126439 0.637708 0.7294 0.7294 0.7294
v -0.794624 -0.056817 0.707905 0.7412 0.7412 0.7412
v -0.731320 0.008506 0.616664 0.6784 0.6667 0.6392
v -0.843671 -0.164200 0.588845 0.2314 0.2431 0.2157
v -0.748768 -0.061616 0.634691 0.7451 0.7451 0.7451
v -0.803414 0.195676 0.639157 0.7333 0.7333 0.7333
v -0.787917 0.080058 0.562370 0.6745 0.6706 0.6627
v -0.823037 0.194958 0.678623 0.4824 0.4902 0.2353
v -0.705854 0.218112 0.601421 0.5647 0.5294 0.4941
v -0.760227 0.094523 0.650994 0.6000 0.5725 0.4706
v -0.847471 -0.054229 0.632584 0.7176 0.7137 0.6941
v -0.763797 0.173169 0.620977 0.7255 0.7333 0.7294
v -0.795043 -0.096978 0.585866 0.8510 0.8510 0.8196
v -0.855643 -0.198252 0.548561 0.2941 0.3255 0.2824
v -0.844565 0.019094 0.667692 0.7451 0.7451 0.7451
v -0.836519 0.120808 0.530024 0.3373 0.3137 0.1098
v -0.727762 -0.133893 0.637335 0.2471 0.2588 0.2235
v -0.835125 -0.018011 0.647144 0.3922 0.3294 0.1294
v -0.763574 0.003772 0.713989 0.2275 0.2353 0.1922
v -0.804628 0.108091 0.600235 0.7020 0.7059 0.6863
v -0.804078 0.085566 0.643251 0.6824 0.6784 0.6627
v -0.783881 -0.019147 0.683827 0.7373 0.7333 0.7255
v -0.805991 0.125653 0.633492 0.7373 0.7412 0.7216
v -0.776814 0.257544 0.632788 0.6980 0.7020 0.6824
v -0.784311 -0.006481 0.565281 0.7373 0.7451 0.7333
v -0.784200 0.035898 0.586234 0.6980 0.7059 0.6941
v -0.741999 -0.141723 0.567498 0.3569 0.3373 0.3137
v -0.781941 0.125641 0.614554 0.2706 0.2510 0.1647
v -0.802153 -0.074730 0.615339 0.7529 0.7529 0.7451
v -0.818319 -0.040598 0.631855 0.2510 0.2510 0.2039
v -0.734987 -0.156387 0.632607 0.2667 0.2902 0.2510
v -0.806289 -0.095884 0.668424 0.6196 0.5765 0.5059
v -0.806548 0.078677 0.707640 0.2118 0.2353 0.1961
v -0.760662 -0.139849 0.652112 0.2549 0.2745 0.2510
v -0.753996 -0.064777 0.704299 0.2392 0.2510 0.2235
v -0.770119 -0.085026 0.679594 0.7647 0.7490 0.7137
v -0.807920 0.172784 0.525789 0.4392 0.5490 0.3216
v -0.739962 0.150220 0.510690 0.6980 0.6980 0.6980
v -0.828328 0.069446 0.545088 0.6902 0.6902 0.6902
v -0.625456 0.102187 0.635717 0.7765 0.7765 0.7451
v -0.751240 0.214052 0.643860 0.7255 0.7333 0.7294
v -0.794055 -0.156486 0.556315 0.2314 0.2431 0.2078
v -0.811356 0.031675 0.696654 0.2471 0.2353 0.2078
v -0.801044 0.122649 0.533844 0.7020 0.7059 0.6863
v -0.791925 0.112284 0.663191 0.5922 0.5608 0.4784
v -0.817014 0.065214 0.639579 0.7098 0.7020 0.6549
v -0.768361 -0.070511 0.562406 0.2941 0.2784 0.2314
v -0.769399 -0.032282 0.618642 0.7294 0.7137 0.7098
v -0.833274 -0.100844 0.605092 0.2510 0.2706 0.2431
v -0.811374 -0.058461 0.519665 0.7373 0.7216 0.7098
v -0.794821 -0.135710 0.679178 0.2706 0.2902 0.2667
v -0.681975 -0.235576 0.642680 0.2706 0.2980 0.2706
v -0.816899 -0.079031 0.698115 0.5804 0.5333 0.4863
v -0.839553 -0.028989 0.544768 0.7333 0.7294 0.7216
v -0.791893 0.143004 0.609525 0.6353 0.6471 0.4392
v -0.747051 0.270071 0.649746 0.5765 0.5490 0.5098
v -0.771631 -0.086010 0.640850 0.7451 0.7451 0.7451
v -0.751784 0.220648 0.578899 0.2588 0.2902 0.1294
v -0.797946 0.247552 0.638115 0.6941 0.6980 0.6745
v -0.831187 0.060655 0.601317 0.7412 0.7451 0.7255
v -0.863006 0.189527 0.612931 0.7176 0.7216 0.7020
v -0.929020 0.019354 0.652852 0.7020 0.6980 0.6902
v -0.799291 -0.221168 0.601182 0.6078 0.5569 0.4941
v -0.828332 -0.004997 0.531450 0.7373 0.7373 0.7373
v -0.771183 0.076582 0.607333 0.7333 0.7333 0.7333
v -0.844387 -0.081034 0.579215 0.8196 0.7843 0.7569
v -0.773407 0.010491 0.571397 0.6784 0.6824 0.6588
v -0.804946 -0.106803 0.520434 0.7137 0.6941 0.6824
v -0.818243 -0.064934 0.613767 0.7412 0.7412 0.7412
v -0.822190 0.028908 0.578735 0.3451 0.3216 0.1176
v -0.831456 -0.079878 0.570261 0.6941 0.6745 0.6627
v -0.862802 0.248759 0.504128 0.4314 0.5059 0.2863
v -0.808877 0.175048 0.514982 0.7020 0.7020 0.7020
v -0.882098 -0.009689 0.614742 0.6745 0.6824 0.6784
v -0.867552 0.101984 0.539144 0.5961 0.5686 0.4039
v -0.789626 -0.134033 0.574280 0.2000 0.2196 0.1961
v -0.783889 -0.103292 0.566610 0.2510 0.2588 0.2039
v -0.794619 0.022124 0.515980 0.1137 0.0863 0.0471
v -0.813490 -0.193946 0.490380 0.2510 0.2824 0.2392
v -0.808754 -0.011312 0.542517 0.7255 0.7294 0.7098
v -0.880259 -0.030219 0.592184 0.2078 0.2157 0.1647
v -0.800155 -0.053062 0.528707 0.1804 0.1922 0.1569
v -0.873730 0.101452 0.478252 0.2627 0.2706 0.2196
v -0.772375 0.122560 0.492387 0.6392 0.6196 0.5961
v -0.808395 -0.090759 0.557278 0.7137 0.7176 0.6980
v -0.798062 -0.003802 0.630674 0.7059 0.7098 0.6902
v -0.818657 0.200161 0.647225 0.7333 0.7412 0.7373
v -0.934964 -0.094239 0.525943 0.7333 0.7412 0.7373
v -0.724976 -0.127789 0.602970 0.7725 0.7412 0.6902
v -0.789227 0.091746 0.667366 0.7333 0.7333 0.7333
v -0.845915 0.135710 0.486263 0.6392 0.6431 0.6235
v -0.923172 -0.188530 0.523789 0.2627 0.2863 0.2706
v -0.907935 0.014479 0.478825 0.7098 0.7137 0.6941
v -0.879438 0.011133 0.547260 0.2196 0.2353 0.1765
v -0.847441 0.194423 0.584641 0.2157 0.3333 0.1294
v -0.886727 -0.044659 0.590427 0.0941 0.0667 0.0431
v -0.909826 -0.052464 0.601936 0.2314 0.2431 0.2078
v -0.803939 0.156250 0.585363 0.1961 0.1725 0.1176
v -0.879698 0.091807 0.540952 0.6471 0.6471 0.6471
v -0.764138 -0.117398 0.506315 0.2039 0.2118 0.1686
v -0.860220 -0.227562 0.569881 0.2118 0.2431 0.2000
v -0.763237 -0.193296 0.514514 0.5176 0.4824 0.4471
v -0.931216 -0.255800 0.700721 0.2431 0.2745 0.2235
v -0.945587 -0.000680 0.545320 0.3608 0.3608 0.3294
v -0.793221 -0.133495 0.534963 0.8196 0.8235 0.8000
v -0.844073 -0.008971 0.525026 0.6667 0.6510 0.6157
v -0.903361 0.223218 0.566408 0.3412 0.4000 0.1843
v -0.727828 -0.202225 0.465775 0.2784 0.3098 0.2588
v -0.798954 0.170771 0.501902 0.4157 0.5255 0.2941
v -0.873532 0.007043 0.561329 0.7098 0.7059 0.6902
v -0.883900 -0.104877 0.525958 0.8196 0.7843 0.7569
v -0.868973 -0.079448 0.590074 0.7373 0.7412 0.7216
v -0.871035 0.273307 0.467917 0.6745 0.6784 0.6588
v -0.794784 -0.064581 0.517276 0.7176 0.7255 0.7137
v -0.831146 -0.223004 0.513423 0.5882 0.5529 0.4941
v -0.827668 -0.086240 0.592176 0.7412 0.7412 0.7412
v -0.851366 0.017713 0.586982 0.6314 0.6118 0.5882
v -0.701267 -0.160347 0.501452 0.2471 0.2667 0.2392
v -0.863481 -0.023193 0.537968 0.7255 0.7294 0.7098
v -0.863915 0.206160 0.514771 0.6941 0.6980 0.6784
v -0.851715 0.035233 0.542310 0.6627 0.6667 0.6471
v -0.756336 -0.123023 0.550745 0.7255 0.7294 0.7098
v -0.785236 -0.113062 0.656606 0.7020 0.7059 0.6863
v -0.849048 -0.159260 0.522496 0.2235 0.2431 0.2157
v -0.909737 -0.031866 0.597950 0.2000 0.2039 0.1725
v -0.755533 -0.047143 0.681635 0.5255 0.5451 0.5176
v -0.894005 0.151000 0.531083 0.7255 0.7333 0.7294
v -0.848063 -0.277393 0.658545 0.2706 0.3020 0.2588
v -0.896053 -0.143814 0.535198 0.2431 0.2667 0.2275
v -0.846876 -0.039014 0.575870 0.8745 0.8745 0.8431
v -0.847153 -0.018736 0.499650 0.8196 0.8235 0.7922
v -0.854616 -0.062897 0.538986 0.6784 0.6824 0.6627
v -0.830436 -0.146351 0.562951 0.7294 0.7294 0.7294
v -0.880893 -0.102473 0.570119 0.7373 0.7333 0.7255
v -0.760996 -0.167651 0.547223 0.2784 0.2745 0.2667
v -0.899786 -0.056946 0.538036 0.7373 0.7412 0.7216
v -0.830369 0.122425 0.541845 0.7255 0.7333 0.7294
v -0.782134 -0.144268 0.567021 0.6980 0.7020 0.6824
v -0.837453 0.062001 0.554328 0.6902 0.6863 0.6784
v -0.861000 0.208156 0.652501 0.6706 0.6745 0.6549
v -0.955510 -0.002546 0.459606 0.3098 0.2784 0.1255
v -0.894235 0.183799 0.617517 0.6510 0.6549 0.6353
v -0.815035 -0.023631 0.463416 0.7216 0.7137 0.7176
v -0.869386 0.034254 0.549730 0.7333 0.7294 0.7216
v -0.813814 0.067546 0.520734 0.5765 0.5490 0.5255
v -0.876789 -0.061047 0.550936 0.7333 0.7294 0.7216
v -0.858377 -0.084159 0.446224 0.7373 0.7294 0.7333
v -0.828891 0.036012 0.505724 0.5922 0.5569 0.5294
v -0.897723 0.131953 0.577543 0.6314 0.6000 0.4078
v -0.871413 0.059319 0.482492 0.6980 0.6941 0.6863
v -0.846210 0.026002 0.435081 0.7255 0.7216 0.7137
v -0.790328 -0.165233 0.453655 0.2667 0.2863 0.2627
v -0.891415 -0.120903 0.431382 0.4471 0.4549 0.4353
v -0.863118 0.027749 0.561505 0.7333 0.7333 0.7255
v -0.826643 0.065448 0.467122 0.7294 0.7294 0.7294
v -0.926009 0.087078 0.431397 0.7451 0.7529 0.7098
v -0.929326 -0.195447 0.466364 0.2235 0.2510 0.2235
v -0.889300 -0.037004 0.511989 0.6980 0.6941 0.6863
v -0.842241 -0.253118 0.517731 0.2627 0.2667 0.2353
v -0.923488 -0.056936 0.386217 0.7294 0.7255 0.7176
v -0.854422 0.204430 0.420871 0.6941 0.6902 0.6824
v -0.851902 -0.228644 0.430282 0.2431 0.2824 0.2510
v -0.863718 0.004523 0.492959 0.6510 0.6314 0.6078
v -0.813489 -0.012336 0.439906 0.6863 0.6824 0.6667
v -0.845838 -0.044065 0.485886 0.6745 0.6706 0.6627
v -0.855761 0.176517 0.393914 0.6627 0.6431 0.6314
v -0.977538 0.099868 0.465675 0.6667 0.6314 0.5961
v -0.840282 0.104571 0.466087 0.7608 0.7647 0.7333
v -0.831417 0.184350 0.586615 0.6863 0.6824 0.6745
v -0.878017 -0.159537 0.423177 0.2235 0.2431 0.2157
v -0.850792 0.060559 0.480685 0.6588 0.6549 0.6471
v -0.942055 0.004843 0.466853 0.6824 0.6627 0.6510
v -0.950560 0.102702 0.575213 0.5373 0.4980 0.4000
v -0.848227 -0.110482 0.553802 0.7255 0.7294 0.7098
v -0.870338 0.220126 0.386517 0.7020 0.6980 0.6902
v -0.853216 0.191094 0.537887 0.5843 0.5804 0.5725
v -0.906294 -0.111130 0.477077 0.7255 0.7216 0.7137
v -0.965964 0.127711 0.436010 0.6824 0.6784 0.6706
v -0.824902 -0.034487 0.470557 0.7255 0.7216 0.7137
v -0.872416 0.060722 0.593621 0.6863 0.6863 0.6784
v -0.862317 0.082707 0.527923 0.6902 0.6706 0.6588
v -0.816422 -0.144244 0.478540 0.2471 0.2588 0.2314
v -0.880234 0.046350 0.493545 0.6863 0.6824 0.6745
v -0.878660 0.063273 0.596868 0.5137 0.5098 0.5020
v -0.822161 -0.103335 0.415377 0.2353 0.2471 0.2118
v -0.855409 0.002606 0.487890 0.7137 0.7137 0.7137
v -0.850541 -0.243996 0.482008 0.1922 0.2118 0.1843
v -0.835456 -0.049489 0.484757 0.6745 0.6784 0.6588
v -0.915656 0.137501 0.489346 0.6745 0.6588 0.4745
v -0.813086 0.189084 0.511520 0.7059 0.7020 0.6941
v -0.924856 -0.086266 0.531024 0.7137 0.7098 0.7020
v -0.898602 0.174211 0.555833 0.5882 0.5843 0.5765
v -0.890623 0.004230 0.469332 0.2392 0.2118 0.1804
v -0.877021 -0.088786 0.458332 0.6824 0.6863 0.6667
v -0.868401 -0.081772 0.390075 0.7451 0.7529 0.7333
v -0.787030 0.215742 0.506047 0.7176 0.7176 0.7176
v -0.877408 -0.193890 0.443115 0.7843 0.7490 0.7216
v -0.908426 0.197712 0.477911 0.4275 0.4275 0.1765
v -0.927102 -0.164641 0.463051 0.2235 0.2706 0.2157
v -0.942870 -0.048455 0.449165 0.6980 0.6941 0.6863
v -0.866515 -0.143725 0.541587 0.7647 0.7647 0.7647
v -0.782918 -0.152202 0.543527 0.7020 0.7059 0.6863
v -0.900580 0.038182 0.471126 0.6667 0.6627 0.6549
v -0.922449 -0.083364 0.450118 0.6824 0.6863 0.6667
v -0.874922 0.140470 0.480649 0.7333 0.7333 0.7333
v -0.952120 -0.011431 0.515657 0.1216 0.1098 0.0824
v -0.958107 -0.044743 0.457479 0.7333 0.7294 0.7216
v -0.861687 0.212730 0.476812 0.5608 0.5333 0.5020
v -0.845998 0.020850 0.420409 0.2275 0.2275 0.1882
v -0.890568 0.104739 0.474534 0.6863 0.6588 0.4941
v -0.802915 -0.057748 0.459710 0.7176 0.7020 0.6902
v -0.772441 -0.243822 0.500338 0.5412 0.5294 0.5020
v -0.850292 0.026937 0.436387 0.2039 0.2078 0.1843
v -0.817363 0.048411 0.476170 0.7255 0.7333 0.7216
v -0.816778 0.048913 0.458001 0.7098 0.7059 0.6980
v -0.850370 0.140571 0.532051 0.5216 0.4784 0.3529
v -0.861188 -0.164859 0.494467 0.7765 0.7608 0.7255
v -0.832761 -0.089010 0.431694 0.7255 0.7255 0.7176
v -0.851213 -0.046855 0.562033 0.7098 0.7098 0.7098
v -0.947001 0.055542 0.442931 0.6588 0.6549 0.6471
v -0.885507 0.012907 0.415899 0.7098 0.7059 0.6980
v -0.870164 0.181292 0.467887 0.6784 0.6745 0.6667
v -0.913523 0.198820 0.443338 0.7137 0.7098 0.7020
v -1.013138 0.123263 0.524204 0.6510 0.6510 0.6588
v -0.957764 -0.037767 0.339862 0.7333 0.7333 0.7333
v -0.865865 0.008045 0.421967 0.7255 0.7216 0.7137
v -0.761984 0.125949 0.365084 0.6824 0.6824 0.6902
v -0.936823 -0.070245 0.349635 0.7412 0.7373 0.7294
v -0.862976 -0.190080 0.381801 0.7373 0.7333 0.7255
v -0.989660 -0.253566 0.465049 0.7137 0.7098 0.7020
v -0.900435 0.046531 0.425054 0.6824 0.6784 0.6706
v -0.920736 -0.047908 0.451363 0.6902 0.6863 0.6784
v -0.903934 -0.043417 0.391102 0.7137 0.7098 0.7020
v -0.985144 0.032719 0.371901 0.6039 0.5804 0.5176
v -0.827534 -0.006653 0.407886 0.5961 0.5765 0.5529
v -0.859203 0.185896 0.383260 0.7294 0.7255 0.7176
v -0.964820 0.168068 0.419309 0.6627 0.6549 0.6588
v -0.852408 0.202969 0.446074 0.7098 0.7020 0.7059
v -0.947819 -0.166331 0.391195 0.7412 0.7451 0.7255
v -0.923186 0.054734 0.433076 0.6980 0.6941 0.6863
v -0.851551 -0.228569 0.419455 0.7490 0.7255 0.7255
v -0.973352 0.101236 0.430861 0.6824 0.6824 0.6824
v -0.985924 -0.041090 0.337224 0.5686 0.5529 0.5412
v -0.928023 0.070044 0.424716 0.7020 0.7059 0.6863
v -0.903690 -0.133483 0.366087 0.7373 0.7333 0.7255
v -0.969985 0.105422 0.426041 0.6667 0.6588 0.6627
v -0.920281 -0.172296 0.391265 0.7333 0.7373 0.7176
v -0.982024 0.143381 0.375167 0.5765 0.5490 0.5176
v -0.902560 -0.135344 0.401868 0.6314 0.6235 0.6275
v -0.884195 -0.114028 0.408245 0.6667 0.6549 0.6275
v -0.921807 0.248858 0.365840 0.6980 0.6941 0.6863
v -0.881249 0.121639 0.410805 0.6863 0.6863 0.6941
v -0.948887 -0.103841 0.473987 0.7098 0.7020 0.7059
v -0.852072 0.020201 0.429186 0.6667 0.6627 0.6471
v -0.875764 0.168613 0.465907 0.4275 0.4157 0.2078
v -0.801011 0.141974 0.435089 0.7255 0.7216 0.7137
v -0.918436 0.226283 0.429766 0.6824 0.6784 0.6706
v -0.824243 0.023670 0.491573 0.5569 0.5137 0.4902
v -0.970101 -0.036198 0.502230 0.6941 0.6902 0.6824
v -0.918081 -0.174187 0.506635 0.7255 0.7255 0.7176
v -0.984691 0.201652 0.327383 0.7333 0.7333 0.7333
v -0.896776 -0.023274 0.392895 0.5176 0.4980 0.4745
v -0.786217 -0.030864 0.358335 0.6902 0.6863 0.6784
v -0.958343 -0.025420 0.423349 0.7373 0.7333 0.7255
v -0.910046 -0.164779 0.381981 0.7412 0.7373 0.7294
v -0.983772 0.253210 0.489609 0.7098 0.7059 0.6980
v -0.908663 0.104150 0.480644 0.5608 0.5255 0.3725
v -0.912730 0.203834 0.401538 0.6549 0.6510 0.6431
v -0.972228 0.145245 0.438732 0.4118 0.3961 0.1569
v -0.935281 -0.158766 0.390724 0.7020 0.7020 0.6941
v -0.911320 -0.225148 0.416976 0.7294 0.7255 0.7176
v -0.973320 -0.086930 0.385729 0.7098 0.7059 0.6980
v -0.923805 0.181212 0.307191 0.7255 0.7255 0.7255
v -0.936816 0.022716 0.406512 0.6039 0.5882 0.5529
v -0.849824 -0.215246 0.377371 0.7412 0.7373 0.7216
v -0.895156 0.153158 0.436825 0.7216 0.7137 0.7176
v -0.936201 -0.139077 0.439013 0.7373 0.7333 0.7255
v -0.935379 0.102117 0.474970 0.6588 0.6549 0.6471
v -0.878823 -0.109358 0.499662 0.6706 0.6588 0.6314
v -0.832285 0.160627 0.477249 0.5922 0.5804 0.5529
v -0.846363 0.097734 0.404240 0.5804 0.5529 0.3412
v -0.949511 0.229173 0.438948 0.3255 0.3137 0.2392
v -1.043252 -0.238034 0.501494 0.2039 0.2157 0.1882
v -0.916067 -0.080582 0.493485 0.7059 0.7020 0.6941
v -0.957250 -0.177215 0.438101 0.7490 0.7137 0.7176
v -0.809969 0.227047 0.501011 0.3882 0.4118 0.2784
v -0.960209 0.026565 0.415345 0.7373 0.7373 0.7451
v -0.793001 -0.099294 0.405038 0.7333 0.7294 0.7216
v -0.917587 -0.144299 0.368019 0.7647 0.7255 0.6784
v -0.974032 -0.073272 0.448497 0.7255 0.7216 0.7137
v -0.928060 -0.243306 0.479024 0.6784 0.6745 0.6667
v -0.936678 -0.124920 0.422263 0.7176 0.7137 0.7059
v -0.894041 0.087577 0.433552 0.7333 0.7333 0.7333
v -0.887137 0.180294 0.435222 0.6588 0.6549 0.6471
v -0.948886 0.129449 0.379883 0.7373 0.7373 0.7373
v -0.873254 0.045986 0.461431 0.7255 0.7255 0.7176
v -0.864414 0.034135 0.415889 0.7098 0.7137 0.6941
v -0.831613 -0.254922 0.299974 0.2510 0.2706 0.2549
v -0.889098 0.240099 0.360278 0.6588 0.6549 0.6471
v -0.894114 -0.122607 0.462055 0.6824 0.6784 0.6627
v -0.905573 -0.263680 0.306912 0.7647 0.7373 0.7686
v -0.928365 0.192046 0.239405 0.4078 0.4275 0.3020
v -0.924843 0.228233 0.356647 0.6549 0.6353 0.6588
v -0.905754 -0.208710 0.378750 0.7294 0.7098 0.7333
v -0.963883 -0.102865 0.346789 0.7255 0.7176 0.7608
v -0.906949 -0.140514 0.332084 0.6980 0.6745 0.6902
v -0.983666 0.075257 0.325109 0.6510 0.6196 0.6627
v -0.980312 -0.014673 0.378889 0.6824 0.6627 0.6863
v -1.013684 -0.236520 0.296821 0.7490 0.7255 0.7647
v -0.905323 0.072414 0.335569 0.6824 0.6549 0.6863
v -0.938133 -0.194684 0.367004 0.7176 0.6863 0.7294
v -0.941432 0.274368 0.424829 0.7020 0.6706 0.7137
v -1.036382 0.134892 0.424815 0.7059 0.6863 0.7098
v -0.926207 -0.141640 0.346175 0.6980 0.6706 0.7020
v -0.979923 0.098176 0.220101 0.7176 0.6980 0.7216
v -0.863147 0.250338 0.300169 0.6980 0.6745 0.7137
v -0.893332 0.197756 0.289946 0.7451 0.7137 0.7569
v -0.962515 0.080755 0.242594 0.7216 0.7020 0.7255
v -0.952936 -0.169967 0.337551 0.7373 0.6941 0.6706
v -0.947393 -0.208581 0.282491 0.4275 0.4078 0.3961
v -0.937523 -0.243155 0.348620 0.7529 0.7569 0.7765
v -1.043358 0.083949 0.355478 0.5882 0.5294 0.3608
v -0.955754 0.158262 0.314574 0.7451 0.7137 0.7569
v -0.971237 -0.143410 0.336288 0.2118 0.2314 0.2157
v -0.931097 0.262969 0.315950 0.7294 0.7098 0.7333
v -0.970301 -0.239522 0.310161 0.7255 0.7059 0.7294
v -1.027378 0.063504 0.303650 0.7176 0.6980 0.7216
v -0.978881 0.142099 0.291090 0.6824 0.6627 0.6863
v -0.864546 0.128398 0.270747 0.7529 0.7333 0.7608
v -0.957297 -0.031056 0.328346 0.7216 0.6824 0.7137
v -0.938765 -0.221533 0.256767 0.7255 0.7059 0.7294
v -0.927612 -0.267691 0.268097 0.7647 0.7451 0.7608
v -0.940875 0.247610 0.354035 0.6745 0.6549 0.6784
v -0.964584 -0.054247 0.419965 0.7059 0.6824 0.6980
v -0.903256 -0.025216 0.347353 0.7216 0.6941 0.7255
v -0.950294 0.217474 0.281717 0.3098 0.3255 0.2353
v -0.893227 0.205432 0.363209 0.6588 0.6392 0.6627
v -0.972942 0.064055 0.242629 0.5490 0.4980 0.4353
v -0.886928 -0.206661 0.289037 0.7255 0.6980 0.7294
v -1.016848 -0.179931 0.318311 0.7176 0.6980 0.7216
v -0.904421 0.056702 0.342567 0.6902 0.6588 0.7020
v -0.937221 -0.101537 0.387367 0.6980 0.6627 0.6824
v -0.927195 0.206718 0.282374 0.3020 0.3216 0.1961
v -0.966953 0.255909 0.431500 0.6549 0.6353 0.6588
v -0.927749 -0.162729 0.310158 0.7529 0.7333 0.7569
v -0.940449 -0.185834 0.344676 0.2275 0.2471 0.2314
v -0.952481 -0.108885 0.308854 0.6902 0.6627 0.6941
v -0.882481 0.191418 0.305803 0.6549 0.6353 0.6588
v -0.948422 0.216863 0.369897 0.6627 0.6431 0.6667
v -0.946408 0.028700 0.303792 0.7294 0.6980 0.7412
v -0.932238 -0.073398 0.225034 0.3608 0.3412 0.3255
v -0.881777 -0.069764 0.297558 0.7176 0.6902 0.7216
v -1.014336 0.167074 0.365839 0.6706 0.6510 0.6745
v -0.950077 0.134218 0.332561 0.7412 0.7098 0.7529
v -0.958554 0.130632 0.286334 0.4039 0.3922 0.1765
v -0.992463 -0.169947 0.394091 0.7098 0.6902 0.7137
v -0.875321 -0.216551 0.339575 0.7098 0.6824 0.7137
v -0.939129 0.167264 0.255728 0.5765 0.5451 0.5373
v -0.939518 0.025270 0.267868 0.7529 0.7216 0.7647
v -1.044456 -0.119139 0.327773 0.6627 0.6314 0.6745
v -0.902992 0.147394 0.351447 0.7059 0.6941 0.7216
v -0.987346 0.062598 0.292312 0.7333 0.7020 0.7451
v -1.030552 0.075738 0.280668 0.4549 0.4078 0.4157
v -0.918466 0.098335 0.304702 0.6549 0.6275 0.6588
v -0.964094 -0.044889 0.364325 0.6627 0.6275 0.6392
v -0.913976 -0.047700 0.331519 0.6353 0.6039 0.6549
v -0.877604 0.003129 0.290864 0.7529 0.7216 0.7647
v -0.986031 -0.243358 0.340981 0.7451 0.7373 0.7412
v -0.950743 0.165196 0.296939 0.5882 0.5647 0.5647
v -0.938138 -0.147748 0.313176 0.7373 0.7098 0.7412
v -0.957590 0.110697 0.403689 0.7373 0.7176 0.7412
v -0.963184 0.220757 0.342652 0.1020 0.0745 0.0510
v -0.849841 0.024355 0.290387 0.6588 0.6392 0.6627
v -0.948195 0.278420 0.289932 0.6824 0.6745 0.6941
v -0.950107 -0.045236 0.322138 0.1216 0.1216 0.1216
v -1.049243 -0.149260 0.296620 0.7373 0.7176 0.7412
v -1.044819 -0.019992 0.309215 0.2667 0.2353 0.2235
v -0.919499 0.057794 0.439401 0.7490 0.7176 0.7608
v -0.958260 -0.093134 0.311883 0.6745 0.6510 0.6667
v -0.961253 0.196733 0.384001 0.7529 0.7216 0.7647
v -0.997303 -0.076137 0.268261 0.7529 0.7137 0.7451
v -0.940591 0.270302 0.218914 0.7137 0.6941 0.7216
v -0.961302 0.082216 0.201084 0.7294 0.7098 0.7333
v -0.884129 0.108331 0.231204 0.7490 0.7176 0.7608
v -0.948814 -0.045024 0.225775 0.7451 0.7255 0.7490
v -0.988037 -0.137613 0.242989 0.1843 0.1490 0.1529
v -0.986269 0.017477 0.219754 0.7294 0.6902 0.7333
v -0.926160 0.049342 0.300268 0.7569 0.7255 0.7686
v -0.909499 0.056761 0.291119 0.7098 0.6784 0.7216
v -0.978461 0.147775 0.214606 0.6863 0.6667 0.6902
v -0.941982 -0.028280 0.431789 0.7490 0.7176 0.7608
v -1.066143 0.154852 0.259571 0.6627 0.6431 0.6667
v -1.001861 0.224385 0.370164 0.7412 0.7098 0.7529
v -0.890646 -0.213082 0.173336 0.7176 0.6980 0.7216
v -0.965964 0.101424 0.250151 0.6824 0.6510 0.6941
v -0.978521 0.234813 0.280300 0.7137 0.6941 0.7098
v -0.993670 -0.209797 0.269697 0.3373 0.3333 0.3569
v -1.040029 0.034029 0.206395 0.6941 0.6667 0.6980
v -1.021985 0.230413 0.197590 0.6980 0.6784 0.7020
v -0.894845 0.214315 0.259545 0.6980 0.6706 0.7020
v -1.012010 0.068068 0.253909 0.7216 0.7020 0.7255
v -1.001311 -0.191627 0.212627 0.2314 0.2510 0.2353
v -1.006128 -0.027850 0.282238 0.2078 0.2000 0.2039
v -0.920871 0.058953 0.176109 0.6824 0.6627 0.6863
v -1.016767 -0.013083 0.232565 0.7020 0.6745 0.7059
v -1.041042 0.072186 0.280150 0.6784 0.6588 0.6824
v -0.991924 0.097916 0.129171 0.7098 0.6902 0.7137
v -0.994242 -0.001853 0.234413 0.7490 0.7176 0.7608
v -0.922339 -0.199458 0.257048 0.7020 0.6745 0.7059
v -0.919112 -0.177658 0.255276 0.7333 0.7176 0.7137
v -1.009106 -0.090834 0.289017 0.7529 0.7333 0.7569
v -0.981383 -0.233863 0.250517 0.7529 0.7216 0.7647
v -1.071155 -0.016476 0.180082 0.6157 0.5765 0.5804
v -0.969433 0.043667 0.227031 0.7490 0.7216 0.7529
v -0.930827 0.151699 0.221800 0.7098 0.6784 0.7216
v -0.973446 0.025124 0.217869 0.6980 0.6588 0.7020
v -0.961028 0.244368 0.250790 0.7412 0.7098 0.7529
v -0.921307 0.133691 0.273403 0.6863 0.6667 0.6902
v -0.884425 0.131470 0.232263 0.7255 0.7020 0.7490
v -0.972928 0.001927 0.289864 0.7098 0.6902 0.7176
v -0.974828 0.232997 0.317364 0.7373 0.7059 0.7490
v -0.990425 -0.268757 0.280139 0.2235 0.2392 0.2353
v -1.052633 -0.185896 0.228624 0.7490 0.7490 0.7490
v -0.943356 -0.010635 0.242371 0.7176 0.6902 0.7216
v -0.936989 0.145621 0.222716 0.5451 0.4941 0.3294
v -0.975348 0.165847 0.279031 0.6039 0.5529 0.3804
v -0.862706 -0.235678 0.233643 0.3608 0.3176 0.3333
v -0.975914 -0.216653 0.254032 0.7412 0.7020 0.7333
v -0.989768 -0.177313 0.243922 0.6863 0.6667 0.6902
v -0.885964 0.059549 0.182808 0.5843 0.5451 0.5490
v -1.050615 0.056258 0.220050 0.7333 0.7216 0.7569
v -0.953881 -0.116411 0.285196 0.2078 0.2157 0.2039
v -0.944871 -0.215150 0.307959 0.7608 0.7529 0.7725
v -0.923446 0.228056 0.185919 0.7294 0.7098 0.7373
v -0.999729 0.257351 0.260170 0.7373 0.7059 0.7490
v -0.903085 -0.109389 0.217168 0.6902 0.6627 0.6941
v -1.027645 0.140889 0.212175 0.7412 0.7098 0.7529
v -0.962367 0.119124 0.343649 0.6902 0.6706 0.6980
v -0.954937 0.147648 0.257802 0.6745 0.6549 0.6784
v -0.895659 -0.011363 0.210958 0.7569 0.7373 0.7608
v -0.952624 0.020265 0.367667 0.6745 0.6471 0.6784
v -0.914393 0.191844 0.279267 0.6706 0.6510 0.6745
v -1.070898 0.201474 0.285965 0.7412 0.7176 0.7569
v -1.013823 -0.121599 0.268205 0.7098 0.6706 0.7137
v -0.907528 -0.242878 0.301835 0.7216 0.7020 0.7255
v -1.001223 0.149591 0.280812 0.7137 0.6824 0.7255
v -0.891861 0.045023 0.225150 0.7451 0.7216 0.7608
v -1.071825 0.056970 0.308936 0.6078 0.5686 0.5725
v -1.040052 0.088060 0.313468 0.7451 0.7137 0.7569
v -0.981365 -0.153745 0.325936 0.2275 0.2353 0.2157
v -0.925092 0.127224 0.233166 0.6549 0.6235 0.6667
v -0.984444 -0.142105 0.190688 0.7098 0.6706 0.7020
v -1.009191 -0.208894 0.303882 0.7490 0.7412 0.7608
v -0.970394 -0.191694 0.203673 0.7569 0.7176 0.7490
v -0.949280 0.124899 0.244029 0.5098 0.4549 0.4549
v -0.972267 -0.121998 0.300420 0.7608 0.7412 0.7647
v -0.992366 0.082673 0.319222 0.7569 0.7255 0.7686
v -0.959549 0.259563 0.357552 0.5843 0.5608 0.5686
v -1.042184 -0.153578 0.213198 0.7020 0.6745 0.7059
v -1.006826 0.189300 0.229426 0.7451 0.7137 0.7569
v -1.042485 0.192675 0.192419 0.6784 0.6588 0.6824
v -0.815816 0.086879 0.199235 0.7569 0.7373 0.7608
v -0.991952 -0.150726 0.309964 0.2353 0.2431 0.2235
v -0.963518 0.128821 0.174051 0.7294 0.6980 0.7412
v -0.978126 -0.022799 0.262825 0.6941 0.6667 0.6980
v -0.977855 0.121010 0.165001 0.7255 0.6941 0.7373
v -0.964118 -0.136560 0.147131 0.8353 0.7961 0.8275
v -1.013971 -0.173950 0.185908 0.7647 0.7373 0.7686
v -0.928094 0.044568 0.189977 0.7176 0.6863 0.7294
v -1.015963 -0.009830 0.175509 0.6706 0.6471 0.6549
v -0.998102 0.035010 0.180071 0.6353 0.6039 0.6471
v -0.920854 0.250466 0.278428 0.6471 0.6157 0.6667
v -0.994470 0.195422 0.139181 0.5569 0.5098 0.5176
v -0.922626 -0.223356 0.138831 0.2588 0.2667 0.2627
v -0.928176 -0.155637 0.237295 0.7765 0.7490 0.7804
v -0.956119 0.101521 0.141323 0.7216 0.6902 0.7333
v -1.060740 -0.234873 0.137794 0.4235 0.4000 0.4078
v -1.031281 -0.179441 0.261307 0.2431 0.2588 0.2549
v -0.951731 -0.046243 0.125785 0.5333 0.4941 0.4863
v -0.945323 0.015880 0.191864 0.7373 0.7137 0.7294
v -1.042657 0.038799 0.170760 0.7255 0.7059 0.7294
v -0.974422 0.125225 0.099238 0.6431 0.6157 0.6471
v -1.034043 0.153239 0.239701 0.7569 0.7255 0.7686
v -1.018110 0.062065 0.133725 0.7294 0.7098 0.7333
v -0.980528 -0.236805 0.169009 0.5529 0.4863 0.4588
v -0.957008 0.012174 0.165003 0.6824 0.6549 0.6863
v -1.072317 -0.040759 0.132875 0.7490 0.7216 0.7529
v -0.949673 0.212094 0.072042 0.4941 0.4471 0.3608
v -0.986300 0.274354 0.209334 0.7412 0.7098 0.7608
v -1.076747 -0.110720 0.036934 0.7529 0.7255 0.7569
v -0.914318 0.057000 0.110366 0.7647 0.7451 0.7686
v -0.960507 0.040277 0.277604 0.7412 0.7216 0.7451
v -1.008410 0.014465 0.221266 0.1647 0.1451 0.1333
v -0.976714 -0.059897 0.135983 0.7529 0.7255 0.7569
v -0.997499 -0.014521 0.176451 0.7490 0.7294 0.7529
v -0.946248 0.128858 0.123969 0.7412 0.7098 0.7608
v -1.007140 0.205370 0.154723 0.7020 0.6706 0.7137
v -1.023405 0.149109 0.224513 0.5882 0.5412 0.5490
v -0.923312 0.078329 0.173316 0.6510 0.6196 0.6706
v -0.973659 0.071694 0.208800 0.6039 0.5725 0.6157
v -0.986112 -0.138552 0.152036 0.2706 0.2706 0.2706
v -1.041437 -0.240632 0.144514 0.5686 0.5020 0.4745
v -1.070311 -0.035420 0.154905 0.1686 0.1765 0.1647
v -1.030088 -0.150348 0.117686 0.7098 0.6902 0.7137
v -0.950857 0.175368 0.158005 0.6784 0.6588 0.6824
v -1.083854 0.114145 0.069765 0.7569 0.7373 0.7608
v -0.947225 -0.084403 0.149771 0.6941 0.6745 0.6980
v -1.009669 -0.083748 0.212350 0.7098 0.6863 0.6863
v -0.954884 -0.013474 0.080508 0.7216 0.6667 0.6549
v -0.930712 -0.048459 0.146857 0.7059 0.6667 0.7098
v -0.885032 -0.121006 0.153138 0.6980 0.6784 0.7020
v -1.016140 -0.055035 0.181594 0.7569 0.7373 0.7608
v -0.936263 -0.240650 0.220325 0.7294 0.7020 0.7333
v -0.851763 -0.052731 0.203340 0.2196 0.2275 0.2157
v -0.892873 0.049759 0.226832 0.6745 0.6353 0.6667
v -1.006939 0.222278 0.122111 0.6980 0.6667 0.7098
v -1.023413 0.256515 0.050725 0.6549 0.6235 0.6667
v -1.109100 0.004044 0.149915 0.1765 0.1804 0.1608
v -0.947683 -0.169249 0.194801 0.7059 0.6863 0.7098
v -0.987528 -0.070455 0.152270 0.7216 0.6824 0.7137
v -1.008262 -0.173166 0.160868 0.2784 0.2941 0.3059
v -0.939964 0.207335 0.226727 0.7412 0.7098 0.7608
v -1.026692 0.044881 0.146170 0.6902 0.6706 0.6941
v -1.009473 0.209381 0.305700 0.2118 0.1686 0.1608
v -1.000942 0.183997 0.209910 0.7451 0.7255 0.7529
v -0.969061 -0.219331 0.301846 0.7137 0.6941 0.7176
v -0.965503 -0.146742 0.193164 0.7882 0.7490 0.7922
v -0.972940 -0.056774 0.219365 0.6941 0.6745 0.6980
v -0.974354 -0.165177 0.107999 0.4392 0.4157 0.4157
v -0.987394 -0.097813 0.240430 0.7529 0.7333 0.7569
v -1.005431 0.069184 0.208559 0.7255 0.7059 0.7294
v -1.000727 0.057054 0.190603 0.2157 0.2118 0.2039
v -0.953537 0.106761 0.198221 0.6706 0.6510 0.6745
v -0.998167 0.013755 0.077924 0.6863 0.6667 0.6902
v -0.956658 -0.230413 0.162658 0.7608 0.7255 0.7373
v -0.991261 0.261412 0.144041 0.7490 0.7176 0.7608
v -0.987990 -0.126531 0.113225 0.7255 0.7059 0.7294
v -1.028466 -0.071556 0.124928 0.7490 0.7216 0.7529
v -1.007543 0.040432 0.141983 0.6784 0.6588 0.6863
v -0.923196 0.198967 0.138692 0.6275 0.5804 0.5882
v -0.978725 -0.011507 0.149613 0.7451 0.7137 0.7569
v -0.911377 0.187045 0.032689 0.7098 0.6902 0.7137
v -0.963133 0.049364 0.068167 0.7451 0.7137 0.7569
v -0.959449 -0.266078 0.148614 0.1922 0.2078 0.2039
v -1.008580 0.238117 0.053149 0.5176 0.4706 0.4078
v -1.054170 -0.070786 0.115474 0.7294 0.6980 0.7412
v -1.029279 0.122204 0.097344 0.7098 0.6902 0.7176
v -1.016463 0.223251 0.081148 0.7373 0.7059 0.7490
v -0.989134 -0.086926 0.093295 0.7412 0.7216 0.7451
v -1.035769 0.173310 0.127378 0.7216 0.7020 0.7255
v -0.980825 0.019704 0.074835 0.7294 0.7098 0.7333
v -1.018855 0.126138 0.070791 0.7294 0.6980 0.7412
v -1.065474 -0.041711 0.054182 0.6941 0.6549 0.6863
v -0.960895 0.204771 0.051601 0.6706 0.6392 0.6824
v -0.918218 0.235954 0.148695 0.5961 0.5608 0.5725
v -0.979769 -0.063155 0.067562 0.5922 0.5804 0.6157
v -0.986556 -0.240564 0.079566 0.7412 0.7216 0.7451
v -0.987059 0.202906 0.191897 0.7059 0.6745 0.7176
v -0.941938 0.177617 0.119937 0.7176 0.6980 0.7216
v -1.000225 0.101577 0.106269 0.6627 0.6196 0.6431
v -0.982616 0.135732 0.072135 0.7294 0.7176 0.7608
v -1.004695 0.086441 0.077677 0.6275 0.5843 0.6000
v -0.911764 -0.216842 0.125196 0.3647 0.3176 0.3255
v -0.945199 -0.206156 0.135771 0.3373 0.3490 0.3765
v -0.940072 0.019767 0.231071 0.6941 0.6745 0.6980
v -0.979257 -0.035994 0.071734 0.6941 0.6667 0.6941
v -0.945422 -0.108495 0.164557 0.7020 0.6824 0.7059
v -1.039862 0.171307 0.069443 0.7216 0.7020 0.7255
v -0.978924 0.142090 0.016505 0.7216 0.7020 0.7255
v -0.971755 -0.182504 0.107106 0.2314 0.2471 0.2431
v -0.943020 0.196031 0.065511 0.7490 0.7176 0.7608
v -0.937085 -0.208937 0.143081 0.7255 0.6941 0.7373
v -0.946183 -0.126271 0.140995 0.7529 0.7255 0.7529
v -0.982774 0.104821 0.036978 0.7490 0.7176 0.7608
v -1.060968 0.253191 0.088301 0.7020 0.6824 0.7059
v -0.998230 -0.053043 0.156062 0.6941 0.6784 0.6824
v -1.009155 0.049043 0.104788 0.6941 0.6627 0.7059
v -0.965051 -0.099045 0.076374 0.7490 0.7176 0.7608
v -0.983971 0.029385 0.105362 0.6980 0.6784 0.7020
v -1.023109 0.077933 0.069239 0.4667 0.4471 0.4745
v -0.981774 0.113245 0.058491 0.6824 0.6510 0.6941
v -1.061457 0.042096 0.031544 0.7137 0.6824 0.7255
v -0.967138 -0.161276 0.133776 0.7608 0.7333 0.7608
v -1.047982 0.185663 0.038130 0.7216 0.6902 0.7412
v -0.988429 0.078496 0.138508 0.1804 0.1804 0.1882
v -0.930372 -0.135139 0.116719 0.7725 0.7529 0.7765
v -1.026051 0.034936 0.044215 0.7255 0.6941 0.7373
v -0.997488 -0.123177 0.081198 0.7216 0.7020 0.7255
v -1.033275 -0.132916 0.126221 0.7647 0.7255 0.7686
v -0.985747 -0.023378 0.103546 0.6392 0.6078 0.6510
v -0.981776 -0.239272 0.012085 0.7961 0.7490 0.7647
v -0.966678 -0.169571 0.095261 0.7765 0.7373 0.7725
v -0.964357 0.196505 0.127371 0.7255 0.6941 0.7373
v -1.019214 -0.014939 0.059123 0.7216 0.6941 0.7255
v -1.035542 0.264534 0.148345 0.6824 0.6627 0.6863
v -0.907092 -0.157313 0.062695 0.7608 0.7412 0.7647
v -1.079971 0.109522 0.135745 0.7098 0.6784 0.7216
v -1.040717 -0.266724 0.103032 0.5451 0.5020 0.5176
v -0.955677 -0.024125 0.066773 0.7333 0.7098 0.7255
v -0.993391 0.149209 0.072632 0.6902 0.6588 0.7020
v -1.108846 0.133702 -0.000205 0.7176 0.6863 0.7294
v -0.923041 0.139677 0.168674 0.7216 0.7020 0.7255
v -0.999016 0.218907 0.113954 0.6745 0.6431 0.6863
v -0.949492 0.117545 0.046178 0.7255 0.7059 0.7294
v -1.069560 -0.226119 0.135355 0.5686 0.5490 0.5647
v -0.984064 0.157782 0.096101 0.7216 0.7020 0.7255
v -1.065204 0.045925 0.096504 0.7255 0.6941 0.7373
v -0.902512 -0.015385 0.150906 0.6980 0.6706 0.7020
v -0.975972 0.189576 0.135616 0.6392 0.6157 0.6235
v -1.036148 0.014433 0.066712 0.7373 0.7059 0.7490
v -1.039179 -0.007623 0.102916 0.6549 0.6314 0.6392
v -1.038178 -0.246946 0.056149 0.4549 0.4314 0.4314
v -1.073613 0.162311 0.049325 0.6667 0.6353 0.6784
v -1.010866 -0.125774 0.038358 0.6941 0.6745 0.6980
v -0.985731 0.199358 0.084200 0.5451 0.4902 0.4863
v -0.964519 -0.193425 0.108691 0.7176 0.6863 0.7373
v -1.015229 -0.139508 0.138162 0.7451 0.7216 0.7373
v -1.027024 0.146604 0.088751 0.7059 0.6863 0.7137
v -1.172293 0.005939 0.049582 0.6784 0.6549 0.6627
v -0.966559 -0.055009 0.001125 0.7176 0.6784 0.7216
v -0.944787 -0.053407 -0.063435 0.7608 0.7216 0.7647
v -0.984721 0.190991 0.066849 0.7176 0.6980 0.7216
v -0.996271 0.211703 0.055726 0.7216 0.6824 0.7255
v -0.955649 -0.019303 0.012817 0.6824 0.6549 0.6863
v -0.986811 0.092600 0.012214 0.7255 0.6941 0.7373
v -0.967356 0.000254 -0.044114 0.7451 0.7176 0.7490
v -0.994399 0.154264 0.027395 0.5294 0.4745 0.4745
v -0.986128 0.260512 -0.079490 0.6784 0.6392 0.6745
v -0.965425 0.236120 0.016278 0.5059 0.4549 0.4235
v -1.020530 0.031000 -0.049878 0.6902 0.6627 0.6941
v -1.013260 -0.086512 0.017006 0.7412 0.7216 0.7451
v -0.968028 -0.060098 -0.017628 0.7216 0.7020 0.7255
v -0.956256 -0.112303 -0.010451 0.5294 0.4980 0.5412
v -0.965460 0.023182 -0.027582 0.6941 0.6667 0.6980
v -0.955185 0.217537 0.014091 0.6980 0.6667 0.7098
v -1.033936 0.121519 -0.101997 0.6941 0.6745 0.6980
v -0.950773 0.110983 0.059413 0.6941 0.6745 0.6980
v -1.024790 0.122512 -0.047720 0.7451 0.7333 0.7686
v -0.906645 0.002576 -0.087348 0.7451 0.7059 0.7373
v -0.972991 0.188492 -0.077088 0.7333 0.7216 0.7569
v -1.046943 -0.233977 0.134432 0.4549 0.4196 0.4314
v -0.961004 0.119054 -0.085784 0.7373 0.7176 0.7412
v -1.023925 -0.036467 0.019740 0.6824 0.6549 0.6863
v -0.999378 -0.006701 0.047418 0.7412 0.7137 0.7451
v -1.030737 -0.089694 -0.004917 0.7216 0.7020 0.7255
v -0.996392 -0.183745 -0.111968 0.7765 0.7373 0.7804
v -1.036918 -0.165510 -0.008396 0.7647 0.7373 0.7686
v -0.979078 0.080736 -0.048792 0.7490 0.7176 0.7608
v -1.018639 -0.171445 -0.066742 0.6941 0.6745 0.6980
v -1.038995 -0.018836 0.032703 0.6588 0.6235 0.6431
v -0.998787 -0.141756 0.092128 0.7451 0.7176 0.7490
v -1.146840 0.255652 -0.015943 0.7333 0.7098 0.7569
v -1.039426 -0.036702 -0.025272 0.7412 0.7098 0.7529
v -1.000549 0.150590 0.055399 0.7490 0.7294 0.7529
v -1.087482 -0.216519 0.053837 0.4510 0.4118 0.4431
v -0.945299 -0.026502 0.009129 0.5647 0.5333 0.5843
v -1.046019 -0.229122 0.008774 0.2549 0.2627 0.2588
v -0.971495 0.114940 -0.023547 0.6863 0.6627 0.7020
v -1.021551 0.047685 0.010957 0.7294 0.6902 0.7333
v -1.094065 0.028942 0.047422 0.7020 0.6745 0.7059
v -1.009963 0.199637 -0.040959 0.6784 0.6510 0.6824
v -0.925720 0.178925 0.018002 0.6824 0.6549 0.6824
v -0.965708 -0.235477 -0.072443 0.7569 0.7294 0.7608
v -0.972828 -0.160709 0.029426 0.7255 0.6980 0.7294
v -0.971297 -0.260609 -0.047982 0.7686 0.7412 0.7725
v -1.018364 -0.188824 -0.002512 0.7176 0.6980 0.7255
v -1.102339 -0.157743 0.076546 0.7216 0.6824 0.7137
v -1.086289 -0.249862 -0.048798 0.7059 0.6784 0.7098
v -1.022198 -0.046960 0.046087 0.7490 0.7216 0.7529
v -0.947926 0.110021 0.062996 0.7451 0.7216 0.7608
v -1.005843 -0.225328 -0.054993 0.7176 0.6902 0.7176
v -1.028190 0.015431 0.034828 0.6824 0.6510 0.6941
v -0.999266 -0.204433 -0.061791 0.3608 0.3216 0.3569
v -1.009335 -0.185794 -0.108003 0.7725 0.7529 0.7765
v -1.039238 -0.183409 0.075131 0.7137 0.7020 0.7294
v -0.979383 0.215880 0.095914 0.6941 0.6627 0.7059
v -1.092000 0.043086 0.058409 0.6941 0.6627 0.7059
v -0.976603 -0.126916 0.026581 0.7294 0.6980 0.7412
v -1.072930 0.274670 0.066879 0.7294 0.7176 0.7608
v -0.955094 0.064672 0.060671 0.5725 0.5490 0.5647
v -1.010297 -0.004582 0.025554 0.7216 0.6902 0.7333
v -1.013500 -0.161703 0.002947 0.7333 0.7059 0.7373
v -0.902847 0.039399 0.082283 0.7333 0.7216 0.7490
v -1.008044 0.058272 0.004556 0.6706 0.6314 0.6627
v -0.932446 -0.227071 -0.006860 0.7216 0.7020 0.7255
v -0.950576 0.155068 0.025627 0.6824 0.6549 0.6863
v -1.022936 0.030301 -0.049938 0.7294 0.7020 0.7333
v -1.032108 0.166078 -0.019001 0.6706 0.6510 0.6745
v -0.973295 0.164416 -0.054701 0.4745 0.4196 0.4196
v -1.091018 -0.158460 -0.023942 0.7294 0.7255 0.7451
v -0.930237 0.049297 -0.030014 0.7529 0.7333 0.7569
v -0.988773 0.163839 0.057717 0.7255 0.7059 0.7294
v -1.032730 0.178011 -0.078604 0.7176 0.6784 0.7216
v -1.023336 -0.171493 -0.059966 0.7098 0.6902 0.7137
v -1.016429 0.015685 -0.006309 0.7412 0.7098 0.7529
v -0.959446 -0.156910 0.034836 0.7647 0.7373 0.7686
v -1.077568 -0.053453 0.023829 0.7216 0.6941 0.7255
v -1.001531 -0.193561 0.079423 0.7098 0.6706 0.7020
v -0.933552 0.172042 -0.055301 0.7255 0.6941 0.7373
v -1.026949 0.064997 0.033425 0.6510 0.6196 0.6627
v -0.919821 0.029400 -0.190338 0.6902 0.6667 0.6824
v -0.985573 0.068066 -0.005281 0.6510 0.6196 0.6627
v -0.988822 -0.010088 -0.038027 0.7216 0.7020 0.7255
v -0.986783 0.148230 -0.113409 0.7098 0.6784 0.7216
v -1.036086 -0.173073 -0.119138 0.7490 0.7294 0.7529
v -1.050960 -0.158287 -0.050169 0.7490 0.7294 0.7529
v -1.015540 0.154183 -0.044069 0.7216 0.7020 0.7255
v -0.952175 -0.142255 -0.170020 0.7294 0.7216 0.7412
v -1.048552 -0.072300 -0.111583 0.7255 0.7059 0.7294
v -1.024535 0.126350 -0.137289 0.7373 0.7059 0.7490
v -0.976999 0.035504 -0.089827 0.6118 0.5686 0.5843
v -1.041182 0.099656 -0.005311 0.6902 0.6706 0.6941
v -1.066792 -0.157226 -0.096178 0.7490 0.7294 0.7529
v -1.046225 0.138270 -0.088736 0.7216 0.7020 0.7255
v -1.055382 0.021982 -0.147951 0.6980 0.6784 0.7020
v -1.096290 -0.004544 -0.079319 0.7451 0.7333 0.7686
v -0.974785 0.028515 -0.110698 0.6784 0.6471 0.6902
v -0.950430 -0.138884 -0.156314 0.7412 0.7098 0.7529
v -0.973439 0.129797 -0.109926 0.7490 0.7294 0.7529
v -0.981815 -0.159918 0.056564 0.7647 0.7333 0.7765
v -1.039129 0.195145 -0.148060 0.7373 0.7176 0.7451
v -1.014412 0.035559 -0.055804 0.7373 0.7059 0.7490
v -1.005773 -0.017449 -0.085886 0.7412 0.7294 0.7647
v -1.022405 0.238383 -0.068226 0.6863 0.6667 0.6902
v -1.029415 -0.162422 -0.142145 0.1804 0.1804 0.1725
v -1.015179 -0.058055 -0.099682 0.7412 0.7216 0.7451
v -0.986478 0.223577 -0.067712 0.7098 0.6902 0.7137
v -1.010874 0.166850 -0.133192 0.6863 0.6667 0.6902
v -1.012114 -0.041017 -0.085936 0.7451 0.7373 0.7569
v -0.985313 0.157559 -0.203442 0.6549 0.6314 0.6392
v -0.904329 0.218418 -0.062275 0.6824 0.6627 0.6863
v -0.952007 0.082388 -0.051511 0.7490 0.7176 0.7608
v -0.972949 0.230979 -0.079892 0.7333 0.7020 0.7451
v -0.973504 -0.248568 -0.028457 0.7255 0.7059 0.7294
v -1.018649 -0.144286 -0.054520 0.7216 0.6941 0.7255
v -1.005962 -0.296350 -0.084429 0.7294 0.6902 0.7333
v -1.028976 -0.154475 -0.038615 0.7569 0.7373 0.7608
v -0.972884 0.116170 -0.044333 0.1412 0.1176 0.1176
v -0.988024 0.121884 -0.053285 0.7137 0.6941 0.7176
v -1.025772 0.109233 -0.096164 0.7255 0.6941 0.7373
v -1.028253 0.071137 -0.014600 0.6980 0.6784 0.7020
v -1.022287 0.078931 -0.017381 0.7294 0.6980 0.7412
v -0.993839 0.197168 0.003261 0.6902 0.6706 0.6941
v -0.951182 0.039104 -0.155909 0.6784 0.6471 0.6902
v -0.993781 -0.075630 -0.121885 0.7137 0.6941 0.7176
v -1.027263 -0.000253 -0.068203 0.6863 0.6667 0.6902
v -1.019049 0.062047 -0.039426 0.6039 0.5569 0.5647
v -0.942483 -0.154371 -0.094038 0.7098 0.6902 0.7137
v -1.014919 0.072712 -0.088145 0.1569 0.1412 0.1373
v -1.073460 -0.044431 -0.086734 0.6549 0.6235 0.6667
v -0.965897 -0.180858 -0.116380 0.7294 0.7098 0.7333
v -1.048541 -0.216693 -0.110958 0.4039 0.3882 0.3922
v -0.953737 -0.161408 -0.056647 0.6980 0.6784 0.7020
v -0.920881 0.227951 -0.102686 0.5765 0.5216 0.5216
v -1.007664 -0.163909 -0.089126 0.7098 0.6902 0.7137
v -0.968178 -0.040033 -0.086469 0.2039 0.2078 0.1882
v -0.922267 -0.060077 -0.139558 0.7294 0.6902 0.7216
v -0.988195 0.038300 -0.143589 0.7020 0.6824 0.7059
v -0.996225 0.214131 -0.044070 0.7373 0.7059 0.7490
v -1.029870 0.156271 -0.083042 0.6706 0.6510 0.6745
v -0.922319 0.182157 -0.084771 0.6902 0.6706 0.6941
v -0.977545 -0.029302 -0.106608 0.1765 0.1686 0.1725
v -1.030296 0.218676 -0.123008 0.4784 0.4353 0.4118
v -0.946297 -0.057740 -0.055243 0.7176 0.6902 0.7216
v -0.955221 0.032613 -0.086392 0.7255 0.7059 0.7294
v -1.019973 -0.217435 -0.164841 0.7451 0.7255 0.7490
v -0.965020 -0.226700 -0.002800 0.6980 0.6784 0.7020
v -1.005764 0.012252 -0.166835 0.6863 0.6667 0.6902
v -1.037282 -0.055380 -0.116160 0.7176 0.6980 0.7216
v -1.011232 0.030384 -0.062874 0.7255 0.7216 0.7529
v -0.964811 0.095583 -0.130915 0.7412 0.7176 0.7569
v -1.113295 0.073349 -0.037253 0.7529 0.7333 0.7569
v -1.065200 -0.082995 -0.107995 0.7490 0.7294 0.7529
v -1.006808 -0.061539 -0.146365 0.7216 0.6941 0.7255
v -0.972967 0.022959 -0.169610 0.7216 0.7020 0.7255
v -1.074599 -0.172928 -0.035775 0.7255 0.7059 0.7294
v -1.031111 0.149213 -0.142796 0.5647 0.5176 0.5176
v -0.945608 0.187160 -0.059269 0.5451 0.5137 0.5569
v -0.994580 0.203352 -0.140873 0.7529 0.7333 0.7569
v -1.025545 -0.242607 -0.103264 0.6549 0.6314 0.6471
v -0.972526 0.181536 -0.114028 0.6980 0.6784 0.7020
v -0.967424 -0.063162 -0.075796 0.1804 0.1647 0.1608
v -0.950310 0.251110 -0.225520 0.7255 0.7059 0.7294
v -1.002662 -0.122047 -0.201910 0.7529 0.7255 0.7569
v -1.012918 -0.189449 -0.125305 0.6980 0.6588 0.6941
v -1.010084 -0.165617 -0.155466 0.6784 0.6392 0.6824
v -0.918235 0.018336 -0.190528 0.7098 0.6863 0.7020
v -0.891554 -0.092453 -0.153171 0.7059 0.6784 0.7098
v -1.010302 0.128938 -0.254253 0.7373 0.7098 0.7412
v -0.999325 -0.020625 -0.124841 0.7216 0.6980 0.7137
v -0.976403 -0.060755 -0.061868 0.7451 0.7176 0.7490
v -0.948991 0.259480 -0.221782 0.7255 0.7020 0.7176
v -0.979367 -0.079598 -0.214160 0.7451 0.7059 0.7373
v -1.007114 -0.003586 -0.147577 0.7020 0.6784 0.6941
v -1.024768 0.062338 -0.108045 0.7294 0.6980 0.7412
v -0.924569 -0.105631 -0.214224 0.4902 0.4667 0.4667
v -1.004660 0.077814 -0.094159 0.4824 0.4353 0.3882
v -1.061417 -0.169162 -0.184932 0.7294 0.6902 0.7216
v -1.020696 -0.197252 -0.111803 0.2275 0.2353 0.2235
v -0.980950 0.071147 -0.170523 0.7216 0.7020 0.7255
v -0.943058 -0.279874 -0.233979 0.7255 0.7098 0.7137
v -0.893313 -0.046471 -0.199777 0.7059 0.6863 0.7098
v -0.995035 0.205696 -0.231807 0.7294 0.6980 0.7412
v -0.943229 -0.015605 -0.218730 0.7059 0.6667 0.6980
v -1.004198 -0.114007 -0.158699 0.7216 0.6941 0.7216
v -0.999213 -0.167872 -0.164671 0.7020 0.6588 0.6745
v -1.040520 -0.254992 -0.247510 0.7373 0.6980 0.7294
v -0.927729 0.120443 -0.129774 0.7255 0.7059 0.7294
v -1.049019 -0.009806 -0.186376 0.1412 0.1059 0.1098
v -0.976364 -0.218282 -0.181864 0.7412 0.7412 0.7490
v -1.024844 -0.175962 -0.263866 0.2118 0.2196 0.2078
v -0.933023 0.068377 -0.195738 0.5294 0.4745 0.4627
v -0.850921 0.237983 -0.122702 0.7255 0.7020 0.7176
v -1.000369 0.121565 -0.160731 0.7255 0.6980 0.7294
v -0.919035 0.069211 -0.175326 0.5765 0.5294 0.5294
v -1.045486 -0.185618 -0.131928 0.7176 0.6941 0.7098
v -1.018913 0.129710 -0.184991 0.7294 0.6980 0.7490
v -1.026193 -0.123493 -0.089444 0.7098 0.6863 0.7020
v -0.995077 0.159583 -0.180846 0.7137 0.7020 0.7373
v -0.914972 0.199515 -0.187216 0.4196 0.3843 0.2706
v -0.980777 -0.200179 -0.119136 0.7451 0.7059 0.7373
v -1.042074 -0.055976 -0.094881 0.7216 0.6941 0.7255
v -1.005917 0.106439 -0.297696 0.7020 0.6784 0.6941
v -0.894975 -0.086199 -0.145142 0.5922 0.5529 0.5490
v -0.999663 -0.165272 -0.129494 0.7020 0.6784 0.6941
v -0.972537 -0.084226 -0.270746 0.7529 0.7294 0.7451
v -0.899148 -0.161768 -0.208536 0.7529 0.7294 0.7451
v -0.928485 -0.196618 -0.231666 0.1922 0.2118 0.1882
v -0.980122 -0.006082 -0.230566 0.7176 0.6941 0.7098
v -0.970922 0.224999 -0.152950 0.7137 0.6902 0.7059
v -1.106544 0.204270 -0.122238 0.7176 0.6941 0.7098
v -0.989331 -0.042864 -0.197063 0.7176 0.6824 0.7020
v -1.068015 -0.082424 -0.114888 0.7490 0.7098 0.7412
v -1.033681 -0.009806 -0.141002 0.7412 0.7216 0.7451
v -0.940791 -0.058166 -0.255757 0.7412 0.7333 0.7529
v -0.969312 0.217179 -0.120956 0.4549 0.4824 0.3176
v -1.004506 0.224958 -0.146448 0.6902 0.6824 0.6941
v -0.896742 0.087675 -0.246997 0.3922 0.3373 0.2863
v -0.956191 0.008826 -0.167564 0.7490 0.7176 0.7608
v -0.966642 0.205943 -0.105857 0.7451 0.7137 0.7569
v -0.927328 -0.197505 -0.151735 0.7216 0.6784 0.7020
v -0.850296 0.077817 -0.024600 0.7412 0.7216 0.7451
v -1.083224 0.048584 -0.177406 0.5451 0.5020 0.4941
v -1.048463 -0.020694 -0.157630 0.1647 0.1412 0.1412
v -0.978327 0.177115 -0.120686 0.7451 0.7255 0.7490
v -1.014081 -0.113298 -0.135167 0.7137 0.6863 0.7176
v -0.995171 0.174654 -0.097967 0.6980 0.6784 0.7020
v -1.034248 0.030861 -0.136641 0.7529 0.7294 0.7451
v -0.926803 -0.162459 -0.226731 0.2000 0.1882 0.1608
v -0.926493 -0.127093 -0.133002 0.7529 0.7294 0.7451
v -0.990910 0.204031 -0.118874 0.7216 0.7020 0.7255
v -0.965229 -0.188552 -0.194930 0.7216 0.6941 0.7255
v -0.911095 -0.176484 -0.085957 0.7176 0.6784 0.7098
v -0.939375 0.110312 -0.105571 0.7098 0.6824 0.7098
v -0.980519 -0.117392 -0.190248 0.7451 0.7255 0.7490
v -0.950442 0.168340 -0.133583 0.6627 0.6235 0.6549
v -1.110423 0.124830 -0.071786 0.6824 0.6588 0.6745
v -1.020347 0.133888 -0.218399 0.7137 0.6902 0.7059
v -1.044168 0.005625 -0.230935 0.7098 0.6706 0.7020
v -1.018672 -0.061286 -0.150594 0.7216 0.6863 0.6980
v -0.886701 -0.169445 -0.230774 0.7412 0.6980 0.7137
v -1.067565 0.193432 -0.229139 0.7373 0.6941 0.7098
v -0.928115 -0.076120 -0.328821 0.7608 0.7176 0.7490
v -1.003687 -0.032810 -0.165933 0.7490 0.7098 0.7412
v -0.891748 -0.067105 -0.333048 0.7490 0.7059 0.7216
v -0.979023 -0.084806 -0.269698 0.7176 0.6941 0.7020
v -0.904634 0.145609 -0.245400 0.7529 0.6549 0.3333
v -1.034824 -0.245751 -0.209312 0.2353 0.2392 0.2157
v -0.971500 -0.058319 -0.277003 0.7294 0.6863 0.7020
v -0.972310 0.133059 -0.244554 0.2275 0.1922 0.1569
v -0.960712 -0.115200 -0.230912 0.7569 0.6667 0.2667
v -1.010561 -0.053440 -0.252460 0.7490 0.7059 0.7216
v -0.930524 -0.198103 -0.221398 0.8627 0.8078 0.7961
v -0.981383 0.223015 -0.329420 0.0706 0.0667 0.0588
v -1.084145 -0.036174 -0.237921 0.7490 0.7059 0.7216
v -1.007684 0.061016 -0.294261 0.2941 0.2235 0.1843
v -1.020865 0.221215 -0.267003 0.7137 0.6784 0.6902
v -0.942198 -0.029736 -0.258001 0.2588 0.2314 0.1176
v -0.954844 -0.235611 -0.229704 0.4706 0.4627 0.4667
v -1.030910 0.037643 -0.265558 0.6706 0.6392 0.5490
v -1.021289 -0.206229 -0.257055 0.2824 0.2824 0.2510
v -0.960955 -0.209514 -0.297767 0.7922 0.7608 0.7529
v -0.993312 0.153127 -0.131720 0.7451 0.7098 0.7294
v -0.954466 -0.008215 -0.180866 0.7529 0.7098 0.7255
v -0.939959 -0.137477 -0.181206 0.5529 0.5373 0.5922
v -1.084669 -0.157868 -0.211926 0.2275 0.2157 0.1882
v -0.891049 -0.036240 -0.290397 0.6431 0.5882 0.5843
v -0.959199 -0.178099 -0.211837 0.7412 0.6941 0.6941
v -0.956777 0.099627 -0.230588 0.4863 0.4275 0.2118
v -0.954761 0.204071 -0.142517 0.2510 0.2431 0.1922
v -0.923289 -0.171799 -0.169312 0.4392 0.3961 0.3882
v -0.972744 0.129549 -0.260390 0.7529 0.7137 0.7451
v -0.978342 -0.036084 -0.305530 0.1882 0.1490 0.1451
v -0.870781 -0.188719 -0.276894 0.2314 0.2392 0.2275
v -1.036953 -0.236147 -0.244028 0.2275 0.2314 0.2078
v -0.975202 0.261223 -0.257048 0.1686 0.3098 0.2078
v -1.011106 -0.146393 -0.279045 0.7804 0.7333 0.7333
v -0.903689 0.013859 -0.303608 0.7216 0.6784 0.6941
v -1.015089 -0.132458 -0.258720 0.8235 0.7843 0.7882
v -0.895172 -0.043215 -0.235266 0.6196 0.5686 0.5451
v -1.022201 -0.034569 -0.381289 0.5922 0.5647 0.1490
v -1.039797 -0.149735 -0.290135 0.8314 0.7765 0.7647
v -0.914074 -0.162049 -0.310966 0.6000 0.5882 0.6549
v -1.049402 0.178990 -0.290804 0.7843 0.7412 0.7569
v -0.953745 0.011037 -0.285644 0.2196 0.2039 0.1686
v -0.961145 -0.015115 -0.236897 0.7569 0.7137 0.7373
v -0.946257 0.033847 -0.225004 0.7373 0.6941 0.7098
v -1.013667 -0.038861 -0.320397 0.7373 0.6941 0.7098
v -0.937574 -0.065988 -0.183008 0.7294 0.6902 0.6941
v -0.901839 -0.089571 -0.272297 0.2392 0.2078 0.2000
v -1.042979 0.029819 -0.367962 0.7490 0.7098 0.7412
v -0.867440 0.231104 -0.249010 0.2588 0.3725 0.1843
v -1.074080 0.180163 -0.288366 0.7686 0.7255 0.7569
v -0.932451 -0.087355 -0.172906 0.7176 0.6706 0.6784
v -0.998258 -0.148636 -0.273720 0.2471 0.2510 0.2196
v -1.002305 0.169884 -0.307783 0.6627 0.6078 0.2588
v -1.032533 -0.232702 -0.365974 0.3608 0.3059 0.3020
v -1.042580 -0.197317 -0.214313 0.2353 0.2431 0.2314
v -0.964725 0.174687 -0.278311 0.1412 0.0980 0.0824
v -0.864155 0.260076 -0.205980 0.1412 0.2588 0.1569
v -1.024855 -0.201816 -0.274851 0.2863 0.2824 0.2627
v -0.930345 0.168697 -0.299677 0.8118 0.7059 0.5882
v -1.019544 0.160514 -0.272239 0.6941 0.6431 0.2745
v -1.016314 0.072175 -0.292282 0.5490 0.4980 0.2941
v -1.028662 0.156447 -0.303176 0.4784 0.4667 0.3373
v -0.972068 0.181285 -0.262035 0.7373 0.6941 0.7098
v -0.967630 -0.188070 -0.220254 0.2314 0.2353 0.2039
v -0.969520 -0.115097 -0.270920 0.7608 0.7176 0.7333
v -0.971067 -0.174743 -0.269586 0.2392 0.2275 0.1922
v -0.968042 0.201113 -0.247926 0.7569 0.7137 0.7294
v -1.032325 0.060939 -0.199784 0.5490 0.4980 0.2941
v -1.010012 0.167253 -0.348521 0.1569 0.1137 0.0980
v -0.946114 0.169550 -0.290529 0.7451 0.7216 0.7294
v -0.937687 -0.226260 -0.250296 0.2431 0.2392 0.2235
v -0.938916 -0.053675 -0.324925 0.6118 0.5725 0.2000
v -0.856636 -0.098300 -0.159744 0.7882 0.7294 0.7020
v -0.999331 0.027235 -0.270137 0.6275 0.5569 0.5098
v -1.000765 0.143613 -0.244532 0.5647 0.6196 0.4784
v -1.069634 0.189441 -0.330583 0.3059 0.3961 0.1843
v -0.964355 -0.235533 -0.338739 0.2784 0.2824 0.2588
v -0.892023 -0.175355 -0.353616 0.2510 0.2706 0.2549
v -0.874158 0.003279 -0.315583 0.7412 0.6588 0.2471
v -0.892421 0.047995 -0.357863 0.3569 0.3176 0.2784
v -0.844811 0.199107 -0.352668 0.7020 0.6549 0.6706
v -0.970036 -0.144331 -0.269586 0.5412 0.4863 0.4745
v -1.002698 0.145496 -0.338367 0.2902 0.5333 0.2314
v -0.883406 -0.199976 -0.416235 0.2549 0.2627 0.2431
v -0.982147 -0.163884 -0.405742 0.5098 0.4941 0.4902
v -0.966459 0.112858 -0.323855 0.7412 0.6941 0.7333
v -0.925974 -0.029255 -0.315083 0.1961 0.2000 0.1765
v -0.911796 0.013868 -0.369453 0.3412 0.3020 0.2980
v -0.983311 0.130546 -0.361713 0.4706 0.5843 0.4118
v -1.035465 -0.000216 -0.280710 0.7412 0.6902 0.7176
v -0.934153 -0.211564 -0.421049 0.4863 0.4627 0.4627
v -0.952849 0.215471 -0.311808 0.7294 0.6078 0.4353
v -0.935863 0.127097 -0.222475 0.7373 0.7020 0.7137
v -0.872180 0.197167 -0.272809 0.6627 0.6157 0.6157
v -1.000326 0.107022 -0.345480 0.5686 0.4980 0.4588
v -0.939295 -0.260134 -0.290565 0.2627 0.2667 0.2353
v -0.892712 0.022664 -0.273412 0.2157 0.1961 0.1843
v -0.917367 -0.192967 -0.341076 0.2667 0.2706 0.2471
v -0.930742 0.263615 -0.348500 0.5725 0.5137 0.5020
v -0.938390 -0.248563 -0.325565 0.2745 0.2784 0.2549
v -1.003310 -0.135105 -0.352938 0.2549 0.2588 0.2353
v -0.886143 0.010093 -0.363184 0.2000 0.1725 0.1333
v -0.896700 -0.087629 -0.373310 0.7804 0.7333 0.7412
v -0.955048 -0.043734 -0.327202 0.7765 0.7333 0.7490
v -0.894601 -0.025561 -0.308096 0.2510 0.2196 0.2118
v -0.799949 0.142630 -0.314800 0.7333 0.6863 0.6941
v -0.897046 0.217938 -0.461032 0.7529 0.7098 0.7412
v -0.941465 -0.133692 -0.333897 0.7608 0.7569 0.7490
v -0.889250 0.162500 -0.326121 0.7412 0.6980 0.7294
v -0.989469 -0.084294 -0.305028 0.8510 0.8118 0.8039
v -0.918823 -0.177625 -0.384078 0.2353 0.2549 0.2392
v -0.915590 0.028661 -0.299818 0.7451 0.6706 0.2588
v -0.917373 0.037741 -0.365712 0.2000 0.1529 0.1529
v -0.908926 0.125401 -0.360391 0.1059 0.3843 0.1647
v -1.005482 -0.026355 -0.277997 0.7569 0.7098 0.7176
v -0.871457 0.156461 -0.316739 0.6863 0.6392 0.6471
v -0.936965 0.105179 -0.356670 0.5412 0.6157 0.4392
v -1.006413 -0.110173 -0.297329 0.7882 0.7412 0.7490
v -0.901914 0.090667 -0.292026 0.3451 0.4863 0.2353
v -0.912762 0.010943 -0.319491 0.7137 0.6745 0.6784
v -1.011542 -0.016565 -0.367729 0.2902 0.2471 0.1373
v -0.946508 0.221689 -0.297399 0.7373 0.6941 0.7255
v -0.911304 0.062977 -0.367861 0.1725 0.1608 0.1333
v -1.064998 0.150334 -0.225306 0.3255 0.5451 0.2588
v -0.964973 -0.258452 -0.453099 0.2667 0.2706 0.2471
v -0.906847 -0.049262 -0.390069 0.7451 0.7020 0.6784
v -1.004120 0.239342 -0.240972 0.7333 0.6863 0.7020
v -0.865029 0.140158 -0.327093 0.7373 0.6941 0.7255
v -0.988488 -0.032141 -0.386492 0.8549 0.8000 0.8000
v -1.038907 -0.197265 -0.374298 0.2627 0.2667 0.2431
v -0.912974 0.185305 -0.334057 0.2431 0.5020 0.2118
v -1.035039 -0.057201 -0.349142 0.7569 0.7098 0.7176
v -0.906543 -0.160892 -0.349091 0.2314 0.2353 0.2118
v -1.017441 0.083863 -0.326328 0.7647 0.7216 0.7373
v -0.871875 0.047684 -0.332343 0.1961 0.1569 0.1529
v -0.952851 0.048335 -0.355137 0.7843 0.7490 0.4863
v -0.970216 -0.183183 -0.393771 0.3765 0.3333 0.3176
v -0.812883 -0.095170 -0.266723 0.7725 0.7255 0.7333
v -0.955022 -0.156937 -0.292769 0.4078 0.3647 0.3569
v -0.907902 0.129449 -0.279504 0.7569 0.7176 0.7490
v -0.965737 0.232465 -0.331758 0.7373 0.6902 0.7059
v -0.878853 0.051369 -0.344056 0.4078 0.4431 0.2353
v -0.881737 0.162928 -0.311185 0.7294 0.6863 0.7020
v -0.900138 0.060947 -0.335445 0.6196 0.5490 0.5412
v -0.907895 0.179032 -0.407922 0.5451 0.5647 0.3529
v -0.950511 -0.075253 -0.284394 0.7451 0.7059 0.7098
v -0.924896 0.155453 -0.339792 0.7333 0.6863 0.7020
v -0.957839 0.086174 -0.463372 0.7843 0.7529 0.7451
v -0.958789 -0.116218 -0.407639 0.7569 0.7137 0.7294
v -0.911403 0.063932 -0.364630 0.7137 0.6667 0.6745
v -1.006590 -0.066411 -0.400154 0.2275 0.2000 0.1765
v -1.013485 -0.245245 -0.347388 0.5922 0.5333 0.5059
v -1.019382 -0.182796 -0.324728 0.2275 0.2353 0.2157
v -0.943649 -0.248066 -0.319813 0.3020 0.3059 0.2824
v -1.038369 -0.041057 -0.342786 0.7569 0.7098 0.7255
v -0.903955 -0.265745 -0.359337 0.3451 0.3176 0.2863
v -0.959153 0.113371 -0.312469 0.7412 0.6980 0.7137
v -0.969969 0.216257 -0.374949 0.7608 0.7216 0.7529
v -0.871639 0.020481 -0.347485 0.7569 0.7137 0.7294
v -0.914437 0.008512 -0.313953 0.2471 0.2510 0.2275
v -0.902163 -0.033755 -0.448453 0.7647 0.7647 0.7647
v -0.953824 -0.115387 -0.376259 0.4157 0.3686 0.3843
v -0.844390 0.139274 -0.430050 0.7569 0.7176 0.7490
v -0.942068 0.153859 -0.421922 0.7176 0.6784 0.7098
v -0.965394 -0.167776 -0.411563 0.6196 0.5333 0.4824
v -0.901128 -0.190350 -0.390379 0.2902 0.3020 0.2745
v -0.881021 0.168450 -0.397806 0.2039 0.2000 0.1843
v -0.851520 -0.219181 -0.417517 0.3216 0.3216 0.2902
v -0.827138 0.237553 -0.391066 0.6706 0.7412 0.5451
v -0.881620 0.084811 -0.391983 0.7569 0.7176 0.7490
v -0.855862 -0.046860 -0.473166 0.5686 0.4902 0.4627
v -0.921356 0.097825 -0.423716 0.8471 0.8118 0.8157
v -1.027888 -0.127325 -0.386716 0.2667 0.2902 0.2745
v -0.882390 -0.074579 -0.432543 0.2392 0.2431 0.2196
v -0.889317 -0.111753 -0.528258 0.2314 0.2431 0.2157
v -0.910715 0.146810 -0.455868 0.7725 0.7137 0.3098
v -0.942552 -0.072942 -0.424293 0.2784 0.2980 0.2745
v -0.944594 0.059820 -0.392187 0.7569 0.7176 0.7490
v -0.871431 0.063919 -0.437870 0.7569 0.7176 0.7490
v -0.913780 -0.150238 -0.400735 0.3490 0.3255 0.3412
v -0.897491 0.139451 -0.394985 0.1529 0.1294 0.1294
v -0.825094 0.062694 -0.402254 0.7137 0.6353 0.2941
v -0.910343 -0.096051 -0.459990 0.3922 0.3333 0.3451
v -0.802509 -0.219174 -0.379566 0.2549 0.2627 0.2588
v -0.881656 -0.081254 -0.451163 0.2431 0.2627 0.2471
v -0.999282 -0.194400 -0.398182 0.6627 0.5922 0.5451
v -0.840833 -0.154110 -0.429480 0.2706 0.2745 0.2510
v -0.875233 -0.040755 -0.476594 0.7765 0.7529 0.7686
v -0.846629 -0.218547 -0.393300 0.4039 0.3765 0.3451
v -0.922644 -0.221443 -0.498383 0.2745 0.2824 0.2627
v -0.900518 -0.221363 -0.464841 0.6196 0.5412 0.5059
v -0.858304 0.171835 -0.432771 0.4549 0.5608 0.2902
v -0.870594 0.015220 -0.354387 0.7255 0.6784 0.6941
v -0.846297 -0.054203 -0.523215 0.6314 0.5451 0.5020
v -0.902953 0.071635 -0.548342 0.7608 0.7373 0.7373
v -0.961944 0.220641 -0.399857 0.7529 0.6980 0.3176
v -0.938807 0.205030 -0.434997 0.3020 0.5412 0.2667
v -0.966404 -0.130289 -0.411412 0.6471 0.5686 0.5255
v -0.858254 -0.024659 -0.426638 0.2549 0.2588 0.2392
v -0.815994 -0.215516 -0.403430 0.6275 0.5216 0.4784
v -0.899294 -0.111388 -0.447600 0.4039 0.3569 0.3725
v -0.910343 0.116871 -0.477536 0.6941 0.6471 0.6549
v -0.925402 0.003275 -0.389630 0.7686 0.7451 0.7529
v -0.840725 -0.106823 -0.435845 0.6392 0.5608 0.5176
v -0.924227 -0.239217 -0.448505 0.6353 0.5255 0.4784
v -0.914039 0.040378 -0.492982 0.8118 0.7961 0.8510
v -0.956628 0.159081 -0.457499 0.7569 0.7176 0.7490
v -0.895512 -0.205233 -0.464264 0.2588 0.2824 0.2667
v -0.935223 0.160551 -0.458221 0.7216 0.6980 0.7059
v -0.924313 0.193249 -0.437884 0.7333 0.6941 0.7255
v -0.897892 -0.223305 -0.394865 0.2627 0.2863 0.2706
v -0.898468 -0.101872 -0.426234 0.2471 0.2667 0.2510
v -0.999292 -0.246928 -0.408492 0.6353 0.5294 0.4863
v -0.944599 -0.070308 -0.416592 0.2353 0.2392 0.2157
v -0.919594 0.041946 -0.424175 0.7529 0.7098 0.7255
v -0.905842 -0.152726 -0.366206 0.3451 0.3373 0.3490
v -0.831432 -0.133523 -0.489258 0.2784 0.2824 0.2588
v -0.920674 0.098173 -0.394158 0.2118 0.1922 0.1686
v -0.946751 -0.236677 -0.469399 0.2588 0.2667 0.2549
v -0.859857 -0.224466 -0.497035 0.3333 0.3216 0.2863
v -0.885723 -0.125401 -0.463525 0.3961 0.3804 0.3373
v -0.906751 -0.115172 -0.498644 0.2588 0.2667 0.2471
v -0.906358 -0.196775 -0.417281 0.3098 0.3216 0.2941
v -0.858343 0.227690 -0.388474 0.7529 0.7255 0.7569
v -1.017361 -0.278368 -0.444007 0.6118 0.5216 0.4902
v -0.934417 0.042575 -0.384872 0.8118 0.7686 0.7608
v -0.833054 -0.012251 -0.396618 0.2588 0.2471 0.2196
v -0.889993 0.174767 -0.455645 0.3686 0.5647 0.3176
v -0.945904 0.114566 -0.421098 0.6667 0.6392 0.6706
v -0.949415 0.091205 -0.340396 0.7569 0.7176 0.7490
v -0.854009 -0.057789 -0.398958 0.2353 0.2431 0.2235
v -0.824226 -0.073515 -0.420854 0.4078 0.4000 0.4039
v -0.901731 0.198559 -0.403200 0.7647 0.7255 0.4431
v -0.942788 -0.099041 -0.407390 0.2627 0.2863 0.2706
v -0.909039 -0.248729 -0.409945 0.2902 0.2941 0.2706
v -0.932588 0.032101 -0.489241 0.7059 0.6588 0.6667
v -0.893628 0.278806 -0.420818 0.2157 0.1804 0.1216
v -0.866392 -0.175013 -0.555058 0.6392 0.5451 0.5059
v -0.890563 -0.079979 -0.565815 0.2431 0.2510 0.2392
v -0.810332 -0.095534 -0.459371 0.6824 0.5922 0.5608
v -0.843974 -0.168439 -0.476540 0.2824 0.3020 0.2863
v -0.897157 -0.044107 -0.473932 0.6627 0.5725 0.5412
v -0.806359 -0.180843 -0.523414 0.6824 0.5961 0.5529
v -0.815678 -0.072240 -0.461391 0.4824 0.4588 0.4588
v -0.798629 0.047236 -0.484587 0.2353 0.2314 0.2157
v -0.839410 -0.080201 -0.510699 0.3647 0.3216 0.3373
v -0.861538 -0.225351 -0.553822 0.3882 0.3333 0.2980
v -0.790401 0.207620 -0.431748 0.7725 0.7059 0.4000
v -0.834220 0.161454 -0.447611 0.5882 0.5647 0.5647
v -0.848677 -0.126763 -0.549256 0.2863 0.2941 0.2824
v -0.814002 -0.167171 -0.437380 0.2667 0.2706 0.2392
v -0.882384 0.129741 -0.492743 0.2078 0.1686 0.1608
v -0.877339 -0.105599 -0.618801 0.2510 0.2706 0.2471
v -0.897610 0.139788 -0.374148 0.8000 0.7765 0.7765
v -0.868348 0.196145 -0.514018 0.7686 0.7412 0.7725
v -0.892173 -0.098081 -0.434348 0.2824 0.2941 0.2667
v -0.844978 0.243977 -0.489863 0.1647 0.1176 0.1176
v -0.812870 0.032551 -0.470853 0.5725 0.4980 0.4824
v -0.919014 0.086276 -0.408054 0.2314 0.2353 0.2039
v -0.801395 -0.222323 -0.359216 0.3059 0.2706 0.2510
v -0.899534 -0.054959 -0.452188 0.2784 0.2863 0.2745
v -0.879020 0.071929 -0.516850 0.7569 0.7333 0.7412
v -0.807314 -0.220925 -0.466309 0.2902 0.2745 0.2627
v -0.839569 0.182737 -0.576653 0.1647 0.1451 0.1333
v -0.946112 -0.063774 -0.466563 0.6588 0.5804 0.5529
v -0.854420 0.255375 -0.520231 0.1843 0.1608 0.1608
v -0.824392 -0.114281 -0.547419 0.2745 0.2941 0.2706
v -0.856414 0.262589 -0.464438 0.7647 0.7373 0.7686
v -0.977017 -0.228173 -0.509079 0.5843 0.4784 0.4118
v -0.860767 -0.173461 -0.472918 0.2745 0.2824 0.2706
v -0.958943 0.086389 -0.433579 0.7725 0.7451 0.7765
v -0.801817 -0.197454 -0.517522 0.6118 0.5216 0.4902
v -0.847327 0.214165 -0.555364 0.7608 0.7216 0.7529
v -0.847931 -0.107671 -0.446062 0.2863 0.2510 0.2157
v -0.934269 -0.022973 -0.425229 0.3804 0.3725 0.3843
v -0.845188 -0.041294 -0.496120 0.3725 0.3294 0.3216
v -0.881562 0.218139 -0.528899 0.7529 0.7098 0.7412
v -0.900852 -0.040687 -0.533175 0.2549 0.2510 0.2353
v -0.863807 -0.152397 -0.451562 0.2980 0.2588 0.2235
v -0.805244 0.210463 -0.535475 0.7647 0.7373 0.7686
v -0.830807 -0.090682 -0.547245 0.3098 0.3176 0.3059
v -0.962340 -0.272722 -0.475344 0.2824 0.2902 0.2863
v -0.770718 -0.219762 -0.435071 0.5804 0.5255 0.4902
v -0.897284 -0.276332 -0.504921 0.6431 0.5569 0.5137
v -0.856110 0.003669 -0.391154 0.2510 0.2549 0.2353
v -0.821642 -0.088571 -0.527000 0.4000 0.3451 0.3451
v -0.825316 0.097708 -0.449246 0.7804 0.7529 0.7843
v -0.881140 -0.079417 -0.475960 0.6667 0.5765 0.5451
v -0.855022 0.169162 -0.461675 0.7765 0.7490 0.7804
v -0.952577 0.063692 -0.428126 0.7882 0.7490 0.7804
v -0.828335 0.059475 -0.496705 0.6627 0.6157 0.6235
v -0.822264 0.053362 -0.494884 0.8118 0.7882 0.7882
v -0.817626 -0.033079 -0.480558 0.6510 0.5647 0.5216
v -0.866175 -0.227378 -0.509099 0.6471 0.5412 0.4980
v -0.799453 0.079457 -0.463534 0.7373 0.6941 0.7098
v -0.850912 0.041023 -0.411511 0.3059 0.2824 0.2824
v -0.883077 0.153378 -0.502660 0.5176 0.4941 0.4941
v -0.904473 -0.100468 -0.430585 0.2745 0.2941 0.2706
v -0.862968 0.160312 -0.483449 0.7490 0.7098 0.7412
v -0.908121 -0.172614 -0.459711 0.3137 0.2784 0.2588
v -0.880958 -0.190189 -0.469928 0.2745 0.2627 0.2431
v -0.883689 0.021252 -0.515214 0.2667 0.2549 0.2275
v -0.825822 0.203521 -0.432809 0.7686 0.6941 0.2902
v -0.861173 -0.031780 -0.520261 0.6627 0.5843 0.5490
v -0.848175 -0.090215 -0.533266 0.3569 0.3137 0.3373
v -0.920635 0.059872 -0.475759 0.7412 0.7373 0.7294
v -0.875283 -0.088009 -0.469177 0.2745 0.2941 0.2706
v -0.877697 -0.179690 -0.510344 0.2471 0.2706 0.2549
v -0.784628 0.091986 -0.433096 0.8510 0.8353 0.8314
v -0.808769 -0.045217 -0.479319 0.6392 0.5725 0.5961
v -0.873320 0.223079 -0.544023 0.1608 0.1412 0.1294
v -0.881057 -0.061293 -0.515678 0.2510 0.2588 0.2471
v -0.862036 -0.102686 -0.552651 0.6745 0.5843 0.5529
v -0.880408 0.163085 -0.538762 0.9137 0.6039 0.4510
v -0.948318 -0.058653 -0.506514 0.2549 0.2588 0.2392
v -0.835952 0.016519 -0.435970 0.2549 0.2510 0.2314
v -0.878667 -0.187827 -0.518676 0.2667 0.2745 0.2627
v -0.768743 0.125493 -0.561725 0.6588 0.6275 0.6706
v -0.848710 0.271702 -0.584276 0.1294 0.1098 0.0980
v -0.850344 0.118888 -0.562702 0.7098 0.6627 0.6784
v -0.892713 0.191895 -0.495267 0.7373 0.7098 0.7412
v -0.686198 0.010070 -0.518998 0.2392 0.2431 0.2118
v -0.854059 0.023746 -0.606566 0.8275 0.7686 0.7569
v -0.865302 -0.188039 -0.540054 0.2549 0.2627 0.2588
v -0.817120 0.015883 -0.609443 0.2510 0.2471 0.2275
v -0.891428 -0.215369 -0.642411 0.2745 0.2824 0.2706
v -0.821805 -0.154638 -0.590990 0.2431 0.2627 0.2471
v -0.852297 -0.162358 -0.574598 0.2706 0.2824 0.2549
v -0.976757 -0.276729 -0.573704 0.6118 0.5255 0.4824
v -0.826536 0.001523 -0.607205 0.5647 0.5098 0.5098
v -0.702865 0.162372 -0.626393 0.6078 0.5725 0.5765
v -0.781576 0.006417 -0.605895 0.2784 0.2588 0.2745
v -0.777386 -0.062387 -0.559627 0.6588 0.5804 0.5529
v -0.768757 0.022340 -0.552629 0.7765 0.7490 0.7765
v -0.818346 -0.145475 -0.616795 0.6392 0.5647 0.5098
v -0.774337 0.132703 -0.632659 0.7059 0.6784 0.7098
v -0.920729 0.117458 -0.466395 0.7255 0.7020 0.7098
v -0.790984 -0.040815 -0.453735 0.2353 0.2392 0.2157
v -0.916688 -0.004027 -0.645988 0.7725 0.7490 0.7647
v -0.870015 -0.195041 -0.584257 0.2549 0.2745 0.2588
v -0.834418 0.137408 -0.483543 0.2392 0.2000 0.1961
v -0.769460 -0.095628 -0.617426 0.2863 0.2980 0.2706
v -0.928871 -0.124733 -0.612722 0.2510 0.2588 0.2392
v -0.813283 0.032481 -0.552714 0.8392 0.8353 0.8157
v -0.831572 -0.096787 -0.566048 0.6392 0.5490 0.5176
v -0.852725 0.097510 -0.567856 0.5294 0.2471 0.2902
v -0.843065 -0.189471 -0.517110 0.7020 0.6353 0.6039
v -0.773726 -0.091359 -0.564801 0.2784 0.2863 0.2745
v -0.814778 -0.105556 -0.604358 0.2235 0.2314 0.2118
v -0.790344 0.046638 -0.569711 0.8863 0.8314 0.8275
v -0.804089 0.189490 -0.622879 0.1882 0.1686 0.1569
v -0.841209 -0.126745 -0.594410 0.2667 0.2824 0.2784
v -0.799469 0.207905 -0.573504 0.4118 0.3569 0.1176
v -0.792660 -0.129999 -0.532815 0.2745 0.2824 0.2706
v -0.756708 -0.121744 -0.631258 0.6627 0.5843 0.5490
v -0.780400 0.199472 -0.542337 0.7725 0.7255 0.7647
v -0.787254 -0.040676 -0.552977 0.3765 0.3373 0.3412
v -0.864448 -0.038463 -0.626377 0.5176 0.4784 0.4745
v -0.835410 -0.077080 -0.577917 0.2275 0.2314 0.2078
v -0.834118 0.084178 -0.622041 0.8824 0.8196 0.8196
v -0.871322 -0.068703 -0.649525 0.4863 0.4196 0.4431
v -0.880618 0.237886 -0.595411 0.2471 0.5059 0.2667
v -0.885278 -0.043752 -0.547645 0.2275 0.2314 0.2078
v -0.818125 -0.002286 -0.564952 0.7725 0.7529 0.7765
v -0.924952 0.186357 -0.566320 0.3020 0.2627 0.2588
v -0.827993 0.147374 -0.544474 0.7765 0.7529 0.7922
v -0.840506 0.016931 -0.643578 0.2706 0.2745 0.2431
v -0.696531 0.204843 -0.515937 0.7098 0.6824 0.7137
v -0.802263 0.119660 -0.520563 0.6667 0.6196 0.6196
v -0.849296 -0.216166 -0.512698 0.7020 0.6353 0.6039
v -0.807313 -0.231134 -0.492916 0.5843 0.5059 0.4706
v -0.808852 -0.094787 -0.564226 0.2980 0.3059 0.3020
v -0.827213 0.040731 -0.574002 0.7765 0.7529 0.7686
v -0.826219 -0.253135 -0.502472 0.2549 0.2627 0.2510
v -0.809853 -0.216715 -0.545041 0.2902 0.3098 0.2863
v -0.764939 -0.060763 -0.543693 0.2275 0.2314 0.2000
v -0.884018 0.264601 -0.559582 0.2353 0.3490 0.0980
v -0.850768 -0.007367 -0.524551 0.2471 0.2510 0.2275
v -0.870371 -0.059893 -0.579930 0.2549 0.2784 0.2627
v -0.757183 -0.015350 -0.588239 0.2588 0.2510 0.2549
v -0.899971 0.056523 -0.614164 0.7765 0.7490 0.7804
v -0.815726 -0.186662 -0.476068 0.5804 0.4902 0.4588
v -0.858123 -0.184348 -0.660103 0.2392 0.2588 0.2431
v -0.870008 0.117260 -0.652829 0.7490 0.7294 0.7529
v -0.830142 0.065953 -0.533914 0.7216 0.6784 0.6941
v -0.858156 -0.021120 -0.546789 0.2510 0.2549 0.2314
v -0.848988 -0.172440 -0.611194 0.6667 0.5882 0.5529
v -0.837766 -0.035216 -0.534661 0.2431 0.2471 0.2157
v -0.825163 -0.046195 -0.520323 0.2588 0.2667 0.2549
v -0.870609 -0.095419 -0.563851 0.2863 0.2902 0.2706
v -0.791318 0.231474 -0.505269 0.6784 0.6392 0.6353
v -0.855357 -0.005338 -0.569881 0.2824 0.2824 0.2902
v -0.815847 0.063731 -0.552379 0.7725 0.7529 0.7804
v -0.756629 -0.216001 -0.664681 0.5922 0.4863 0.4431
v -0.851462 -0.028992 -0.612257 0.2588 0.2784 0.2627
v -0.841628 -0.031433 -0.628811 0.6235 0.5765 0.5765
v -0.866585 -0.222595 -0.557323 0.2588 0.2667 0.2549
v -0.722364 -0.217522 -0.605181 0.3137 0.2824 0.2392
v -0.757310 -0.008742 -0.652353 0.6392 0.5725 0.5412
v -0.714109 -0.209629 -0.697869 0.6157 0.5059 0.4588
v -0.793728 -0.221484 -0.649848 0.6235 0.5373 0.4941
v -0.736522 -0.089209 -0.686466 0.2824 0.2784 0.2627
v -0.744083 0.055440 -0.621539 0.7804 0.7608 0.7490
v -0.745259 0.017919 -0.631416 0.2353 0.2431 0.2314
v -0.786442 -0.059525 -0.535721 0.2588 0.2667 0.2549
v -0.782793 -0.171567 -0.632297 0.6549 0.5765 0.5490
v -0.778526 0.026062 -0.666709 0.5176 0.4980 0.5216
v -0.795363 0.152522 -0.652953 0.7569 0.7294 0.7608
v -0.863768 -0.243479 -0.667379 0.7176 0.6510 0.6235
v -0.763442 -0.186166 -0.688337 0.6196 0.5137 0.4706
v -0.856608 -0.238543 -0.623813 0.2549 0.2627 0.2588
v -0.854303 0.248658 -0.582885 0.7137 0.6745 0.7176
v -0.734518 -0.194610 -0.593259 0.2667 0.2824 0.2941
v -0.836134 0.190110 -0.690151 0.2157 0.2157 0.1843
v -0.740915 0.095665 -0.642179 0.7647 0.7373 0.7686
v -0.759262 0.103579 -0.678345 0.7647 0.7451 0.7686
v -0.735310 -0.038146 -0.608968 0.2510 0.2588 0.2471
v -0.773472 0.246622 -0.607513 0.1451 0.1216 0.1216
v -0.739598 0.259051 -0.606723 0.7255 0.6980 0.7294
v -0.831651 0.144005 -0.528124 0.2196 0.2196 0.1882
v -0.760843 -0.016947 -0.541309 0.2157 0.2353 0.2196
v -0.734601 0.230267 -0.621679 0.7647 0.7255 0.7686
v -0.775303 -0.124545 -0.606670 0.6980 0.6196 0.5922
v -0.843473 0.096291 -0.596794 0.7529 0.7333 0.7569
v -0.718870 -0.012398 -0.599600 0.2353 0.2392 0.2157
v -0.713824 -0.009828 -0.662337 0.2078 0.2118 0.1882
v -0.832875 0.252206 -0.733981 0.7490 0.7216 0.7529
v -0.798215 0.012198 -0.672588 0.2314 0.2392 0.2275
v -0.840993 0.232796 -0.694006 0.6980 0.6706 0.7020
v -0.699695 -0.104761 -0.656647 0.6745 0.5961 0.5686
v -0.920213 -0.016815 -0.556771 0.2275 0.2314 0.2078
v -0.746767 -0.111976 -0.651947 0.2980 0.3137 0.3176
v -0.743001 -0.212978 -0.628639 0.6157 0.5098 0.4667
v -0.739778 -0.030291 -0.631306 0.2706 0.2902 0.2745
v -0.797604 -0.063954 -0.605788 0.2549 0.2588 0.2392
v -0.771330 0.044313 -0.611751 0.2118 0.2157 0.1922
v -0.822622 0.184927 -0.673022 0.5255 0.4392 0.1451
v -0.746351 0.218677 -0.641754 0.1961 0.2039 0.1843
v -0.793775 -0.042952 -0.641757 0.2667 0.2745 0.2627
v -0.742122 0.200436 -0.573795 0.7412 0.7137 0.7451
v -0.824095 -0.003940 -0.607517 0.6275 0.5373 0.5059
v -0.851699 0.150165 -0.605098 0.8431 0.8039 0.8078
v -0.776250 -0.167294 -0.668591 0.3137 0.3216 0.3098
v -0.761843 -0.135055 -0.652294 0.2627 0.2471 0.2353
v -0.837988 0.022614 -0.589362 0.5255 0.5020 0.5176
v -0.660098 -0.231555 -0.570752 0.6431 0.5490 0.5020
v -0.787917 0.105200 -0.564410 0.7647 0.7373 0.7686
v -0.744043 0.242808 -0.533531 0.7294 0.6824 0.7216
v -0.868545 0.086654 -0.690822 0.7451 0.7176 0.7490
v -0.731850 -0.058984 -0.624174 0.2824 0.2902 0.2784
v -0.680194 -0.035539 -0.625912 0.4235 0.3765 0.3843
v -0.858414 -0.088900 -0.667179 0.2706 0.2784 0.2667
v -0.795801 -0.263469 -0.470079 0.6000 0.5137 0.4706
v -0.690784 0.155298 -0.629603 0.6039 0.5804 0.5882
v -0.732908 -0.035828 -0.660854 0.6667 0.5882 0.5608
v -0.774016 -0.213408 -0.583208 0.2667 0.2824 0.2784
v -0.766065 0.132918 -0.616001 0.2118 0.2157 0.1961
v -0.773185 -0.006905 -0.568852 0.2706 0.2902 0.2745
v -0.722424 -0.217121 -0.605484 0.6510 0.5647 0.5216
v -0.777098 0.116408 -0.681466 0.7529 0.7255 0.7569
v -0.681831 0.008692 -0.604746 0.4353 0.3961 0.4000
v -0.795252 0.052021 -0.673016 0.7451 0.7176 0.7490
v -0.730358 -0.238825 -0.631337 0.5608 0.5216 0.4863
v -0.773879 -0.039420 -0.640729 0.6549 0.5647 0.5333
v -0.788360 -0.003108 -0.620880 0.6039 0.5255 0.4980
v -0.777323 0.134629 -0.579477 0.4588 0.4549 0.4392
v -0.795863 0.078456 -0.615510 0.2471 0.2549 0.2431
v -0.693707 -0.259939 -0.588595 0.6510 0.5647 0.5216
v -0.768888 -0.056809 -0.634327 0.2824 0.2863 0.2627
v -0.742048 0.128242 -0.653359 0.2392 0.2196 0.1961
v -0.726342 -0.038480 -0.698236 0.2431 0.2510 0.2314
v -0.768160 0.080888 -0.666965 0.7451 0.7176 0.7490
v -0.787807 0.088446 -0.677113 0.2549 0.2627 0.2196
v -0.723575 0.086348 -0.667454 0.3882 0.3804 0.3294
v -0.775859 -0.120985 -0.593201 0.2667 0.2863 0.2706
v -0.708738 0.042093 -0.570299 0.2667 0.2627 0.2549
v -0.715602 0.054359 -0.689703 0.7725 0.7490 0.7647
v -0.731337 0.149293 -0.699025 0.7843 0.7451 0.7882
v -0.639796 0.152386 -0.695972 0.7765 0.7490 0.7804
v -0.710663 0.112571 -0.716282 0.2039 0.2118 0.1922
v -0.687069 -0.252329 -0.756769 0.6667 0.5686 0.5412
v -0.577620 0.069702 -0.714924 0.7882 0.7804 0.7922
v -0.722822 0.175612 -0.664793 0.2039 0.2000 0.1922
v -0.593283 -0.250117 -0.712227 0.2980 0.3137 0.3098
v -0.712608 -0.019763 -0.577660 0.2510 0.2588 0.2392
v -0.644195 -0.084212 -0.668151 0.2471 0.2627 0.2588
v -0.728431 0.200945 -0.759503 0.7529 0.7255 0.7569
v -0.868967 0.016214 -0.730214 0.2471 0.2549 0.2510
v -0.677096 0.092468 -0.750800 0.5765 0.4941 0.4824
v -0.679572 0.056999 -0.659986 0.2549 0.2588 0.2392
v -0.693654 -0.171426 -0.685492 0.2627 0.2784 0.2745
v -0.753849 0.119876 -0.624125 0.7922 0.7686 0.7843
v -0.825030 0.101565 -0.660061 0.7804 0.7412 0.7843
v -0.704798 0.077715 -0.633973 0.2353 0.2392 0.2196
v -0.733968 -0.241198 -0.659697 0.7176 0.6588 0.6314
v -0.743435 0.239111 -0.638723 0.7804 0.7412 0.7843
v -0.689936 -0.185907 -0.688298 0.6196 0.5412 0.5059
v -0.786141 0.188659 -0.802712 0.7412 0.6980 0.7294
v -0.691629 -0.131853 -0.782956 0.6235 0.5373 0.4941
v -0.673952 -0.194271 -0.688085 0.6118 0.5255 0.4824
v -0.594180 0.061600 -0.710861 0.2275 0.2314 0.2078
v -0.731162 0.070626 -0.686120 0.7725 0.7137 0.7333
v -0.660540 -0.022593 -0.639456 0.2706 0.2784 0.2667
v -0.788448 -0.158446 -0.636101 0.7020 0.6196 0.6000
v -0.729500 0.051053 -0.648579 0.2588 0.2667 0.2627
v -0.739659 0.055993 -0.668448 0.2392 0.2471 0.2353
v -0.763838 0.178649 -0.745384 0.7569 0.7176 0.7490
v -0.640041 -0.177572 -0.731277 0.6118 0.5176 0.4784
v -0.574234 0.066005 -0.677859 0.8039 0.7843 0.8000
v -0.698272 0.248656 -0.720013 0.7686 0.7373 0.7804
v -0.700426 0.214295 -0.723238 0.6314 0.2627 0.3647
v -0.719949 -0.061132 -0.600206 0.6667 0.5804 0.5373
v -0.653041 0.205168 -0.655459 0.7725 0.7451 0.7765
v -0.760149 0.202628 -0.740964 0.7255 0.6863 0.7294
v -0.693273 0.173868 -0.727791 0.8627 0.8235 0.8275
v -0.779868 -0.128578 -0.711638 0.2588 0.2667 0.2549
v -0.722000 -0.043220 -0.744102 0.2706 0.2863 0.2824
v -0.719695 0.030343 -0.705642 0.3529 0.2941 0.3059
v -0.667014 0.063210 -0.762263 0.2118 0.2157 0.1961
v -0.705429 -0.128355 -0.625040 0.6980 0.6157 0.5961
v -0.713442 -0.173339 -0.790727 0.2706 0.2863 0.2824
v -0.762536 0.055026 -0.691377 0.2784 0.2863 0.2745
v -0.734768 -0.036915 -0.704168 0.2941 0.3137 0.3294
v -0.725690 -0.124332 -0.738443 0.7059 0.6314 0.6157
v -0.744962 0.166082 -0.747551 0.7765 0.7569 0.7804
v -0.728536 0.182602 -0.672244 0.3216 0.2784 0.2627
v -0.790588 -0.192121 -0.689283 0.7098 0.6275 0.6078
v -0.784323 0.163329 -0.678077 0.7843 0.7529 0.7961
v -0.722713 0.011367 -0.704381 0.2078 0.2118 0.1922
v -0.728213 -0.003005 -0.641579 0.4706 0.4314 0.4353
v -0.732616 0.169118 -0.704193 0.7490 0.7137 0.7176
v -0.768875 -0.158751 -0.625709 0.6745 0.5843 0.5529
v -0.710623 0.209338 -0.618998 0.7922 0.7529 0.7961
v -0.695980 0.030427 -0.691010 0.6275 0.5373 0.5059
v -0.721208 -0.037488 -0.620767 0.2667 0.2745 0.2627
v -0.798716 0.080361 -0.805166 0.8000 0.7412 0.7529
v -0.723609 -0.184201 -0.679114 0.6902 0.6196 0.5804
v -0.718118 0.217293 -0.762475 0.7608 0.7216 0.7569
v -0.709374 -0.019755 -0.685083 0.2392 0.2431 0.2196
v -0.721167 0.002133 -0.646820 0.6549 0.5961 0.5765
v -0.714882 0.221832 -0.689911 0.8275 0.7804 0.7804
v -0.665602 -0.137476 -0.709246 0.6549 0.5569 0.5294
v -0.796590 -0.009862 -0.692876 0.2863 0.2902 0.2706
v -0.718204 0.086276 -0.620546 0.2471 0.2510 0.2314
v -0.703833 0.087971 -0.694913 0.7647 0.7255 0.7569
v -0.728119 -0.258725 -0.759972 0.2980 0.3137 0.3098
v -0.734524 -0.036617 -0.700058 0.2627 0.2706 0.2588
v -0.685823 -0.106492 -0.692463 0.2471 0.2627 0.2588
v -0.807128 -0.010827 -0.628260 0.6824 0.6039 0.5765
v -0.664585 0.085750 -0.679236 0.2275 0.2314 0.2078
v -0.755770 0.161971 -0.662679 0.8078 0.7843 0.7922
v -0.677091 0.124609 -0.658325 0.2196 0.2275 0.2078
v -0.691608 -0.131599 -0.714808 0.2784 0.2824 0.2902
v -0.787426 0.047160 -0.652892 0.2078 0.2118 0.1882
v -0.745093 -0.023402 -0.686348 0.6314 0.5725 0.5608
v -0.635730 -0.069497 -0.656836 0.3961 0.3529 0.3686
v -0.697110 0.073444 -0.714167 0.2588 0.2588 0.2588
v -0.626871 -0.232170 -0.731172 0.3020 0.3216 0.3059
v -0.571867 0.022562 -0.796630 0.3098 0.3176 0.3137
v -0.715680 -0.177688 -0.764352 0.2745 0.2784 0.2588
v -0.666366 0.156993 -0.705896 0.8235 0.7961 0.8235
v -0.668896 0.139345 -0.748574 0.2275 0.2353 0.2235
v -0.568043 0.192960 -0.707040 0.2627 0.2431 0.2196
v -0.650664 0.132175 -0.692529 0.8039 0.7608 0.7765
v -0.680226 0.201114 -0.734749 0.7804 0.7412 0.7725
v -0.664135 -0.063504 -0.769784 0.6824 0.5765 0.5333
v -0.764161 0.181581 -0.760847 0.7922 0.7529 0.7843
v -0.620136 0.100172 -0.804544 0.2863 0.2941 0.2824
v -0.656042 0.222011 -0.770416 0.7804 0.7412 0.7725
v -0.674413 -0.223598 -0.735577 0.6824 0.5961 0.5529
v -0.661169 0.235190 -0.747524 0.7608 0.7255 0.7059
v -0.698134 -0.148131 -0.805658 0.2471 0.2667 0.2431
v -0.694601 0.239226 -0.704149 0.7608 0.7216 0.7529
v -0.640372 -0.061811 -0.731266 0.7176 0.6471 0.6314
v -0.673326 -0.058921 -0.721716 0.2706 0.2863 0.2824
v -0.719923 -0.023326 -0.798509 0.2627 0.2824 0.2667
v -0.682838 -0.018806 -0.829939 0.7098 0.6392 0.6235
v -0.676074 -0.031942 -0.784335 0.2824 0.2902 0.2784
v -0.657548 0.098127 -0.838229 0.4667 0.4431 0.4510
v -0.704230 -0.242305 -0.691535 0.6510 0.5529 0.5255
v -0.661172 0.134356 -0.719547 0.2078 0.2118 0.1882
v -0.666111 -0.105001 -0.716985 0.4510 0.4431 0.4549
v -0.782874 0.127975 -0.656521 0.5255 0.4824 0.4980
v -0.650968 -0.187516 -0.815194 0.2941 0.3098 0.3137
v -0.716884 0.089405 -0.675501 0.5333 0.4863 0.4941
v -0.637235 -0.246999 -0.848811 0.6745 0.5882 0.5451
v -0.662593 -0.172886 -0.819901 0.6588 0.5804 0.5529
v -0.791671 0.099712 -0.732363 0.2510 0.2667 0.2627
v -0.696721 0.145912 -0.741367 0.2471 0.2627 0.2588
v -0.663713 -0.195298 -0.727987 0.2941 0.3176 0.3020
v -0.634171 0.154305 -0.682634 0.2196 0.2275 0.2078
v -0.628046 0.052952 -0.725412 0.6824 0.6039 0.5765
v -0.683397 -0.063947 -0.774254 0.6314 0.5294 0.4784
v -0.650510 -0.129419 -0.712496 0.5961 0.5176 0.4745
v -0.600697 -0.047459 -0.817752 0.2627 0.2706 0.2588
v -0.532794 -0.122473 -0.786423 0.7176 0.6471 0.6314
v -0.724575 0.184124 -0.637736 0.2314 0.2353 0.2157
v -0.605431 -0.125022 -0.793716 0.2627 0.2824 0.2667
v -0.664576 0.052878 -0.706614 0.4863 0.4235 0.4235
v -0.652372 -0.034487 -0.724919 0.2588 0.2667 0.2549
v -0.676910 -0.004795 -0.785846 0.2627 0.2667 0.2353
v -0.672997 -0.164221 -0.741528 0.7137 0.6353 0.6078
v -0.640561 -0.019245 -0.723987 0.2706 0.2784 0.2667
v -0.664982 0.220855 -0.772309 0.7922 0.7725 0.7961
v -0.697911 -0.113397 -0.839470 0.6353 0.5490 0.5059
v -0.626513 -0.038189 -0.680674 0.2549 0.2745 0.2588
v -0.612486 -0.014858 -0.728566 0.3922 0.3294 0.3686
v -0.650423 -0.097680 -0.748621 0.6980 0.6196 0.5922
v -0.637458 0.124943 -0.700662 0.6706 0.5765 0.5608
v -0.641009 0.137602 -0.796124 0.2471 0.2510 0.2314
v -0.691865 -0.208791 -0.775238 0.6510 0.5647 0.5216
v -0.650820 0.003635 -0.724705 0.2941 0.3020 0.2902
v -0.679755 0.037778 -0.808731 0.3059 0.2824 0.2824
v -0.603083 0.045759 -0.808370 0.3843 0.3255 0.3373
v -0.650769 -0.197255 -0.758783 0.6000 0.5059 0.4588
v -0.779697 -0.124876 -0.717116 0.7098 0.6510 0.6314
v -0.693831 -0.069154 -0.659013 0.2824 0.2902 0.2784
v -0.645958 0.190277 -0.731743 0.7922 0.7647 0.7961
v -0.667741 -0.012868 -0.667696 0.2784 0.2863 0.2824
v -0.653015 0.021230 -0.695145 0.3216 0.2980 0.3137
v -0.778025 -0.189265 -0.753953 0.3059 0.3137 0.3020
v -0.733389 0.242960 -0.788754 0.7647 0.7373 0.7686
v -0.567241 0.108478 -0.811934 0.2510 0.2588 0.2471
v -0.718695 -0.161747 -0.726700 0.6941 0.6196 0.5922
v -0.559051 0.239973 -0.808247 0.2392 0.2235 0.2196
v -0.672280 0.144848 -0.838740 0.4941 0.4706 0.4863
v -0.739852 0.090138 -0.738924 0.2510 0.2549 0.2314
v -0.654876 -0.150745 -0.783688 0.7176 0.6353 0.6157
v -0.685425 -0.185364 -0.728341 0.7137 0.6314 0.6118
v -0.637579 -0.190101 -0.713811 0.5608 0.4549 0.4118
v -0.582823 0.109850 -0.776433 0.2431 0.2431 0.2431
v -0.647002 -0.025779 -0.793533 0.2902 0.3059 0.3098
v -0.775759 -0.168549 -0.732065 0.7294 0.6588 0.6431
v -0.628418 0.145544 -0.690978 0.2471 0.2549 0.2431
v -0.717031 -0.244621 -0.715831 0.6471 0.5608 0.5176
v -0.572350 0.079911 -0.758157 0.3961 0.4000 0.4196
v -0.649595 -0.235740 -0.792955 0.2784 0.2863 0.2745
v -0.603031 -0.091993 -0.772129 0.6039 0.5529 0.5294
v -0.615927 0.189330 -0.733224 0.2824 0.2745 0.2863
v -0.612163 -0.095586 -0.800031 0.4902 0.4706 0.4941
v -0.619710 0.258940 -0.846062 0.7804 0.7569 0.7647
v -0.595661 0.043040 -0.753240 0.7176 0.6431 0.6157
v -0.598527 -0.012995 -0.777236 0.6039 0.5490 0.5137
v -0.775512 -0.125251 -0.776886 0.3098 0.3176 0.3059
v -0.609314 0.070232 -0.848823 0.3216 0.3255 0.2941
v -0.672869 0.209047 -0.861898 0.7333 0.7255 0.7294
v -0.568150 -0.138282 -0.773500 0.3216 0.3373 0.3333
v -0.476699 -0.073689 -0.738186 0.2863 0.2941 0.2824
v -0.580222 0.227791 -0.822761 0.2353 0.2431 0.2000
v -0.622920 0.194042 -0.845549 0.4078 0.3647 0.3961
v -0.576007 -0.222904 -0.852260 0.6941 0.6157 0.5725
v -0.631963 0.012395 -0.771265 0.3020 0.3216 0.3059
v -0.641138 0.025230 -0.820391 0.3020 0.2667 0.2392
v -0.547636 -0.178396 -0.825436 0.4667 0.4275 0.4196
v -0.626435 -0.222226 -0.831843 0.2784 0.2863 0.2745
v -0.570229 -0.177538 -0.819593 0.7373 0.6706 0.6431
v -0.553008 -0.011859 -0.889238 0.7216 0.6549 0.6235
v -0.557791 0.128385 -0.840417 0.2863 0.2941 0.2902
v -0.664170 -0.062041 -0.763194 0.2824 0.2902 0.2706
v -0.464965 0.171749 -0.786363 0.3059 0.3137 0.3098
v -0.627081 -0.197963 -0.816624 0.7059 0.6157 0.5608
v -0.591846 -0.060097 -0.878198 0.7255 0.6471 0.6118
v -0.630436 -0.068906 -0.857922 0.6667 0.6157 0.5843
v -0.590533 -0.177621 -0.714671 0.3098 0.3137 0.2941
v -0.575979 -0.046589 -0.802556 0.3098 0.3176 0.3059
v -0.559953 0.216728 -0.778770 0.7608 0.7255 0.7373
v -0.559980 0.061463 -0.839776 0.3412 0.3490 0.3373
v -0.599489 0.135601 -0.797319 0.5255 0.5176 0.5294
v -0.572774 -0.142131 -0.833010 0.7176 0.6392 0.5961
v -0.561193 -0.185737 -0.818373 0.6941 0.6157 0.5725
v -0.559235 0.103538 -0.766105 0.2824 0.2863 0.2627
v -0.560423 0.233974 -0.753138 0.2510 0.2588 0.2392
v -0.617214 0.257492 -0.879090 0.2275 0.2314 0.2078
v -0.772514 -0.220642 -0.805333 0.7412 0.6824 0.6549
v -0.648059 0.058144 -0.756756 0.4078 0.4000 0.4118
v -0.528246 0.097158 -0.885071 0.2471 0.2510 0.2275
v -0.599646 0.105648 -0.809226 0.2431 0.2510 0.2314
v -0.639559 0.154087 -0.859561 0.3373 0.3137 0.3294
v -0.621154 0.015041 -0.845435 0.4431 0.3922 0.4196
v -0.582097 -0.059454 -0.814591 0.6706 0.5647 0.5216
v -0.624835 -0.103618 -0.680565 0.6824 0.5961 0.5529
v -0.586325 -0.017775 -0.781620 0.3020 0.3059 0.3216
v -0.499310 0.188560 -0.844506 0.2549 0.2588 0.2353
v -0.567879 -0.100501 -0.793991 0.7373 0.6706 0.6431
v -0.615994 -0.083467 -0.815327 0.3255 0.3333 0.3216
v -0.624534 0.253366 -0.782362 0.7882 0.7451 0.7765
v -0.512187 -0.154594 -0.796867 0.3216 0.2902 0.2824
v -0.642746 0.208061 -0.779202 0.7843 0.7412 0.7725
v -0.565306 -0.213029 -0.837350 0.6667 0.5882 0.5451
v -0.541558 -0.019242 -0.772712 0.5412 0.5216 0.5373
v -0.627230 0.109756 -0.783624 0.3137 0.3255 0.2980
v -0.624535 -0.209263 -0.830996 0.6784 0.6000 0.5569
v -0.606805 0.075460 -0.787243 0.2941 0.2980 0.2745
v -0.590226 0.175310 -0.750464 0.5922 0.5216 0.5059
v -0.568509 -0.005618 -0.833725 0.3020 0.3216 0.3059
v -0.548318 -0.093421 -0.794931 0.7333 0.6667 0.6353
v -0.634179 0.259129 -0.767573 0.2235 0.2275 0.2039
v -0.598575 0.154897 -0.801884 0.3098 0.3176 0.3059
v -0.625449 -0.144460 -0.835672 0.7137 0.6353 0.5922
v -0.562608 -0.008180 -0.843671 0.2784 0.2863 0.2745
v -0.574005 0.047139 -0.836978 0.3176 0.3294 0.3490
v -0.538064 0.034309 -0.786544 0.2980 0.2824 0.2471
v -0.563655 -0.097030 -0.812702 0.2863 0.2941 0.2824
v -0.546415 0.011453 -0.793038 0.7451 0.6667 0.6392
v -0.583556 0.198834 -0.886232 0.7843 0.7765 0.7882
v -0.695352 0.030486 -0.766242 0.6980 0.6431 0.6314
v -0.632408 -0.036022 -0.874510 0.2863 0.2941 0.2824
v -0.482045 0.056863 -0.891505 0.3137 0.3176 0.2941
v -0.608740 0.193046 -0.723821 0.2235 0.2275 0.2039
v -0.584207 -0.012049 -0.750019 0.7059 0.6275 0.6000
v -0.547734 0.235407 -0.796120 0.8157 0.7686 0.7843
v -0.655088 -0.188506 -0.844235 0.3373 0.3373 0.3294
v -0.559758 -0.069007 -0.712257 0.6196 0.5412 0.4980
v -0.632708 -0.055780 -0.852096 0.2824 0.2902 0.2706
v -0.622033 0.111223 -0.765802 0.7098 0.6196 0.5882
v -0.651448 0.155592 -0.780328 0.2980 0.3059 0.2941
v -0.628131 0.156303 -0.839417 0.8667 0.8039 0.8078
v -0.517168 0.145172 -0.838183 0.2784 0.2863 0.2745
v -0.555188 -0.164245 -0.785538 0.7294 0.6431 0.5922
v -0.550149 0.051715 -0.822145 0.4118 0.3725 0.4039
v -0.566721 0.108083 -0.816705 0.2588 0.2824 0.2745
v -0.572718 0.035881 -0.848610 0.7294 0.6549 0.6314
v -0.582495 0.001882 -0.880562 0.3137 0.3373 0.2980
v -0.537496 -0.104380 -0.903409 0.3059 0.3137 0.3020
v -0.557153 0.014099 -0.971859 0.3882 0.3451 0.3608
v -0.519812 0.225658 -0.904809 0.2471 0.2510 0.2275
v -0.612085 0.187463 -0.878011 0.2588 0.2667 0.2471
v -0.560780 0.208102 -0.845116 0.8118 0.7765 0.7961
v -0.507435 -0.131699 -0.849257 0.3608 0.3804 0.3647
v -0.514307 -0.230827 -0.809435 0.7412 0.6745 0.6431
v -0.453500 0.155273 -0.869554 0.3412 0.3451 0.3647
v -0.486430 0.192528 -0.929813 0.2314 0.2353 0.2118
v -0.529937 0.178977 -0.868668 0.2275 0.2353 0.2157
v -0.424869 -0.037469 -0.801886 0.6824 0.5961 0.5529
v -0.555937 -0.033948 -0.741196 0.2863 0.2941 0.2902
v -0.531392 -0.083714 -0.840515 0.2902 0.2941 0.2745
v -0.538492 -0.246473 -0.845160 0.2745 0.2824 0.2706
v -0.669586 -0.174698 -0.791043 0.6118 0.5255 0.4745
v -0.511268 0.095851 -0.894369 0.2235 0.2196 0.2039
v -0.544979 -0.177743 -0.888051 0.6549 0.5647 0.5333
v -0.421254 -0.028584 -0.851881 0.6549 0.5608 0.5137
v -0.504701 -0.065142 -0.801940 0.6588 0.5647 0.5255
v -0.400740 0.081973 -0.881295 0.6980 0.6196 0.5843
v -0.424505 0.253583 -0.776753 0.2118 0.2000 0.1804
v -0.518516 0.287196 -0.871483 0.8000 0.7725 0.8039
v -0.560083 0.032582 -0.820016 0.7373 0.6627 0.6392
v -0.503875 -0.065772 -0.859078 0.2941 0.3098 0.3059
v -0.544214 0.054293 -0.943015 0.2824 0.3020 0.2784
v -0.456931 0.084539 -0.862575 0.3098 0.3137 0.2941
v -0.512000 0.201919 -0.792639 0.2353 0.2392 0.2078
v -0.532550 -0.176043 -0.856945 0.4157 0.3804 0.3608
v -0.518047 -0.081551 -0.817763 0.3020 0.3098 0.2980
v -0.576877 0.226934 -0.947527 0.2588 0.2667 0.2549
v -0.562438 0.022812 -0.918014 0.3843 0.3412 0.3569
v -0.523150 0.232815 -0.827363 0.2314 0.2353 0.2118
v -0.442643 0.095820 -0.838516 0.3961 0.3725 0.3725
v -0.519214 -0.076776 -0.851856 0.6627 0.5686 0.5216
v -0.574264 0.167616 -0.881646 0.2863 0.2902 0.2667
v -0.530665 -0.101593 -0.842920 0.3020 0.3098 0.2980
v -0.527425 0.024992 -0.852184 0.3647 0.3216 0.3373
v -0.519087 -0.213674 -0.910278 0.6863 0.5961 0.5647
v -0.474172 0.054575 -0.911382 0.3020 0.3137 0.2863
v -0.573696 -0.157900 -0.838272 0.6980 0.6196 0.5765
v -0.567386 -0.040137 -0.860806 0.7137 0.6588 0.6235
v -0.422403 -0.077478 -0.887716 0.7098 0.6314 0.5882
v -0.493154 -0.180817 -0.905286 0.2980 0.3176 0.3020
v -0.551599 0.029458 -0.756754 0.2784 0.2824 0.2627
v -0.610049 0.203896 -0.893964 0.2471 0.2549 0.2431
v -0.580319 -0.168932 -0.753076 0.6784 0.6000 0.5569
v -0.500483 -0.177740 -0.888222 0.3373 0.3451 0.3333
v -0.525396 0.009533 -0.869380 0.7608 0.6706 0.6471
v -0.510983 0.229454 -0.876235 0.2314 0.2392 0.2196
v -0.474229 -0.250870 -0.851722 0.6824 0.5922 0.5608
v -0.555912 -0.074374 -0.788752 0.3059 0.3137 0.3098
v -0.439562 0.046970 -0.769430 0.3137 0.3176 0.3333
v -0.460431 0.082594 -0.910935 0.2706 0.2863 0.2824
v -0.557851 -0.149605 -0.837671 0.7412 0.6667 0.6431
v -0.432661 -0.234758 -0.791368 0.2745 0.2941 0.2784
v -0.549218 0.016131 -0.800845 0.2941 0.3020 0.2902
v -0.507196 -0.132902 -0.793264 0.6902 0.6000 0.5686
v -0.520071 0.143090 -0.908620 0.2667 0.2706 0.2471
v -0.570504 -0.131087 -0.772997 0.2980 0.3059 0.2941
v -0.417664 -0.184801 -0.801765 0.3490 0.3569 0.3529
v -0.469595 -0.084525 -0.918567 0.6863 0.6000 0.5490
v -0.563109 0.054946 -0.776470 0.3059 0.3137 0.3020
v -0.550498 -0.097949 -0.799872 0.2667 0.2863 0.2706
v -0.575682 -0.209240 -0.882268 0.6353 0.5333 0.4824
v -0.509887 -0.178799 -0.895460 0.6510 0.5490 0.4980
v -0.431951 0.035610 -0.823146 0.4235 0.3882 0.4000
v -0.504328 0.009113 -0.867416 0.7137 0.6353 0.6078
v -0.555242 0.154131 -0.957726 0.3647 0.3176 0.3255
v -0.553283 0.045084 -0.888603 0.3255 0.3333 0.3137
v -0.492506 0.103729 -0.863132 0.2471 0.2627 0.2588
v -0.564025 -0.064637 -0.920374 0.7176 0.6314 0.5804
v -0.566327 0.016671 -0.887293 0.6706 0.5843 0.5412
v -0.489069 -0.021439 -0.878270 0.6196 0.5137 0.4706
v -0.574433 0.038764 -0.887791 0.7176 0.6392 0.6118
v -0.494521 0.156250 -0.902782 0.2235 0.2314 0.1804
v -0.482675 -0.036801 -0.864660 0.2745 0.2941 0.2706
v -0.468972 0.008128 -0.918384 0.6941 0.6471 0.5922
v -0.423950 0.150689 -0.830027 0.8353 0.8314 0.8235
v -0.443238 0.015097 -0.849780 0.3216 0.3451 0.3373
v -0.351059 -0.207924 -0.913357 0.6314 0.5490 0.4745
v -0.455171 -0.116944 -0.900931 0.6510 0.6000 0.5333
v -0.532222 0.172453 -0.847688 0.2353 0.2431 0.1922
v -0.328321 0.243152 -0.959918 0.8588 0.8235 0.7882
v -0.394950 -0.106244 -0.855460 0.6588 0.6000 0.5255
v -0.470885 -0.190579 -0.862985 0.6078 0.5490 0.4667
v -0.458728 0.162931 -0.929538 0.2431 0.2275 0.2235
v -0.482092 -0.040127 -0.931335 0.5765 0.5804 0.5608
v -0.495525 0.022861 -0.967018 0.2824 0.3020 0.2784
v -0.377968 0.065330 -0.949531 0.2745 0.3020 0.2745
v -0.428479 0.062381 -0.912262 0.2706 0.3098 0.2784
v -0.393158 -0.240521 -0.878030 0.6863 0.6235 0.5647
v -0.383160 0.069894 -0.910166 0.2941 0.3176 0.2784
v -0.477934 -0.051626 -0.891543 0.3020 0.3216 0.2941
v -0.411168 -0.053246 -0.832658 0.3529 0.3412 0.2824
v -0.354982 0.036797 -0.935791 0.2784 0.2980 0.2745
v -0.446384 0.084129 -0.852250 0.6627 0.6118 0.5490
v -0.416297 0.016366 -0.797393 0.2235 0.2471 0.2078
v -0.424014 0.201783 -0.940629 0.8471 0.8118 0.7765
v -0.460381 0.019168 -0.849967 0.2627 0.2902 0.2627
v -0.626344 -0.012655 -0.942300 0.5725 0.5020 0.4549
v -0.420773 -0.088640 -0.927652 0.6196 0.6196 0.5725
v -0.441408 -0.083023 -0.925140 0.6275 0.6314 0.6000
v -0.428034 0.010430 -0.864795 0.3059 0.3255 0.3020
v -0.435912 0.135114 -0.919171 0.8118 0.7882 0.7882
v -0.384074 -0.107669 -0.883692 0.2745 0.2980 0.2824
v -0.419884 0.152699 -0.965195 0.2235 0.2353 0.2078
v -0.458114 0.093057 -0.882588 0.2627 0.2902 0.2588
v -0.420439 -0.160178 -0.827608 0.4784 0.4510 0.4196
v -0.513055 0.227751 -0.883864 0.7961 0.7882 0.7922
v -0.513609 0.062136 -0.859392 0.2706 0.2980 0.2667
v -0.448746 -0.052682 -0.929944 0.2745 0.2941 0.2667
v -0.395366 -0.075437 -0.907570 0.4196 0.4392 0.4549
v -0.415754 -0.179871 -0.948776 0.6784 0.6157 0.5529
v -0.498564 0.225068 -0.939746 0.2235 0.2431 0.2157
v -0.465517 -0.097711 -0.926185 0.6314 0.5608 0.4824
v -0.421636 0.130275 -0.835126 0.8314 0.8235 0.8275
v -0.421568 -0.016165 -0.922488 0.6588 0.6078 0.5451
v -0.422959 -0.076141 -0.909073 0.2667 0.2863 0.2588
v -0.515295 0.017046 -0.818348 0.3529 0.3294 0.3294
v -0.389890 -0.072139 -0.847370 0.6235 0.5647 0.4824
v -0.531051 0.132317 -0.956372 0.2157 0.2392 0.2000
v -0.407847 -0.092448 -0.968947 0.2784 0.2902 0.2627
v -0.493496 0.158089 -0.892969 0.8078 0.7843 0.7843
v -0.564725 -0.045539 -0.902976 0.2392 0.2627 0.2471
v -0.515022 0.056215 -0.805212 0.3882 0.3765 0.3490
v -0.510469 0.125892 -0.904361 0.7765 0.7804 0.7608
v -0.514079 -0.105946 -0.835974 0.5804 0.5020 0.4078
v -0.421277 0.138105 -0.810659 0.8078 0.8078 0.8000
v -0.433600 -0.211257 -0.886674 0.3020 0.3294 0.3020
v -0.450220 -0.139513 -0.860037 0.6235 0.5529 0.4745
v -0.594755 -0.210688 -0.875256 0.2980 0.3373 0.3059
v -0.492605 0.114510 -0.853036 0.2431 0.2627 0.2353
v -0.456361 0.038007 -0.876184 0.6902 0.6275 0.5686
v -0.439084 0.085201 -0.876800 0.4627 0.4588 0.4431
v -0.444737 0.180420 -0.913803 0.8235 0.8078 0.8118
v -0.498635 -0.222995 -0.991733 0.5608 0.5294 0.4784
v -0.508142 -0.060173 -0.907766 0.3176 0.3451 0.3176
v -0.477857 0.055001 -0.912640 0.2353 0.2471 0.2039
v -0.438499 -0.046259 -0.945135 0.5608 0.4863 0.4196
v -0.569542 0.171786 -0.844995 0.2157 0.2275 0.2000
v -0.436087 -0.163464 -0.870845 0.5569 0.4980 0.4078
v -0.394205 0.201783 -0.951168 0.7804 0.7765 0.7686
v -0.446824 -0.188412 -0.950960 0.6471 0.5725 0.5059
v -0.468742 -0.195156 -0.880827 0.6588 0.6078 0.5412
v -0.478200 0.047918 -0.848021 0.2863 0.3137 0.2863
v -0.418892 0.126509 -0.926973 0.5961 0.5412 0.4902
v -0.455080 0.217396 -0.854782 0.7686 0.7725 0.7529
v -0.463002 0.012080 -0.813745 0.3216 0.3412 0.3176
v -0.393089 0.156148 -0.830895 0.2078 0.2196 0.1843
v -0.498841 -0.055658 -0.854509 0.5804 0.5137 0.4510
v -0.346477 0.185104 -0.945550 0.7922 0.7922 0.7922
v -0.548831 0.024903 -0.841079 0.5137 0.4706 0.4627
v -0.420053 -0.045315 -0.872824 0.6471 0.6039 0.5804
v -0.571171 -0.079523 -0.845020 0.4078 0.4118 0.4196
v -0.322512 -0.176816 -0.894681 0.6745 0.6235 0.5608
v -0.403583 0.166730 -0.896489 0.7725 0.7725 0.7725
v -0.418289 0.196113 -0.936209 0.7255 0.7216 0.7137
v -0.442401 -0.090100 -0.880945 0.4235 0.4000 0.4000
v -0.312167 -0.033777 -0.868487 0.2549 0.2745 0.2471
v -0.390401 0.166113 -1.037868 0.1922 0.1961 0.1647
v -0.387053 -0.043512 -0.837152 0.2863 0.2902 0.2588
v -0.335241 0.146561 -0.876380 0.1922 0.2039 0.1686
v -0.448251 -0.067531 -0.938859 0.2588 0.2902 0.2471
v -0.310054 -0.177656 -0.920026 0.2824 0.3020 0.2784
v -0.409890 0.224439 -0.951668 0.7490 0.7412 0.7451
v -0.338761 0.039303 -0.987938 0.5843 0.5216 0.4588
v -0.399813 -0.103224 -0.973959 0.4706 0.4314 0.3843
v -0.430148 0.129469 -0.882547 0.7569 0.7608 0.7412
v -0.423534 0.035259 -0.970097 0.7804 0.7608 0.7490
v -0.251574 0.127948 -0.935321 0.7490 0.7412 0.7451
v -0.439392 -0.169271 -0.900293 0.7098 0.6627 0.6078
v -0.277684 -0.254131 -1.018476 0.2706 0.2902 0.2667
v -0.397300 -0.162551 -0.886782 0.2706 0.2745 0.2196
v -0.363804 -0.034166 -0.911146 0.6549 0.6039 0.5412
v -0.374636 0.018361 -0.968866 0.3686 0.3490 0.3373
v -0.411586 0.176071 -0.848180 0.7137 0.7098 0.7020
v -0.380398 0.125910 -0.902081 0.7529 0.7294 0.7294
v -0.380532 0.251111 -0.884547 0.7608 0.7608 0.7608
v -0.370121 0.100483 -0.948833 0.7412 0.7373 0.7294
v -0.461631 0.128081 -0.924377 0.2000 0.2196 0.1922
v -0.245163 -0.018363 -0.919059 0.2118 0.2353 0.1961
v -0.411264 -0.033306 -0.984047 0.4627 0.4706 0.4510
v -0.356061 0.052305 -0.966179 0.2314 0.2431 0.2157
v -0.340705 -0.026119 -0.948448 0.2667 0.2863 0.2627
v -0.415704 0.063631 -0.964710 0.7804 0.7765 0.7608
v -0.428254 -0.140841 -0.932956 0.2627 0.2941 0.2431
v -0.442079 -0.193282 -0.889686 0.2706 0.2824 0.2549
v -0.345919 0.205512 -1.016706 0.6784 0.6784 0.6784
v -0.460107 -0.230665 -0.925966 0.2431 0.2706 0.2392
v -0.373399 0.196592 -0.915619 0.3059 0.2706 0.2353
v -0.349584 0.100079 -0.984663 0.7882 0.7843 0.7765
v -0.272660 0.206018 -0.875021 0.6784 0.6745 0.6667
v -0.403642 0.232247 -0.916147 0.7647 0.7647 0.7647
v -0.372950 -0.053914 -0.811913 0.6863 0.6392 0.5843
v -0.389230 -0.029897 -0.984067 0.3294 0.3098 0.2863
v -0.356223 -0.176426 -0.961095 0.6471 0.5843 0.5216
v -0.350100 -0.116546 -1.006198 0.2980 0.3255 0.2980
v -0.364619 0.178103 -0.962563 0.7451 0.7412 0.7333
v -0.399552 0.131612 -0.922653 0.6941 0.6824 0.6549
v -0.356075 -0.112226 -0.874373 0.3059 0.3333 0.3059
v -0.438303 -0.183369 -0.923057 0.2510 0.2745 0.2588
v -0.397514 -0.046358 -0.900873 0.6863 0.6235 0.5647
v -0.356964 0.153056 -1.048811 0.7804 0.7804 0.7804
v -0.338420 -0.053130 -0.980019 0.6667 0.6157 0.5529
v -0.370237 -0.221838 -0.916328 0.6235 0.5647 0.4824
v -0.364013 -0.250549 -0.992863 0.5608 0.4863 0.4196
v -0.371668 0.008572 -0.859155 0.1961 0.2196 0.1804
v -0.401120 0.090776 -0.969295 0.2314 0.2431 0.2078
v -0.447662 -0.219880 -0.910308 0.2706 0.2941 0.2784
v -0.315809 -0.164034 -0.870189 0.6353 0.5725 0.5137
v -0.461663 -0.044785 -0.976887 0.5255 0.4902 0.4706
v -0.393273 0.130762 -0.952192 0.7608 0.7569 0.7490
v -0.309347 -0.064903 -0.939200 0.3529 0.3216 0.3098
v -0.399811 0.175300 -1.006028 0.7569 0.7490 0.7529
v -0.329802 0.056590 -0.909899 0.7843 0.7647 0.7529
v -0.352462 0.098757 -0.883600 0.7804 0.7765 0.7686
v -0.402365 -0.066589 -0.913604 0.2431 0.2627 0.2392
v -0.351966 0.133913 -0.978127 0.7804 0.7804 0.7804
v -0.388279 0.152903 -1.036746 0.7686 0.7725 0.7529
v -0.439448 -0.036384 -0.880460 0.2667 0.2941 0.2667
v -0.272228 -0.191480 -0.920893 0.5961 0.5216 0.4627
v -0.343657 0.044768 -0.855617 0.6392 0.6118 0.5804
v -0.396983 0.135151 -0.904309 0.7961 0.7804 0.7843
v -0.323081 0.202602 -0.964822 0.7451 0.7451 0.7451
v -0.378068 -0.209752 -0.954579 0.5686 0.4980 0.4196
v -0.371640 -0.160576 -0.876152 0.6157 0.5569 0.4745
v -0.319876 0.004436 -0.900898 0.3373 0.3608 0.3529
v -0.382139 -0.097294 -0.883773 0.2627 0.2902 0.2627
v -0.367019 0.190316 -0.945479 0.1686 0.1882 0.1608
v -0.390812 0.058268 -0.957113 0.2824 0.3020 0.2745
v -0.353217 0.096185 -1.056730 0.8157 0.7961 0.7843
v -0.314780 0.215418 -0.992956 0.7333 0.7373 0.7176
v -0.337495 -0.125339 -0.905328 0.2588 0.2863 0.2588
v -0.472549 -0.086619 -0.838104 0.2588 0.2706 0.2353
v -0.351360 0.050121 -0.901149 0.7725 0.7647 0.7686
v -0.296561 -0.137887 -0.971593 0.4431 0.4510 0.4392
v -0.268193 0.142381 -0.954917 0.7412 0.7373 0.7294
v -0.344720 -0.234260 -0.974275 0.6627 0.6000 0.5373
v -0.283022 0.207614 -0.999401 0.6863 0.6667 0.6510
v -0.194717 -0.055147 -0.988533 0.6627 0.6000 0.5412
v -0.268602 -0.089920 -0.961998 0.6235 0.5529 0.4980
v -0.321727 -0.103685 -1.057744 0.3373 0.3294 0.2824
v -0.266584 0.013789 -0.849714 0.2353 0.2549 0.2314
v -0.209573 0.113876 -0.918756 0.7686 0.7686 0.7686
v -0.295825 0.133073 -0.928226 0.7373 0.7294 0.7333
v -0.392628 0.232158 -1.002854 0.7569 0.7490 0.7529
v -0.274734 -0.174399 -0.892971 0.3529 0.3686 0.3647
v -0.242420 0.138227 -0.902841 0.7490 0.7529 0.7333
v -0.247912 -0.159178 -0.904696 0.5725 0.5490 0.5020
v -0.297605 0.093033 -0.866247 0.7686 0.7686 0.7686
v -0.308961 0.216119 -1.008352 0.7569 0.7490 0.7608
v -0.281170 -0.080595 -0.984976 0.2235 0.2353 0.2078
v -0.421747 -0.209118 -1.000033 0.6118 0.5294 0.4549
v -0.358966 -0.112860 -0.891161 0.2745 0.3098 0.2902
v -0.280939 0.208604 -0.963785 0.3608 0.3294 0.1373
v -0.355649 -0.160813 -0.884833 0.2824 0.3020 0.2745
v -0.304677 -0.192189 -0.992490 0.2980 0.3294 0.2863
v -0.315109 0.109736 -0.991164 0.7686 0.7686 0.7686
v -0.361658 0.151269 -0.956714 0.8314 0.8157 0.7804
v -0.335050 -0.060556 -0.954247 0.2431 0.2627 0.2353
v -0.221953 0.154532 -0.986438 0.7333 0.7373 0.7176
v -0.278514 -0.183567 -0.944732 0.2471 0.2667 0.2431
v -0.252946 -0.140769 -0.929181 0.2980 0.3176 0.2902
v -0.288006 -0.229859 -1.001843 0.2471 0.2706 0.2549
v -0.271990 -0.239869 -1.002014 0.5451 0.4706 0.4039
v -0.334609 0.125134 -0.972772 0.6667 0.6745 0.6314
v -0.368166 0.067015 -0.970647 0.7569 0.7529 0.7451
v -0.236494 -0.273975 -0.938508 0.2706 0.2980 0.2706
v -0.221359 -0.164324 -0.955233 0.3647 0.3608 0.3529
v -0.264817 -0.102654 -0.902281 0.4118 0.3843 0.3451
v -0.346227 -0.193148 -0.919187 0.6235 0.5725 0.5098
v -0.244064 -0.237824 -0.881031 0.6824 0.6353 0.5725
v -0.306046 0.156644 -1.007188 0.2118 0.1922 0.1804
v -0.263955 -0.131378 -0.930854 0.6627 0.6078 0.5569
v -0.331967 0.058159 -0.994169 0.7725 0.7647 0.7686
v -0.318833 -0.044050 -1.009527 0.4510 0.4314 0.4078
v -0.247840 0.215543 -0.900289 0.1451 0.1569 0.1294
v -0.311101 0.108233 -1.022991 0.1843 0.2039 0.1765
v -0.308731 0.162616 -1.058534 0.7647 0.7647 0.7647
v -0.303194 0.217477 -0.968126 0.7608 0.7529 0.7569
v -0.417009 0.204875 -0.991492 0.7529 0.7569 0.7373
v -0.229830 -0.117881 -0.910380 0.6667 0.6039 0.5529
v -0.336072 -0.181058 -0.941610 0.6784 0.6275 0.5647
v -0.343797 0.053815 -0.921615 0.7647 0.7608 0.7451
v -0.321885 -0.089263 -0.850473 0.6392 0.5882 0.5255
v -0.282948 0.154036 -0.923263 0.7373 0.7333 0.7255
v -0.269976 0.236195 -0.894105 0.6510 0.6196 0.6078
v -0.296331 -0.119557 -0.923215 0.3412 0.3098 0.2980
v -0.337899 0.009993 -0.970083 0.3451 0.3216 0.3216
v -0.384479 -0.117479 -0.964727 0.1843 0.1961 0.1608
v -0.323839 0.122871 -0.935027 0.7647 0.7608 0.7529
v -0.305359 0.131284 -0.988209 0.7373 0.7294 0.7333
v -0.354328 0.239210 -0.940336 0.1804 0.2000 0.1725
v -0.316036 -0.180822 -0.986898 0.2510 0.2588 0.2392
v -0.344703 -0.103875 -0.884060 0.4078 0.3882 0.3647
v -0.262548 0.163708 -0.935372 0.7608 0.7529 0.7569
v -0.286392 0.226712 -0.849340 0.1176 0.1255 0.1137
v -0.289310 0.070596 -0.893309 0.7412 0.7333 0.7451
v -0.225349 0.105640 -0.937725 0.7294 0.7255 0.7176
v -0.320593 0.193579 -0.904893 0.7922 0.7804 0.7608
v -0.326741 -0.175067 -0.896316 0.2706 0.2980 0.2706
v -0.285455 0.040837 -0.982775 0.7647 0.7608 0.7529
v -0.438034 -0.162415 -0.935936 0.2745 0.3059 0.2627
v -0.328568 0.152125 -0.940220 0.7412 0.7333 0.7373
v -0.278020 -0.139815 -1.060746 0.2706 0.2980 0.2706
v -0.261408 -0.256797 -0.997476 0.2314 0.2588 0.2314
v -0.312705 -0.091159 -0.968700 0.2392 0.2588 0.2353
v -0.287443 0.036594 -0.934759 0.2078 0.2275 0.2000
v -0.231362 -0.152621 -1.000078 0.6000 0.5333 0.4706
v -0.361807 0.151986 -0.921256 0.2000 0.2196 0.1922
v -0.252479 -0.167962 -0.895906 0.2549 0.2745 0.2510
v -0.320392 -0.242773 -0.983875 0.2471 0.2745 0.2471
v -0.294956 0.137754 -0.944005 0.7373 0.7333 0.7255
v -0.182542 0.135976 -0.924722 0.1765 0.1843 0.1412
v -0.191967 -0.201190 -0.953315 0.6471 0.5686 0.5333
v -0.118424 -0.083314 -0.969722 0.2157 0.2353 0.2196
v -0.163279 0.093805 -1.011467 0.1725 0.1804 0.1608
v -0.218384 0.222909 -0.915509 0.1686 0.1412 0.1176
v -0.288937 -0.201625 -0.940994 0.2471 0.2667 0.2510
v -0.215437 -0.289798 -0.975734 0.6000 0.5137 0.4706
v -0.214024 -0.146840 -0.948894 0.6667 0.5922 0.5647
v -0.140804 -0.085402 -0.998551 0.2118 0.2196 0.2000
v -0.147290 0.109607 -0.933673 0.7529 0.7216 0.7647
v -0.239127 -0.213451 -1.028774 0.2824 0.2392 0.2235
v -0.211501 0.140522 -1.059831 0.7569 0.7255 0.7765
v -0.229026 0.049302 -0.967167 0.7882 0.7451 0.7294
v -0.189213 0.201253 -0.955337 0.7647 0.7333 0.7843
v -0.207037 -0.139299 -1.017899 0.5098 0.5137 0.5294
v -0.192474 -0.261257 -0.987988 0.5882 0.5490 0.5137
v -0.197937 -0.049406 -0.996934 0.2510 0.2706 0.2549
v -0.213767 -0.132918 -0.990854 0.3922 0.3255 0.3569
v -0.239420 -0.008993 -0.987885 0.2000 0.2078 0.1961
v -0.253469 -0.144189 -0.956046 0.6627 0.5961 0.5686
v -0.263921 0.165026 -0.862950 0.7020 0.6627 0.7059
v -0.255913 -0.162966 -0.973839 0.2549 0.2627 0.2510
v -0.216787 0.106810 -0.972428 0.7490 0.7373 0.7725
v -0.164455 0.189465 -0.949332 0.7647 0.7333 0.7765
v -0.269325 0.078291 -0.960449 0.7608 0.7490 0.7922
v -0.202824 -0.187074 -1.029400 0.2510 0.2667 0.2627
v -0.147484 0.197150 -0.969751 0.7608 0.7294 0.7725
v -0.239600 0.111744 -1.058540 0.7608 0.7216 0.7647
v -0.202105 0.171635 -0.969511 0.3333 0.2980 0.1765
v -0.173213 -0.191124 -0.962895 0.2196 0.2275 0.2157
v -0.253374 -0.171960 -0.983928 0.6392 0.5608 0.5333
v -0.335990 -0.222601 -1.005392 0.6078 0.5176 0.4863
v -0.224257 0.130706 -0.960940 0.7255 0.6863 0.7294
v -0.151083 0.257269 -0.892678 0.1412 0.1216 0.1098
v -0.249067 -0.025283 -0.983894 0.7451 0.7490 0.7686
v -0.266768 -0.176598 -0.876475 0.6627 0.5843 0.5569
v -0.198034 -0.153945 -0.956720 0.2510 0.2667 0.2627
v -0.242739 0.069017 -0.959310 0.7608 0.7490 0.7843
v -0.285823 0.056268 -1.008323 0.2235 0.2314 0.2275
v -0.200176 -0.213160 -0.856875 0.2706 0.2863 0.2980
v -0.134625 0.256097 -0.927849 0.7647 0.7333 0.7765
v -0.155056 0.080078 -0.935671 0.7412 0.7098 0.7529
v -0.264982 -0.205014 -1.058093 0.2392 0.2588 0.2431
v -0.244257 -0.160089 -0.945897 0.2588 0.2667 0.2549
v -0.189599 -0.194933 -0.980454 0.2824 0.3059 0.2980
v -0.219194 -0.245247 -0.998321 0.2745 0.2706 0.2510
v -0.226880 -0.258264 -0.878841 0.5176 0.4627 0.4510
v -0.253946 0.073018 -0.931868 0.2000 0.2039 0.1843
v -0.172339 0.217253 -0.916567 0.1451 0.1294 0.1255
v -0.234873 0.085897 -0.964889 0.8353 0.7961 0.7922
v -0.252883 0.260370 -1.019206 0.2431 0.2314 0.1961
v -0.201755 0.012140 -0.903066 0.7490 0.7098 0.7529
v -0.259063 0.161178 -0.992736 0.1412 0.1216 0.1098
v -0.253770 -0.209912 -0.926685 0.2471 0.2706 0.2706
v -0.235430 0.081732 -0.962893 0.7451 0.7333 0.7686
v -0.181321 -0.147997 -1.036977 0.2627 0.2706 0.2588
v -0.156017 -0.158568 -0.983890 0.6392 0.5843 0.5725
v -0.151643 0.120253 -0.884140 0.6706 0.6275 0.6431
v -0.227252 0.102331 -0.931758 0.1961 0.1843 0.1647
v -0.245693 0.227959 -0.961375 0.7216 0.6941 0.7255
v -0.198485 -0.193472 -0.945907 0.2824 0.3059 0.2902
v -0.317501 -0.149519 -0.933454 0.6471 0.5804 0.5529
v -0.150618 0.008794 -0.925816 0.7608 0.7490 0.7843
v -0.209107 0.093634 -0.971207 0.7961 0.7725 0.7725
v -0.287921 0.049140 -1.065874 0.7608 0.7216 0.7647
v -0.256951 -0.101681 -1.006267 0.6235 0.5451 0.5176
v -0.223228 0.095762 -0.997601 0.7608 0.7216 0.7647
v -0.167490 0.209535 -1.025857 0.3725 0.3255 0.3255
v -0.180356 0.137821 -0.999973 0.2157 0.2157 0.1843
v -0.215183 -0.235509 -0.955961 0.6431 0.5647 0.5294
v -0.209441 -0.195065 -0.985229 0.1647 0.1725 0.1529
v -0.175483 -0.241528 -1.032890 0.5608 0.4627 0.4353
v -0.251568 -0.040641 -1.036335 0.7490 0.7490 0.7569
v -0.183988 0.031633 -0.900300 0.7725 0.7412 0.7843
v -0.209301 -0.249087 -1.030048 0.2667 0.2824 0.2784
v -0.267596 0.142018 -0.982002 0.7412 0.7294 0.7647
v -0.158020 -0.197257 -0.930886 0.2392 0.2353 0.2157
v -0.264566 -0.225456 -0.985760 0.6863 0.6078 0.5725
v -0.173030 0.042181 -0.925431 0.2196 0.2275 0.2078
v -0.234132 -0.238720 -0.850729 0.6353 0.5569 0.5216
v -0.222857 -0.244230 -0.945319 0.2784 0.3020 0.2941
v -0.117320 -0.015966 -1.027832 0.2353 0.2392 0.2196
v -0.124921 -0.186829 -0.915644 0.2314 0.2392 0.2196
v -0.188181 0.037663 -0.955565 0.5804 0.5412 0.5373
v -0.055378 0.070249 -0.985061 0.1843 0.1804 0.1647
v -0.054926 0.084283 -0.989476 0.7451 0.7176 0.7490
v -0.128256 -0.129319 -1.062020 0.6510 0.5725 0.5451
v -0.168018 -0.255836 -0.980400 0.6275 0.5373 0.5059
v -0.021880 -0.010975 -0.967345 0.2118 0.2196 0.2000
v -0.181170 0.107086 -1.015250 0.7333 0.7020 0.7529
v -0.140673 0.183076 -1.024999 0.4980 0.4941 0.4863
v -0.090148 0.019184 -0.962931 0.7647 0.7451 0.7686
v 0.015196 -0.152328 -0.992481 0.2353 0.2549 0.2392
v -0.155136 -0.136394 -0.946815 0.6627 0.5882 0.5608
v -0.114320 0.162101 -0.908768 0.7255 0.7059 0.7294
v -0.180615 0.223893 -0.948698 0.1059 0.1098 0.0863
v -0.199687 -0.163917 -1.046673 0.6353 0.5765 0.5569
v -0.196056 0.143344 -0.909989 0.8471 0.8118 0.8235
v -0.069057 -0.088118 -0.958390 0.2863 0.2941 0.2824
v -0.224147 0.038286 -0.920254 0.7529 0.7137 0.7569
v -0.145229 0.150139 -0.995901 0.7255 0.6980 0.7294
v -0.084448 -0.173141 -0.993633 0.2235 0.1922 0.1804
v -0.104030 0.185634 -0.959275 0.4745 0.2431 0.1882
v -0.130444 0.160979 -1.011444 0.7686 0.7373 0.7804
v -0.181276 -0.055756 -1.001347 0.2039 0.2078 0.1882
v -0.133135 -0.095148 -0.996267 0.2392 0.2588 0.2353
v -0.066932 0.137064 -0.975366 0.7490 0.7176 0.7608
v -0.209213 0.139103 -0.931742 0.7725 0.7412 0.7843
v -0.075396 0.020262 -1.026447 0.7725 0.7529 0.7686
v -0.106555 -0.103789 -1.042660 0.2392 0.2588 0.2431
v -0.117122 0.161257 -1.027919 0.7294 0.6980 0.7412
v -0.146663 0.005683 -1.011602 0.7804 0.7333 0.7725
v -0.137532 0.111090 -1.040092 0.7451 0.7176 0.7490
v -0.151765 0.037625 -0.892388 0.7137 0.6784 0.6588
v -0.087416 -0.107051 -1.017212 0.3490 0.3686 0.3922
v -0.140476 0.057336 -0.950093 0.6863 0.6588 0.6902
v -0.091317 0.226494 -1.045480 0.7412 0.7098 0.7529
v -0.169072 -0.057071 -0.982039 0.7686 0.7451 0.7529
v -0.122521 0.038679 -1.000999 0.2078 0.2157 0.2039
v -0.114486 0.020495 -0.962384 0.7529 0.7137 0.7569
v -0.137043 -0.110085 -1.071503 0.2196 0.2275 0.2078
v -0.091781 0.026643 -1.027739 0.7216 0.7020 0.7255
v -0.166077 -0.222053 -1.026582 0.6392 0.5804 0.5529
v -0.092762 0.207883 -0.964748 0.7529 0.7216 0.7647
v -0.122921 0.023312 -0.989557 0.7725 0.7333 0.7765
v -0.131281 0.141582 -0.950365 0.7529 0.7216 0.7647
v -0.142294 0.232410 -0.981175 0.7412 0.7098 0.7529
v -0.032787 -0.193769 -1.055398 0.5451 0.4549 0.4235
v -0.115846 0.247510 -0.977483 0.7373 0.7176 0.7412
v -0.121561 0.043153 -0.980551 0.8471 0.8235 0.8235
v -0.185057 0.177539 -1.022221 0.7647 0.7412 0.7882
v -0.133242 -0.204286 -0.946885 0.2706 0.2745 0.2549
v -0.203615 0.194688 -0.972282 0.6902 0.6510 0.6824
v -0.151704 0.191260 -0.956313 0.7294 0.7098 0.7333
v -0.101926 0.242874 -1.012258 0.7686 0.7373 0.7882
v -0.083667 0.101280 -1.014493 0.7490 0.7176 0.7608
v -0.067529 0.082985 -1.042731 0.1725 0.1804 0.1686
v -0.094010 0.179683 -0.899211 0.3765 0.2157 0.2000
v -0.188853 0.152198 -1.046117 0.7059 0.6667 0.6980
v -0.173458 -0.016374 -0.977531 0.2039 0.2118 0.2000
v -0.147350 0.093985 -0.997970 0.7412 0.7098 0.7529
v -0.150129 -0.246395 -1.081121 0.2431 0.2510 0.2471
v -0.091281 0.037473 -0.971809 0.7922 0.7882 0.8196
v -0.203460 -0.106115 -0.924222 0.2039 0.2118 0.1922
v -0.177028 0.053355 -0.957849 0.6902 0.6667 0.6824
v -0.133257 -0.113881 -1.006205 0.2588 0.2667 0.2549
v -0.178073 -0.051042 -1.027514 0.5490 0.4902 0.4784
v -0.077633 -0.223703 -1.060378 0.2392 0.2549 0.2667
v -0.163171 0.150685 -0.968250 0.2078 0.2118 0.1882
v -0.126134 -0.151474 -1.027235 0.2549 0.2745 0.2588
v -0.115044 -0.068017 -1.106641 0.5608 0.5020 0.4902
v -0.198598 -0.121704 -0.910441 0.6392 0.6392 0.6706
v -0.044080 0.060749 -0.972989 0.7373 0.7098 0.7412
v -0.130604 0.124909 -0.960036 0.7373 0.7176 0.7412
v -0.111284 0.097289 -0.980240 0.1647 0.1725 0.1529
v -0.169464 0.109284 -0.904877 0.7647 0.7020 0.7059
v -0.139933 0.233440 -0.967963 0.0902 0.0863 0.0784
v -0.069456 -0.175893 -0.993801 0.2235 0.2314 0.2196
v -0.094748 -0.131697 -1.018405 0.6235 0.5451 0.5098
v -0.170412 -0.058936 -1.002215 0.2118 0.2196 0.2157
v -0.065181 -0.089252 -0.972600 0.6745 0.5961 0.5686
v -0.032734 -0.024092 -1.055549 0.3294 0.3020 0.3294
v 0.006654 -0.140482 -0.867045 0.2706 0.2784 0.2667
v -0.108070 -0.100895 -0.928971 0.2275 0.2353 0.2235
v 0.056069 0.114182 -1.020947 0.7176 0.6863 0.7373
v -0.082814 0.041405 -1.035326 0.7216 0.6941 0.7255
v 0.005927 -0.046269 -0.949126 0.2235 0.2314 0.2118
v -0.019547 0.048016 -1.023336 0.2039 0.2078 0.1882
v -0.064556 0.175493 -1.011185 0.6941 0.6667 0.6980
v -0.002012 -0.245487 -1.021847 0.2745 0.2824 0.2784
v -0.100865 -0.241457 -1.072057 0.2784 0.2941 0.3059
v -0.139476 -0.182769 -1.020736 0.2471 0.2549 0.2353
v -0.051582 -0.070293 -1.016726 0.2118 0.2314 0.2157
v -0.048477 -0.020114 -0.999347 0.2118 0.2196 0.2078
v -0.072666 0.001290 -1.004433 0.7882 0.7333 0.7333
v -0.085736 -0.045282 -0.909650 0.2667 0.2667 0.2667
v -0.023374 -0.040495 -0.985668 0.2157 0.2235 0.2118
v -0.111019 -0.272939 -1.046319 0.6667 0.6000 0.5686
v -0.081816 0.167914 -1.002088 0.7608 0.7137 0.7529
v -0.086232 0.139295 -1.005247 0.8157 0.7804 0.7922
v -0.119815 0.208912 -0.981269 0.7608 0.7137 0.7608
v -0.115302 -0.127879 -1.125193 0.6667 0.5765 0.5451
v -0.032600 0.243412 -1.023649 0.1490 0.1137 0.1176
v -0.099354 -0.258462 -0.952253 0.6784 0.6118 0.5843
v -0.002156 -0.210151 -1.013144 0.2157 0.2039 0.1843
v -0.083363 0.098093 -1.022668 0.7451 0.7059 0.7490
v -0.070574 -0.231560 -1.047044 0.3373 0.3176 0.3333
v -0.039723 0.008263 -0.964946 0.7804 0.7529 0.7843
v -0.115092 0.189765 -0.976683 0.5843 0.5255 0.5137
v 0.110548 0.021347 -1.052299 0.7804 0.7529 0.7843
v 0.006850 0.215278 -1.050321 0.6510 0.6039 0.6118
v 0.060533 0.019341 -0.967790 0.7647 0.7373 0.7686
v -0.026420 0.166654 -0.951899 0.7804 0.7490 0.7922
v -0.064121 -0.218382 -0.991529 0.2745 0.2314 0.2627
v 0.045482 -0.089442 -0.953013 0.5647 0.4941 0.4784
v -0.024153 0.178328 -0.925006 0.1451 0.1373 0.1412
v -0.036158 -0.052360 -1.062386 0.7059 0.6863 0.7098
v -0.002237 0.032106 -0.990919 0.2157 0.2235 0.2118
v 0.097906 0.094858 -0.941054 0.8471 0.8078 0.8118
v 0.003434 -0.149583 -0.962160 0.2784 0.2863 0.2824
v -0.023020 -0.028785 -0.955013 0.7804 0.7529 0.7843
v -0.099758 0.126648 -1.033695 0.7569 0.7255 0.7686
v -0.083899 -0.090771 -1.057583 0.2000 0.2078 0.1882
v -0.112644 0.108082 -0.958377 0.7961 0.7569 0.8000
v 0.027437 -0.069083 -0.934425 0.4039 0.3490 0.3490
v -0.075958 0.046919 -0.979013 0.7451 0.6902 0.6784
v -0.012773 0.031707 -1.082778 0.7529 0.7255 0.7569
v 0.027645 -0.189591 -0.995858 0.6392 0.5725 0.5451
v -0.016551 -0.111085 -1.017628 0.4275 0.4196 0.4235
v -0.136972 0.127555 -0.940521 0.2157 0.2196 0.1961
v -0.073268 -0.227494 -1.073905 0.3451 0.3216 0.3373
v -0.026960 0.008952 -1.045541 0.2039 0.2118 0.2000
v -0.069857 -0.192364 -0.899529 0.3608 0.3569 0.3804
v -0.036366 -0.113725 -1.007450 0.2471 0.2549 0.2431
v -0.055610 0.240579 -0.952247 0.7804 0.7412 0.7843
v -0.010778 0.013344 -1.008018 0.2235 0.2314 0.2118
v -0.000265 -0.147746 -0.989253 0.2588 0.2667 0.2549
v -0.003679 0.218409 -1.048648 0.7725 0.7333 0.7765
v -0.082134 -0.113310 -0.990017 0.2745 0.2824 0.2784
v -0.120206 -0.206784 -1.026921 0.5608 0.5098 0.4863
v -0.040174 -0.229142 -0.898674 0.2510 0.2667 0.2627
v 0.043371 -0.187389 -1.002510 0.2745 0.2941 0.3059
v -0.109670 -0.196687 -1.009689 0.2196 0.2275 0.2078
v -0.121640 0.094398 -1.007294 0.7608 0.7216 0.7569
v 0.019358 -0.224788 -0.937321 0.2706 0.2941 0.2941
v -0.071942 0.218955 -1.012129 0.7569 0.7098 0.7490
v -0.033883 0.220387 -1.023261 0.7569 0.7294 0.7608
v -0.078651 0.000006 -0.999041 0.2980 0.2706 0.2980
v -0.059766 -0.018935 -0.957809 0.7647 0.7255 0.7608
v -0.102057 -0.065206 -0.998537 0.7882 0.7490 0.7804
v -0.009352 -0.090591 -1.061660 0.2314 0.2392 0.2353
v -0.059815 0.211424 -1.068890 0.8078 0.8000 0.8039
v -0.073259 0.127934 -0.935828 0.7725 0.7529 0.7804
v -0.062944 -0.229805 -0.931267 0.2510 0.2588 0.2549
v -0.120538 0.087196 -0.976471 0.7529 0.7255 0.7569
v -0.092863 -0.185260 -0.928108 0.6627 0.5804 0.5608
v -0.076575 0.192319 -0.908726 0.1255 0.1294 0.1098
v -0.129327 -0.172591 -0.982765 0.6510 0.5725 0.5451
v -0.027830 -0.160183 -1.055530 0.2667 0.2863 0.2706
v -0.089019 0.122221 -0.938186 0.7490 0.7176 0.7608
v -0.081264 0.045358 -0.893742 0.7725 0.7412 0.7843
v 0.079387 -0.199608 -0.994393 0.2275 0.2353 0.2235
v 0.055913 0.188706 -1.042566 0.1490 0.1020 0.1020
v 0.023309 0.223064 -0.974270 0.7176 0.6902 0.7216
v 0.074156 -0.016436 -0.999760 0.1765 0.1843 0.1725
v 0.047291 0.187238 -1.039453 0.7725 0.7333 0.7765
v -0.003099 0.020379 -1.022779 0.2157 0.2000 0.1961
v 0.017817 -0.143287 -0.990129 0.2275 0.2471 0.2235
v 0.097814 0.201894 -1.031473 0.1059 0.0706 0.0745
v 0.101060 0.198005 -1.058246 0.7373 0.6980 0.7333
v -0.034995 0.066555 -1.057421 0.8353 0.7961 0.8000
v 0.033568 0.228696 -0.963086 0.7373 0.7059 0.7490
v 0.024618 0.163982 -1.007110 0.7529 0.7255 0.7569
v 0.001701 0.070813 -1.059639 0.7569 0.7294 0.7608
v 0.087811 0.118377 -0.949013 0.1961 0.1725 0.1725
v 0.019181 -0.244225 -0.957007 0.6667 0.5961 0.5569
v -0.024813 -0.234590 -1.063575 0.6706 0.5922 0.5647
v 0.043380 0.004587 -0.998742 0.2078 0.2118 0.1922
v 0.044404 -0.067449 -0.984213 0.2039 0.2078 0.1843
v 0.097177 0.044785 -1.082206 0.7804 0.7529 0.7843
v 0.001558 -0.227759 -0.978642 0.3647 0.3020 0.3137
v 0.015587 0.185607 -0.993266 0.1686 0.1804 0.1529
v -0.028575 -0.224817 -1.019476 0.2549 0.2588 0.2353
v 0.011315 0.002137 -1.054217 0.7647 0.7451 0.7686
v -0.041488 -0.005797 -0.994463 0.1922 0.1961 0.1725
v 0.073726 0.241540 -1.011268 0.7569 0.7176 0.7608
v 0.029658 0.202207 -1.051113 0.7216 0.6941 0.7255
v 0.007176 -0.006045 -1.055691 0.7569 0.7294 0.7608
v -0.014539 0.196089 -1.027380 0.7725 0.7333 0.7765
v 0.002764 -0.031219 -0.974982 0.7882 0.7490 0.7922
v 0.111591 -0.223443 -1.016340 0.5137 0.4706 0.4549
v -0.025752 0.077147 -1.004316 0.7569 0.7176 0.7490
v 0.102914 0.018694 -1.029780 0.7686 0.7490 0.7725
v 0.044748 0.158058 -0.929854 0.1373 0.1059 0.0980
v 0.076777 -0.221009 -0.961515 0.4510 0.4314 0.4549
v 0.047510 0.143315 -0.999163 0.7216 0.6941 0.7255
v 0.035730 0.105983 -1.041149 0.7529 0.7216 0.7647
v 0.049717 0.224655 -0.958219 0.7569 0.7176 0.7608
v -0.000873 0.173917 -0.963389 0.0863 0.0627 0.0627
v 0.015810 0.117478 -0.993321 0.7373 0.7098 0.7412
v 0.142317 0.239890 -0.975399 0.7569 0.7176 0.7608
v 0.124148 0.003841 -1.010751 0.7451 0.7176 0.7490
v 0.087456 -0.212208 -0.905440 0.3961 0.3373 0.3490
v 0.146335 -0.169845 -0.982985 0.3882 0.3294 0.3412
v -0.052334 0.169887 -0.907249 0.7725 0.7412 0.7843
v 0.111625 0.059105 -1.083403 0.1922 0.1961 0.1765
v 0.093076 0.145488 -0.967272 0.2039 0.1686 0.1333
v 0.091226 0.071584 -1.045922 0.2000 0.2039 0.1804
v -0.014446 -0.171589 -0.949336 0.5490 0.4941 0.4941
v 0.053025 -0.061744 -1.013771 0.2118 0.2157 0.1922
v -0.038844 -0.256988 -1.007194 0.2471 0.2667 0.2510
v 0.117831 0.189757 -0.983185 0.7569 0.7255 0.7686
v 0.048388 -0.284316 -0.958276 0.2980 0.3137 0.3098
v 0.060364 -0.116401 -0.919848 0.2549 0.2471 0.2510
v 0.034356 0.128724 -0.936189 0.7059 0.6510 0.6392
v 0.093449 0.016134 -0.923171 0.7804 0.7490 0.7922
v 0.021297 -0.100751 -1.006823 0.2275 0.2353 0.2157
v 0.058139 -0.088202 -0.947660 0.7843 0.7255 0.7373
v -0.033372 0.161740 -1.089589 0.7804 0.7412 0.7843
v -0.014072 0.029956 -0.991544 0.7608 0.7216 0.7647
v -0.045461 0.027203 -0.989608 0.7137 0.6863 0.7176
v 0.013006 -0.191837 -1.064195 0.6353 0.5451 0.5137
v -0.006926 -0.032010 -0.951526 0.7725 0.7451 0.7765
v 0.038003 -0.079614 -0.962522 0.3490 0.2980 0.3255
v 0.073883 0.097851 -1.094800 0.6627 0.6157 0.6235
v 0.046297 -0.089052 -1.018876 0.2078 0.2118 0.1882
v 0.028387 0.085749 -1.059007 0.7686 0.7412 0.7725
v 0.055774 0.123685 -1.085460 0.7765 0.7373 0.7804
v 0.059607 -0.185781 -1.001132 0.3647 0.3608 0.3804
v 0.055462 -0.128720 -0.965501 0.3412 0.3529 0.3804
v 0.092889 -0.172709 -1.055667 0.2627 0.2706 0.2588
v 0.078588 0.174006 -1.016816 0.7529 0.7137 0.7569
v 0.010204 0.260220 -0.962296 0.7255 0.6863 0.7216
v 0.074571 -0.233950 -0.977703 0.2588 0.2549 0.2392
v 0.019373 0.112055 -1.012943 0.6863 0.6275 0.6471
v 0.072868 -0.086840 -0.975213 0.3765 0.3569 0.3725
v 0.122936 0.123795 -1.000168 0.6863 0.6275 0.6471
v 0.008518 0.060056 -1.044269 0.7804 0.7412 0.7843
v 0.059078 -0.081510 -1.038514 0.2118 0.2314 0.2157
v 0.071463 -0.199630 -0.897426 0.5686 0.5137 0.5020
v -0.016040 0.143659 -1.032382 0.2941 0.2431 0.2196
v 0.175041 0.039089 -0.956659 0.1961 0.2000 0.1686
v 0.130235 0.233829 -0.997040 0.7294 0.7020 0.7333
v 0.173981 0.047815 -0.941679 0.7020 0.6549 0.6706
v 0.190968 -0.132699 -0.954482 0.2275 0.2314 0.2078
v 0.088248 0.100947 -0.969733 0.1686 0.1725 0.1490
v 0.137182 0.254256 -0.992063 0.7529 0.7216 0.7647
v 0.152549 -0.157041 -0.954011 0.6353 0.5569 0.5216
v 0.064411 0.097592 -1.092653 0.7059 0.6627 0.6784
v 0.211157 0.146160 -0.876068 0.7765 0.7373 0.7804
v 0.064249 -0.224193 -1.019930 0.6745 0.5843 0.5608
v 0.130936 -0.174160 -0.978137 0.6627 0.5765 0.5333
v 0.100304 -0.186308 -1.034711 0.2588 0.2627 0.2431
v 0.172998 -0.110351 -1.016684 0.2314 0.2353 0.2118
v 0.153215 0.249498 -0.929388 0.7216 0.6941 0.7255
v 0.142859 0.123152 -1.000885 0.3882 0.3647 0.3647
v 0.136099 -0.162356 -1.020469 0.2980 0.3020 0.2824
v 0.222951 -0.028023 -0.955209 0.7804 0.7529 0.7843
v 0.106249 0.197758 -0.985234 0.6980 0.6510 0.6510
v 0.102621 0.197344 -1.049128 0.7569 0.7255 0.7686
v 0.124411 0.163278 -0.997889 0.7255 0.6980 0.7294
v 0.127476 -0.179930 -0.931042 0.2863 0.2902 0.2706
v 0.115909 -0.036036 -1.016591 0.2157 0.2196 0.2000
v 0.141297 -0.177445 -0.942452 0.6118 0.5725 0.5765
v 0.086258 -0.081163 -0.970659 0.7020 0.6549 0.6549
v 0.198174 -0.131666 -0.881872 0.8353 0.7647 0.7647
v 0.109638 0.088476 -0.966392 0.7333 0.6863 0.7255
v 0.108221 0.060536 -0.942716 0.2588 0.2118 0.2196
v 0.168669 -0.030291 -0.945105 0.8471 0.8235 0.8235
v 0.030676 -0.224366 -0.949808 0.6588 0.5804 0.5373
v 0.117734 0.190408 -1.037978 0.7569 0.7255 0.7686
v 0.115977 -0.164247 -1.003449 0.2941 0.2980 0.2784
v 0.127607 0.235564 -1.039775 0.6824 0.6549 0.5529
v 0.086191 -0.079539 -0.903957 0.7451 0.6980 0.7137
v 0.194916 -0.062690 -0.997910 0.7843 0.7451 0.7882
v 0.154760 0.109300 -0.937161 0.7333 0.6941 0.7373
v 0.154132 0.188747 -1.015269 0.6863 0.6392 0.6549
v 0.072062 0.121124 -1.027721 0.6549 0.6078 0.6157
v 0.092449 -0.055611 -0.888773 0.7804 0.7529 0.7843
v 0.140858 0.173252 -1.098605 0.7569 0.7294 0.7608
v 0.176092 -0.149149 -0.955586 0.7765 0.7333 0.7647
v 0.123918 0.201660 -1.060770 0.6235 0.5765 0.5843
v 0.166999 0.040945 -1.014511 0.2118 0.1961 0.1922
v 0.264387 -0.243135 -1.107780 0.6706 0.5922 0.5647
v 0.149947 0.172430 -1.058023 0.5804 0.5176 0.5216
v 0.128617 -0.106712 -0.970503 0.7686 0.7412 0.7725
v 0.077967 -0.193093 -0.961210 0.2235 0.2275 0.2039
v 0.177022 -0.183003 -1.033425 0.5882 0.4941 0.4863
v 0.151954 0.226186 -1.015639 0.7059 0.6784 0.7098
v 0.137044 0.186947 -1.036204 0.2824 0.2471 0.1255
v 0.095378 -0.026789 -1.085347 0.7569 0.7373 0.7608
v 0.135921 0.055292 -1.107423 0.7294 0.7020 0.7333
v 0.157845 0.030623 -0.929311 0.1961 0.1922 0.1843
v 0.210228 -0.011279 -0.985077 0.7725 0.7451 0.7765
v 0.134710 0.163760 -0.970295 0.1804 0.1569 0.1569
v 0.124772 0.114254 -0.963581 0.7765 0.7490 0.7804
v 0.054468 -0.205367 -0.959157 0.2706 0.2667 0.2588
v 0.072567 0.165877 -0.959799 0.7490 0.7098 0.7412
v 0.048267 -0.152158 -0.962730 0.2667 0.2863 0.2706
v 0.025864 -0.119926 -1.054754 0.7686 0.7294 0.7608
v 0.036719 0.243563 -1.008380 0.7569 0.7373 0.7529
v 0.118086 0.181780 -0.972200 0.7765 0.7686 0.7725
v 0.138633 0.099540 -0.888854 0.6824 0.6353 0.6745
v 0.114716 -0.014758 -1.027811 0.8588 0.8235 0.8275
v 0.145076 -0.027041 -1.007573 0.7804 0.7529 0.7843
v 0.077126 -0.049820 -0.957072 0.7647 0.7137 0.7490
v 0.205059 0.153861 -0.981835 0.3176 0.2745 0.1569
v 0.135569 0.168494 -1.009432 0.7647 0.7333 0.7765
v 0.183438 0.106640 -1.056529 0.0980 0.0745 0.0745
v 0.101734 0.012877 -1.019637 0.7686 0.7255 0.7098
v 0.165032 0.114746 -1.039500 0.7451 0.7059 0.7490
v 0.144378 0.100851 -1.027207 0.7765 0.7490 0.7804
v 0.082707 -0.255719 -1.052896 0.4902 0.4314 0.4431
v 0.095539 0.034948 -0.994416 0.7059 0.6588 0.6667
v 0.086226 -0.176984 -1.009749 0.4000 0.4039 0.4196
v 0.089407 -0.138977 -1.010812 0.4980 0.4980 0.5059
v 0.093340 0.150357 -0.892458 0.7647 0.7373 0.7686
v 0.058099 -0.038675 -1.049001 0.7647 0.7373 0.7686
v 0.182056 -0.134879 -0.935525 0.7843 0.7255 0.7059
v 0.086396 -0.031176 -1.000289 0.7804 0.7490 0.7922
v 0.147109 -0.130750 -1.021682 0.7843 0.7255 0.7059
v 0.185109 0.083360 -1.022054 0.7137 0.6667 0.6824
v 0.186640 0.133249 -0.983716 0.7255 0.6863 0.7176
v 0.220067 -0.156944 -0.993563 0.7725 0.7333 0.7647
v 0.201499 -0.290953 -0.944604 0.3294 0.3216 0.3333
v 0.226084 0.149931 -0.962191 0.7804 0.7373 0.7529
v 0.250703 -0.066622 -0.984355 0.7216 0.6863 0.6667
v 0.204687 0.018697 -0.867273 0.7490 0.6980 0.7333
v 0.178199 0.216253 -0.989414 0.7569 0.7059 0.7412
v 0.282249 -0.194753 -0.960376 0.7725 0.7333 0.7647
v 0.133934 0.045682 -0.912675 0.4235 0.4471 0.3059
v 0.184932 0.114056 -1.051455 0.6902 0.6471 0.6784
v 0.183879 -0.270430 -0.928974 0.7725 0.7255 0.7333
v 0.124787 -0.099283 -0.926125 0.7333 0.6941 0.7255
v 0.185632 0.067197 -0.890268 0.2078 0.1765 0.1647
v 0.258228 0.201986 -0.940723 0.7569 0.7137 0.7451
v 0.311071 0.071708 -1.031799 0.7098 0.6667 0.6980
v 0.253864 -0.041036 -0.994047 0.7373 0.6980 0.7294
v 0.240402 -0.024287 -0.945883 0.5176 0.3529 0.3059
v 0.204608 0.034144 -0.970028 0.6549 0.6078 0.6157
v 0.244920 0.004689 -1.027896 0.1843 0.2588 0.0824
v 0.240176 0.132080 -0.988524 0.2627 0.2157 0.2235
v 0.173416 -0.050593 -1.074405 0.7333 0.6902 0.7216
v 0.298724 0.010086 -0.975185 0.7059 0.6667 0.6980
v 0.235449 0.198167 -0.968537 0.4235 0.3451 0.3098
v 0.170355 -0.202051 -1.016108 0.7294 0.7059 0.7137
v 0.220369 -0.202821 -1.016529 0.7255 0.7020 0.7098
v 0.166978 -0.011372 -0.919954 0.7490 0.7059 0.7216
v 0.178922 0.170151 -0.980253 0.5333 0.4902 0.5059
v 0.157415 0.153463 -1.036503 0.7451 0.7059 0.7373
v 0.204723 -0.186971 -0.992949 0.8039 0.7804 0.7804
v 0.248631 0.255041 -0.992647 0.7529 0.7020 0.7373
v 0.255892 -0.174256 -0.955709 0.7647 0.7176 0.7333
v 0.186998 -0.163941 -1.076633 0.7451 0.6980 0.7059
v 0.251518 -0.221242 -1.015083 0.3647 0.3176 0.3255
v 0.250364 0.148397 -0.873002 0.7098 0.6588 0.6941
v 0.256263 0.034794 -1.021650 0.7294 0.6784 0.7137
v 0.178031 0.271914 -0.942726 0.6941 0.6471 0.6627
v 0.257461 0.012251 -0.938448 0.7686 0.7216 0.7608
v 0.250960 0.039066 -0.996738 0.7098 0.6667 0.6980
v 0.262769 0.063447 -1.086228 0.6941 0.6784 0.6824
v 0.142510 -0.016710 -0.888149 0.7098 0.6667 0.6980
v 0.239041 0.081428 -0.991805 0.1490 0.1529 0.1294
v 0.176251 -0.038221 -0.982656 0.7255 0.6824 0.7137
v 0.222319 0.047325 -0.956405 0.1882 0.1765 0.1412
v 0.213723 -0.088026 -0.985113 0.7451 0.6980 0.7137
v 0.230483 0.004532 -1.111224 0.7373 0.7020 0.7216
v 0.197137 0.082484 -0.948151 0.6157 0.5725 0.5647
v 0.227551 -0.178330 -1.020737 0.2392 0.2353 0.2275
v 0.188365 0.242111 -0.986407 0.4667 0.4000 0.3725
v 0.223216 -0.131779 -0.974563 0.7647 0.7176 0.7333
v 0.222093 -0.067996 -1.042146 0.7686 0.7216 0.7608
v 0.184723 -0.097222 -0.920493 0.3216 0.2745 0.2824
v 0.210642 -0.118536 -0.941792 0.7569 0.7098 0.7490
v 0.179381 -0.040415 -0.917630 0.6941 0.6627 0.5216
v 0.189566 0.064605 -0.980713 0.6902 0.6471 0.6784
v 0.140455 0.257747 -0.991915 0.7647 0.7255 0.7569
v 0.229383 0.016197 -1.006814 0.7216 0.6980 0.7059
v 0.148296 -0.080066 -0.878955 0.7490 0.7020 0.7412
v 0.306243 -0.122605 -0.965299 0.6784 0.6353 0.6667
v 0.076746 -0.068152 -0.998729 0.7529 0.7216 0.6392
v 0.207740 -0.065491 -0.934652 0.7333 0.6941 0.7255
v 0.215234 0.216573 -0.870386 0.7608 0.7176 0.7490
v 0.229042 -0.218294 -0.946955 0.8000 0.7412 0.7216
v 0.207579 0.170730 -0.937067 0.6824 0.6392 0.6706
v 0.218796 -0.181459 -0.910628 0.7608 0.7137 0.7294
v 0.258723 0.067420 -1.056921 0.6471 0.5922 0.5922
v 0.179191 0.126020 -0.980053 0.6980 0.6745 0.6824
v 0.193733 -0.151058 -1.087045 0.7255 0.7020 0.7020
v 0.208682 -0.083220 -0.914652 0.7294 0.6863 0.7176
v 0.188211 -0.157374 -1.006801 0.7765 0.7333 0.7647
v 0.209115 -0.102995 -1.001812 0.6784 0.6314 0.6392
v 0.235573 0.000298 -1.003012 0.7490 0.7059 0.7216
v 0.268843 0.189967 -1.016219 0.7059 0.6549 0.6902
v 0.232557 -0.028852 -0.946322 0.7412 0.6941 0.7098
v 0.175160 -0.066835 -0.934933 0.7333 0.6941 0.7255
v 0.209416 0.153893 -0.991389 0.7137 0.6902 0.6980
v 0.168211 -0.038784 -0.866426 0.6549 0.6078 0.5137
v 0.279604 0.033368 -1.002695 0.7529 0.7059 0.7216
v 0.178824 0.152016 -0.986408 0.7569 0.7137 0.7373
v 0.254734 -0.022947 -0.949703 0.7294 0.6863 0.7176
v 0.346996 0.226044 -0.891367 0.7333 0.6941 0.7294
v 0.383711 -0.222879 -0.965338 0.2235 0.2000 0.2000
v 0.315099 0.153402 -0.966115 0.6784 0.6392 0.6706
v 0.268800 0.239570 -0.944200 0.7804 0.7373 0.7686
v 0.296962 0.247855 -1.018078 0.6980 0.6353 0.6471
v 0.356637 -0.027670 -0.998146 0.7216 0.6784 0.7098
v 0.331724 -0.114289 -0.929736 0.5137 0.5137 0.3647
v 0.307985 -0.259302 -0.923711 0.7490 0.7216 0.7529
v 0.304664 -0.063109 -1.002563 0.7529 0.7255 0.7569
v 0.298387 -0.136037 -0.848962 0.7490 0.7020 0.7412
v 0.317605 0.047882 -0.888639 0.7569 0.7137 0.7451
v 0.196695 -0.177140 -0.947200 0.7216 0.6745 0.7137
v 0.281339 -0.074337 -0.999170 0.7373 0.6980 0.7294
v 0.216193 -0.004102 -0.974200 0.4196 0.4902 0.2863
v 0.346852 -0.184460 -0.905732 0.7176 0.6902 0.7176
v 0.292862 -0.104522 -0.926508 0.6549 0.6078 0.6157
v 0.239002 0.233346 -0.912679 0.2824 0.1647 0.1961
v 0.262615 0.130350 -0.961730 0.7216 0.6824 0.7137
v 0.345350 0.128025 -0.936994 0.4824 0.4039 0.3765
v 0.207510 -0.056825 -0.921900 0.1882 0.1765 0.1098
v 0.328181 -0.227143 -0.995895 0.7608 0.7333 0.7647
v 0.298026 -0.095018 -0.965613 0.7176 0.6824 0.7020
v 0.350952 0.110530 -0.987301 0.7059 0.6588 0.7059
v 0.210991 -0.175694 -0.971345 0.7490 0.7020 0.7412
v 0.371883 -0.044614 -0.936403 0.1490 0.1373 0.0784
v 0.289595 0.146152 -0.979451 0.7765 0.7490 0.7804
v 0.330654 -0.205263 -0.964470 0.7490 0.7098 0.7451
v 0.233145 -0.155259 -0.919359 0.7255 0.6980 0.7294
v 0.276812 0.039125 -0.952042 0.7059 0.6667 0.6980
v 0.280259 -0.005006 -0.945623 0.2157 0.1804 0.1451
v 0.328314 -0.123709 -0.953899 0.7176 0.6902 0.7216
v 0.275797 -0.218943 -0.942657 0.7647 0.7373 0.7686
v 0.309968 0.147864 -0.906011 0.7804 0.7412 0.7725
v 0.264522 0.026715 -0.975283 0.1020 0.0784 0.0784
v 0.300004 -0.067215 -0.914823 0.7216 0.6941 0.7255
v 0.278797 0.075474 -0.913694 0.6980 0.6549 0.6863
v 0.390234 0.009186 -0.881473 0.0824 0.0784 0.1020
v 0.335533 -0.004121 -1.004116 0.7137 0.6706 0.7020
v 0.326669 -0.178039 -0.860137 0.6863 0.6667 0.6902
v 0.297034 -0.214777 -0.966763 0.7255 0.6824 0.6980
v 0.346451 0.163441 -0.922986 0.6980 0.6549 0.6863
v 0.364184 0.206864 -0.895178 0.6824 0.6549 0.6863
v 0.323036 -0.136715 -0.953816 0.7373 0.7176 0.7451
v 0.376984 -0.158018 -0.986215 0.7490 0.7020 0.7412
v 0.302633 -0.151117 -0.950346 0.7569 0.7098 0.7647
v 0.346399 -0.086644 -0.919727 0.6706 0.6235 0.6314
v 0.325691 0.097863 -0.883013 0.7059 0.6627 0.6941
v 0.325583 -0.215521 -0.891928 0.2745 0.2824 0.2627
v 0.319388 0.082006 -0.962416 0.7373 0.6980 0.7412
v 0.367242 -0.168990 -1.005473 0.6706 0.6275 0.6039
v 0.295392 0.156673 -0.892120 0.7725 0.7451 0.7765
v 0.252868 -0.023142 -1.061767 0.7176 0.6784 0.7098
v 0.290420 0.113303 -0.978823 0.7647 0.7255 0.7569
v 0.344743 0.182413 -1.033945 0.7647 0.7216 0.7529
v 0.295325 0.253912 -0.828333 0.7333 0.6902 0.7216
v 0.319828 0.147989 -0.944826 0.7608 0.7216 0.7529
v 0.265241 -0.067953 -0.980688 0.7176 0.6784 0.7098
v 0.357431 0.212956 -0.949373 0.7216 0.6824 0.7137
v 0.287247 0.201782 -0.896489 0.7725 0.7451 0.7765
v 0.325453 -0.076478 -0.980510 0.7294 0.7020 0.7333
v 0.301009 0.263293 -0.958284 0.7451 0.7059 0.7412
v 0.284350 -0.028718 -0.969448 0.7490 0.7216 0.7529
v 0.351351 -0.241209 -1.001519 0.7569 0.7373 0.7608
v 0.248700 0.147393 -0.980657 0.7020 0.6588 0.6902
v 0.325942 -0.163945 -1.052967 0.6745 0.6471 0.6784
v 0.359472 -0.003759 -0.926291 0.7765 0.7333 0.7647
v 0.321347 0.096050 -0.982711 0.7216 0.6824 0.7255
v 0.308458 0.214079 -0.840929 0.7529 0.7137 0.7490
v 0.298025 0.140567 -0.969655 0.7373 0.6980 0.7412
v 0.283617 0.185429 -0.930538 0.7529 0.7255 0.7529
v 0.256412 -0.020581 -0.913087 0.1451 0.1098 0.0745
v 0.335911 -0.045361 -0.997186 0.7451 0.7176 0.7490
v 0.308821 -0.024060 -0.981302 0.6941 0.6549 0.6863
v 0.250524 0.074436 -0.990998 0.7333 0.6941 0.7255
v 0.333410 0.089999 -0.870766 0.7137 0.6706 0.7020
v 0.275115 -0.031671 -0.937220 0.4275 0.4706 0.3137
v 0.275782 -0.107290 -1.002908 0.4510 0.5608 0.3725
v 0.354415 -0.213933 -0.953723 0.7294 0.6863 0.7176
v 0.260180 0.128573 -0.895899 0.7451 0.7176 0.7490
v 0.231062 0.119371 -0.970075 0.6157 0.5647 0.6039
v 0.424116 -0.220189 -0.925531 0.7176 0.6784 0.7098
v 0.388475 0.011508 -0.936448 0.7804 0.7412 0.7725
v 0.424531 -0.159611 -0.930767 0.6235 0.5804 0.4549
v 0.369017 0.022496 -0.866160 0.3255 0.2784 0.2314
v 0.399036 -0.017180 -0.939181 0.1490 0.1059 0.1216
v 0.422220 0.099605 -0.967713 0.7725 0.7451 0.7765
v 0.410327 -0.207822 -0.886822 0.7294 0.6902 0.7216
v 0.229390 0.004267 -0.917034 0.7529 0.7137 0.7451
v 0.345427 0.253707 -0.967286 0.7569 0.7176 0.7490
v 0.291624 -0.217316 -0.935126 0.6941 0.6667 0.6941
v 0.323852 -0.190757 -0.964780 0.2196 0.2196 0.1882
v 0.401645 0.112388 -0.887039 0.7647 0.7373 0.7686
v 0.466968 -0.253200 -0.845304 0.7490 0.7216 0.7529
v 0.410601 0.193261 -0.886046 0.6784 0.6549 0.6627
v 0.343994 -0.218223 -0.794630 0.6824 0.6627 0.5882
v 0.339546 0.032501 -1.007162 0.5490 0.5020 0.5176
v 0.454585 -0.144624 -0.942552 0.4157 0.5137 0.3569
v 0.448937 -0.183183 -0.915740 0.7529 0.7137 0.7451
v 0.329210 -0.010993 -0.835267 0.6588 0.6118 0.6196
v 0.351141 0.129608 -0.915340 0.7451 0.7176 0.7490
v 0.358910 -0.090874 -1.024564 0.3490 0.3569 0.2706
v 0.398981 -0.022908 -0.846535 0.7059 0.6627 0.6941
v 0.351443 0.048710 -0.865781 0.6706 0.6471 0.6549
v 0.508909 0.261555 -0.860495 0.3059 0.1765 0.2118
v 0.411346 0.025188 -0.977673 0.7020 0.6627 0.6941
v 0.333538 -0.036674 -0.925057 0.7216 0.6824 0.7137
v 0.394525 0.023247 -0.882888 0.5686 0.5137 0.5098
v 0.385213 0.153952 -0.952486 0.7647 0.7373 0.7686
v 0.418452 0.148474 -0.881599 0.7294 0.6902 0.7216
v 0.414108 0.038719 -0.872290 0.1020 0.0784 0.0784
v 0.398529 0.080670 -0.991705 0.6000 0.5569 0.5882
v 0.343762 -0.180091 -0.849126 0.6784 0.6392 0.6706
v 0.390306 0.133236 -0.907103 0.7686 0.7412 0.7725
v 0.384950 0.181881 -1.005160 0.7490 0.7098 0.7412
v 0.489255 0.171681 -1.027193 0.7451 0.7059 0.7373
v 0.420647 0.054336 -0.992975 0.1608 0.1176 0.1333
v 0.400119 -0.173202 -0.944889 0.3922 0.3255 0.2471
v 0.326719 -0.144889 -0.847678 0.6941 0.6471 0.6549
v 0.284706 0.076712 -0.902478 0.6745 0.6353 0.6667
v 0.237581 0.238061 -0.884071 0.6980 0.6588 0.6902
v 0.384698 -0.106439 -0.965107 0.6980 0.6588 0.6902
v 0.388331 0.118756 -1.025209 0.7098 0.6627 0.7098
v 0.312059 0.067190 -0.859808 0.6941 0.6627 0.7059
v 0.360512 0.223058 -0.899310 0.7569 0.7176 0.7490
v 0.428524 -0.199824 -0.853713 0.2196 0.2157 0.1961
v 0.323529 0.056062 -0.922701 0.7569 0.7176 0.7490
v 0.371232 0.002040 -0.968975 0.6471 0.6000 0.6157
v 0.339015 0.070984 -0.917022 0.7804 0.7412 0.7725
v 0.365355 -0.086536 -0.997679 0.6784 0.6314 0.6392
v 0.351931 -0.094985 -1.009799 0.2157 0.2000 0.1529
v 0.284575 -0.022211 -0.909370 0.7020 0.6745 0.7059
v 0.324251 -0.011305 -1.005600 0.7255 0.6863 0.7176
v 0.359472 0.189532 -0.882887 0.7373 0.7098 0.7412
v 0.306452 -0.108363 -0.912914 0.5255 0.4784 0.4157
v 0.367732 0.173124 -0.935115 0.7569 0.7294 0.7608
v 0.431424 -0.071741 -0.959220 0.7098 0.6706 0.7020
v 0.330672 -0.116560 -0.982446 0.6902 0.6510 0.6824
v 0.378801 -0.004364 -0.944635 0.7294 0.7059 0.7216
v 0.397872 -0.052892 -0.849965 0.6196 0.5922 0.6235
v 0.329920 0.249457 -0.885443 0.6471 0.5569 0.5804
v 0.395161 -0.127404 -0.986214 0.7255 0.6863 0.7216
v 0.352888 0.008429 -0.898757 0.7216 0.6824 0.7137
v 0.374820 0.014021 -0.967523 0.7020 0.6588 0.6902
v 0.436152 -0.184500 -0.875062 0.7294 0.6863 0.7176
v 0.422765 0.021229 -0.983393 0.0980 0.0745 0.0745
v 0.378589 -0.219160 -0.917316 0.6824 0.6353 0.6431
v 0.417020 -0.071757 -0.942767 0.7490 0.7059 0.7373
v 0.313358 0.173888 -0.933241 0.5294 0.4353 0.3961
v 0.460705 0.039871 -0.896251 0.4431 0.3843 0.3647
v 0.360150 0.117880 -0.953805 0.5373 0.4588 0.4314
v 0.360166 -0.069736 -0.872823 0.6980 0.6745 0.6902
v 0.373307 0.123639 -0.940221 0.7529 0.7098 0.7412
v 0.363108 -0.120100 -0.962399 0.7412 0.7020 0.7333
v 0.410732 -0.135560 -0.994665 0.5294 0.5569 0.3451
v 0.424557 0.234504 -0.932353 0.7137 0.6314 0.6588
v 0.357786 0.038825 -0.883383 0.7333 0.6941 0.7255
v 0.339418 -0.042005 -1.013036 0.7451 0.7059 0.7373
v 0.298854 0.023104 -0.857409 0.7569 0.7176 0.7529
v 0.320541 -0.154221 -1.007488 0.6980 0.6510 0.6588
v 0.376761 0.210503 -0.830824 0.7490 0.7294 0.7529
v 0.440634 -0.012318 -0.937637 0.6863 0.6627 0.6627
v 0.386551 -0.063509 -0.863805 0.6745 0.6392 0.6431
v 0.492038 0.064788 -0.897172 0.7098 0.6902 0.6784
v 0.437672 -0.242127 -0.871563 0.6980 0.7020 0.6824
v 0.427246 -0.050637 -0.966917 0.7451 0.7137 0.7059
v 0.483975 0.205145 -0.827688 0.6863 0.6667 0.6549
v 0.562555 0.043486 -0.879754 0.7098 0.6902 0.6784
v 0.473530 0.161306 -0.899901 0.7294 0.7098 0.6980
v 0.477501 -0.077991 -0.945269 0.6392 0.6118 0.5882
v 0.419106 -0.050277 -0.891888 0.7137 0.6941 0.6824
v 0.457359 0.038509 -0.915835 0.7176 0.6980 0.6863
v 0.404846 0.153042 -0.899376 0.7137 0.6941 0.6824
v 0.488758 -0.090038 -0.886033 0.6902 0.6863 0.6706
v 0.319462 -0.012874 -0.829143 0.7137 0.6941 0.6824
v 0.470648 0.101302 -0.852800 0.6784 0.6588 0.6471
v 0.436955 0.073242 -0.935907 0.7725 0.7490 0.7490
v 0.458446 -0.083242 -0.855440 0.4000 0.4431 0.2863
v 0.435430 -0.057692 -0.912131 0.2235 0.2078 0.1608
v 0.459513 0.208666 -0.861532 0.2784 0.1843 0.1843
v 0.470259 -0.066732 -0.858201 0.1529 0.1569 0.1373
v 0.424604 0.086142 -0.887680 0.7098 0.6902 0.6784
v 0.512796 -0.217247 -0.899023 0.7255 0.7216 0.7137
v 0.444868 -0.239528 -0.915524 0.7451 0.7294 0.7255
v 0.475171 0.081106 -0.954362 0.7647 0.7608 0.7529
v 0.449389 0.037957 -0.968782 0.0902 0.0863 0.0706
v 0.425254 0.103619 -0.944831 0.7255 0.7059 0.6941
v 0.462011 0.199701 -0.901643 0.7137 0.7176 0.6980
v 0.443354 0.054336 -0.923611 0.1490 0.1255 0.1255
v 0.417839 -0.048448 -0.821694 0.2275 0.2314 0.1608
v 0.340107 0.121633 -0.767837 0.7608 0.7647 0.7451
v 0.512121 -0.144617 -0.918002 0.6431 0.6000 0.5843
v 0.485864 0.056397 -0.870480 0.3843 0.3373 0.2824
v 0.443529 -0.013627 -0.823702 0.7255 0.7059 0.6941
v 0.433831 -0.113105 -0.877529 0.6824 0.6784 0.6627
v 0.528742 -0.002503 -0.925706 0.7294 0.7059 0.7059
v 0.372480 -0.063087 -0.866309 0.1686 0.1725 0.1490
v 0.416107 -0.034875 -0.936282 0.5412 0.5020 0.4627
v 0.563989 -0.128271 -0.839809 0.6902 0.6863 0.6706
v 0.446066 -0.185406 -0.949096 0.7451 0.7216 0.7216
v 0.460293 -0.099059 -0.892729 0.5333 0.5647 0.4118
v 0.479185 0.058088 -0.978418 0.7020 0.6824 0.6706
v 0.377185 -0.174516 -0.862471 0.7373 0.7137 0.7137
v 0.449160 0.147114 -0.942209 0.4980 0.4157 0.3412
v 0.389231 0.047748 -0.934618 0.6706 0.6510 0.6392
v 0.468653 -0.122587 -0.889024 0.4431 0.5137 0.3255
v 0.330065 0.199745 -0.901387 0.7412 0.7216 0.7098
v 0.505914 0.012575 -0.961231 0.7020 0.6980 0.6824
v 0.430408 -0.110485 -0.896938 0.7373 0.7333 0.7255
v 0.429329 0.182755 -0.878490 0.7373 0.7137 0.7137
v 0.480343 0.139208 -0.902830 0.6784 0.6588 0.6471
v 0.460437 -0.204013 -0.938821 0.7255 0.7020 0.7020
v 0.480292 -0.175592 -1.004625 0.6941 0.6745 0.6627
v 0.410552 -0.097561 -0.919882 0.6667 0.6471 0.6235
v 0.450075 0.214007 -0.943135 0.7451 0.7255 0.7137
v 0.507059 -0.089077 -0.871808 0.6902 0.6863 0.6706
v 0.442870 0.122747 -0.916389 0.7569 0.7373 0.7255
v 0.455902 -0.261927 -0.765780 0.7451 0.7255 0.7137
v 0.444550 -0.178882 -0.961347 0.7216 0.7137 0.5216
v 0.488593 0.187657 -0.821896 0.7216 0.7020 0.6902
v 0.492745 0.107123 -0.859613 0.7725 0.7412 0.7333
v 0.496493 0.108835 -0.890472 0.4941 0.4431 0.3804
v 0.437261 0.019853 -0.864075 0.0902 0.0667 0.0667
v 0.512926 0.216932 -0.994303 0.7529 0.7176 0.6980
v 0.513502 -0.110441 -0.910007 0.6863 0.6824 0.6667
v 0.367020 0.107907 -0.942855 0.7255 0.7059 0.6941
v 0.504349 0.185045 -0.821366 0.6980 0.6745 0.6745
v 0.501150 -0.001939 -0.904539 0.7294 0.7059 0.7059
v 0.453716 -0.191091 -0.911165 0.6510 0.6471 0.6392
v 0.447820 0.180444 -0.864480 0.7294 0.7059 0.7059
v 0.454758 -0.032482 -0.942488 0.7137 0.7098 0.6941
v 0.419458 0.151891 -0.879560 0.7255 0.7059 0.6941
v 0.436742 0.071973 -0.921222 0.7020 0.6824 0.6706
v 0.366091 0.026436 -0.887760 0.0902 0.0667 0.0667
v 0.536956 0.135731 -0.889423 0.7529 0.7294 0.7294
v 0.463518 -0.109828 -0.889908 0.7451 0.7294 0.6941
v 0.431311 0.215842 -0.733105 0.7098 0.7059 0.6902
v 0.410469 -0.122389 -0.871104 0.6902 0.6667 0.6667
v 0.352878 0.036622 -0.773348 0.5412 0.5020 0.4627
v 0.445623 -0.194291 -0.901496 0.4392 0.4314 0.3843
v 0.414256 -0.153911 -0.873117 0.7176 0.6980 0.6863
v 0.497863 0.032209 -0.882842 0.3922 0.3451 0.2902
v 0.521994 -0.146490 -0.870820 0.7451 0.7294 0.7176
v 0.510214 0.105267 -0.807327 0.7608 0.7569 0.7490
v 0.642842 -0.145699 -0.942032 0.7216 0.7059 0.6941
v 0.633415 -0.196097 -0.908012 0.7137 0.7098 0.7020
v 0.492074 0.032626 -0.803332 0.2902 0.2667 0.2667
v 0.547146 0.110134 -0.967249 0.7294 0.7098 0.6980
v 0.460709 0.122490 -0.860235 0.7255 0.7294 0.7098
v 0.415207 0.214675 -0.825565 0.3294 0.2118 0.2039
v 0.550312 -0.094055 -0.855827 0.6510 0.6275 0.6275
v 0.532625 0.047111 -0.808480 0.6588 0.6353 0.6353
v 0.518129 0.094291 -0.830400 0.7098 0.6863 0.6863
v 0.507744 -0.120790 -0.846588 0.7098 0.6863 0.6863
v 0.472454 0.190482 -0.791247 0.7294 0.7098 0.6980
v 0.460323 0.059147 -0.804808 0.6863 0.6824 0.6627
v 0.558287 -0.019718 -0.792014 0.2824 0.2549 0.2157
v 0.698431 0.140380 -0.881179 0.7725 0.7608 0.7333
v 0.525355 0.146938 -0.876604 0.7255 0.7059 0.6941
v 0.563756 0.065200 -0.861091 0.7569 0.7333 0.7333
v 0.503225 0.087653 -0.912786 0.7529 0.7490 0.7412
v 0.498993 -0.116870 -0.778722 0.0902 0.1294 0.0000
v 0.547833 -0.040863 -0.811572 0.0902 0.0863 0.0784
v 0.569259 -0.034170 -0.865891 0.0902 0.0863 0.0784
v 0.354885 0.100093 -0.793597 0.2784 0.1765 0.1725
v 0.551655 -0.202238 -0.845017 0.7294 0.7059 0.7059
v 0.499612 -0.084711 -0.733545 0.1882 0.1804 0.1216
v 0.464383 0.025018 -0.890482 0.6980 0.6941 0.6863
v 0.534920 -0.043468 -0.827824 0.7255 0.7098 0.7059
v 0.518611 0.044791 -0.881484 0.4667 0.4118 0.3608
v 0.486915 -0.169083 -0.837144 0.7176 0.7059 0.6784
v 0.603484 -0.064919 -0.777295 0.0941 0.0784 0.0745
v 0.493446 0.244328 -0.823527 0.7490 0.7216 0.6980
v 0.553724 0.166410 -0.856285 0.3020 0.1922 0.1804
v 0.504199 0.160953 -0.901281 0.3020 0.1804 0.2039
v 0.575012 -0.115608 -0.823801 0.6392 0.6039 0.5765
v 0.508116 -0.188256 -0.850959 0.6941 0.6824 0.6549
v 0.565038 0.073044 -0.870346 0.7059 0.6902 0.6784
v 0.632486 -0.046177 -0.877096 0.6941 0.6745 0.6627
v 0.511042 -0.065915 -0.827012 0.2353 0.1922 0.1686
v 0.530025 -0.205129 -0.810472 0.6157 0.5804 0.5137
v 0.628413 -0.109643 -0.800904 0.7255 0.7216 0.7137
v 0.606457 0.204643 -0.911693 0.7451 0.7216 0.7216
v 0.557632 0.035880 -0.898005 0.2745 0.2706 0.1608
v 0.480974 0.217931 -0.885755 0.7373 0.7176 0.6941
v 0.548959 0.065666 -0.785705 0.6863 0.6824 0.6745
v 0.503838 0.044193 -0.840725 0.7569 0.7529 0.7451
v 0.483554 -0.272779 -0.889374 0.6745 0.6471 0.6157
v 0.519326 -0.214787 -0.871478 0.2157 0.2078 0.1490
v 0.508575 -0.078856 -0.792921 0.7333 0.7294 0.7216
v 0.475338 0.106553 -0.910826 0.7490 0.7255 0.7255
v 0.613487 -0.120985 -0.872669 0.7255 0.7216 0.7137
v 0.564861 -0.107080 -0.854582 0.1686 0.1647 0.0941
v 0.566717 0.137136 -0.838684 0.6824 0.6667 0.6627
v 0.492330 0.062492 -0.987320 0.4353 0.3882 0.3412
v 0.462520 -0.082325 -0.839561 0.6078 0.5725 0.5373
v 0.571863 0.067499 -0.790732 0.5216 0.4471 0.3922
v 0.511450 -0.225496 -0.858511 0.7333 0.7098 0.7098
v 0.483526 0.023589 -0.813735 0.7451 0.7412 0.7333
v 0.485694 0.114921 -0.822427 0.5333 0.4627 0.3843
v 0.510067 0.096071 -0.928484 0.6941 0.6706 0.6706
v 0.505489 0.045904 -0.870489 0.7373 0.7176 0.7059
v 0.556783 0.137151 -0.879298 0.4314 0.3412 0.2784
v 0.537089 -0.237117 -0.869676 0.7255 0.7255 0.5765
v 0.507947 0.176972 -0.797684 0.3098 0.1843 0.1961
v 0.531318 -0.105290 -0.840357 0.2510 0.2431 0.1922
v 0.514810 -0.189583 -0.913597 0.7176 0.6980 0.6863
v 0.530177 0.136381 -0.910980 0.7020 0.6902 0.6627
v 0.523971 -0.174799 -0.838451 0.2784 0.2784 0.2314
v 0.459972 0.127829 -0.838377 0.2863 0.1725 0.1569
v 0.461096 -0.032301 -0.872845 0.1882 0.1569 0.1490
v 0.625820 -0.221369 -0.857401 0.6902 0.6784 0.6510
v 0.511418 -0.256786 -0.770717 0.7059 0.6941 0.6745
v 0.427695 -0.162161 -0.864759 0.2157 0.2235 0.1412
v 0.466940 -0.276193 -0.936960 0.2353 0.2392 0.1686
v 0.518122 0.073301 -0.950672 0.4941 0.4314 0.3686
v 0.492533 0.158739 -0.844745 0.3098 0.1922 0.2000
v 0.449958 -0.011560 -0.846119 0.0980 0.0667 0.0588
v 0.582032 0.046116 -0.941734 0.7608 0.7569 0.7412
v 0.531503 0.190222 -0.834028 0.7529 0.7373 0.7255
v 0.571001 0.080430 -0.823692 0.7608 0.7451 0.7333
v 0.571126 -0.151365 -0.815543 0.6627 0.6353 0.6039
v 0.575234 0.088433 -0.845350 0.6667 0.6706 0.6510
v 0.608399 0.217075 -0.806680 0.3059 0.1961 0.1922
v 0.646914 0.127275 -0.763010 0.7412 0.7451 0.7255
v 0.611282 -0.277767 -0.948687 0.6745 0.6078 0.4902
v 0.600714 -0.164376 -0.834043 0.7333 0.7294 0.7216
v 0.554584 -0.156898 -0.790992 0.1569 0.1686 0.1333
v 0.573031 0.110435 -0.842342 0.7137 0.6941 0.6824
v 0.658958 0.160882 -0.809515 0.3098 0.2000 0.1843
v 0.637724 -0.018366 -0.861637 0.7373 0.7333 0.7176
v 0.562005 -0.142473 -0.759778 0.1569 0.1569 0.1255
v 0.622212 -0.209142 -0.848266 0.3529 0.4118 0.1882
v 0.618874 0.130872 -0.686081 0.4863 0.4157 0.3294
v 0.564687 -0.215609 -0.771309 0.7373 0.7333 0.7255
v 0.640406 0.209098 -0.836769 0.2941 0.1804 0.1882
v 0.578379 0.074108 -0.787756 0.5020 0.4549 0.4000
v 0.590513 0.104125 -0.788079 0.7137 0.6941 0.6824
v 0.542416 0.134584 -0.792137 0.7098 0.6745 0.6784
v 0.554870 0.238042 -0.770506 0.3216 0.2078 0.2157
v 0.562664 -0.179929 -0.813548 0.5412 0.6157 0.4000
v 0.613527 -0.012901 -0.777290 0.2275 0.2039 0.2039
v 0.564115 0.030704 -0.898605 0.3725 0.3373 0.3098
v 0.574785 0.210261 -0.800442 0.3373 0.2118 0.2235
v 0.536163 0.196966 -0.747780 0.7451 0.7255 0.7098
v 0.556732 0.227502 -0.815928 0.3725 0.3294 0.3137
v 0.497154 0.053572 -0.769953 0.7020 0.7020 0.7020
v 0.526551 -0.147439 -0.792121 0.7373 0.7412 0.7216
v 0.579706 0.143399 -0.864105 0.7412 0.7373 0.7294
v 0.591910 0.175577 -0.727131 0.3098 0.1922 0.2000
v 0.614194 -0.145048 -0.798725 0.5882 0.5490 0.5137
v 0.612306 0.027462 -0.794688 0.5451 0.5412 0.5333
v 0.653842 0.140278 -0.846334 0.2431 0.1569 0.1686
v 0.573145 -0.086399 -0.870545 0.6902 0.6863 0.6706
v 0.547631 0.142609 -0.804983 0.2980 0.1843 0.2039
v 0.657642 -0.162375 -0.806260 0.7373 0.7412 0.7216
v 0.667953 -0.094904 -0.772313 0.7137 0.7176 0.6980
v 0.709159 -0.065037 -0.800983 0.0941 0.0706 0.0706
v 0.507006 -0.037433 -0.811079 0.7255 0.7216 0.7059
v 0.524656 -0.206121 -0.790547 0.6824 0.6784 0.6627
v 0.628967 0.096173 -0.745025 0.7098 0.6902 0.6784
v 0.632523 0.071513 -0.766256 0.6980 0.7020 0.6824
v 0.661967 -0.198593 -0.811390 0.7059 0.7020 0.6863
v 0.667732 -0.165029 -0.825780 0.7333 0.7294 0.7216
v 0.566086 0.188708 -0.847365 0.7020 0.6980 0.6902
v 0.504786 0.009688 -0.747435 0.7255 0.7216 0.7059
v 0.520888 0.191160 -0.840308 0.3098 0.2039 0.2235
v 0.629973 -0.116618 -0.812164 0.0784 0.0745 0.0667
v 0.670164 0.202307 -0.995078 0.3020 0.1882 0.1961
v 0.505871 -0.055882 -0.779673 0.6745 0.6510 0.6510
v 0.535742 -0.078544 -0.815383 0.7176 0.7137 0.6980
v 0.581675 -0.181851 -0.812734 0.6902 0.6706 0.6588
v 0.583937 0.099703 -0.869109 0.6431 0.6431 0.6353
v 0.645500 -0.071390 -0.817123 0.7059 0.7020 0.6863
v 0.559745 -0.001695 -0.819702 0.0863 0.0667 0.0549
v 0.540706 -0.017179 -0.822083 0.5059 0.4706 0.4510
v 0.641218 0.113583 -0.868475 0.2902 0.1961 0.1961
v 0.613304 0.140909 -0.768262 0.7333 0.7294 0.7137
v 0.539551 -0.004309 -0.827263 0.0824 0.0667 0.0627
v 0.543634 -0.237076 -0.886415 0.7373 0.7333 0.7255
v 0.628323 -0.162585 -0.815120 0.7059 0.7020 0.6863
v 0.602905 -0.060735 -0.835003 0.0824 0.0784 0.0627
v 0.587282 -0.087347 -0.810939 0.6863 0.6824 0.6667
v 0.632709 0.004720 -0.883784 0.0902 0.0588 0.0471
v 0.674037 -0.117855 -0.795391 0.0549 0.0510 0.0353
v 0.640564 0.220688 -0.796528 0.7529 0.7490 0.7412
v 0.606777 -0.082526 -0.802140 0.2235 0.1882 0.1608
v 0.650725 -0.209093 -0.801195 0.6824 0.6784 0.6627
v 0.620607 0.028211 -0.782365 0.7137 0.7137 0.7059
v 0.581677 -0.036984 -0.886725 0.6627 0.6510 0.6235
v 0.592319 -0.042528 -0.828287 0.6980 0.6941 0.6784
v 0.568463 0.128916 -0.810718 0.7098 0.7137 0.6941
v 0.552976 0.013510 -0.780199 0.0863 0.0627 0.0627
v 0.525600 -0.080373 -0.917502 0.7098 0.7059 0.6902
v 0.571573 0.247584 -0.867312 0.3059 0.1882 0.1882
v 0.566758 0.094001 -0.834190 0.7176 0.7137 0.7059
v 0.591944 0.064983 -0.792080 0.7490 0.7412 0.7451
v 0.656104 -0.062440 -0.683997 0.0745 0.0706 0.0627
v 0.608952 -0.205836 -0.791921 0.6667 0.6392 0.6078
v 0.690267 0.245498 -0.875215 0.3294 0.2078 0.2314
v 0.626057 -0.032584 -0.742172 0.6941 0.6902 0.6745
v 0.712094 -0.233423 -0.752445 0.1137 0.0784 0.0588
v 0.711682 -0.155050 -0.768375 0.1373 0.1216 0.1098
v 0.774170 0.201481 -0.691704 0.5725 0.5373 0.4706
v 0.664901 -0.256946 -0.697807 0.1686 0.1725 0.1176
v 0.578780 0.236775 -0.680265 0.3020 0.2078 0.2078
v 0.647435 -0.108639 -0.741115 0.0902 0.0784 0.0510
v 0.727407 -0.162853 -0.762247 0.1255 0.1059 0.0941
v 0.693227 0.093486 -0.759242 0.7059 0.7137 0.6941
v 0.692476 -0.229539 -0.760804 0.2510 0.2824 0.1882
v 0.668254 0.026066 -0.669799 0.7216 0.7294 0.7098
v 0.684538 -0.194477 -0.833678 0.6784 0.6863 0.6667
v 0.638940 -0.011000 -0.713513 0.3020 0.2275 0.2039
v 0.660184 -0.165937 -0.746812 0.7020 0.7098 0.6902
v 0.621724 0.037201 -0.762791 0.7529 0.7725 0.7569
v 0.553008 0.043844 -0.782081 0.7020 0.7098 0.6902
v 0.621999 -0.075206 -0.766882 0.7529 0.7725 0.7569
v 0.585053 0.211066 -0.708846 0.3294 0.2118 0.2196
v 0.648412 0.242844 -0.725160 0.5490 0.5176 0.4431
v 0.687862 -0.021428 -0.785799 0.6980 0.7059 0.6863
v 0.598289 0.029738 -0.740832 0.7490 0.7686 0.7529
v 0.584604 -0.178837 -0.708975 0.3216 0.2980 0.2510
v 0.656175 -0.191017 -0.753322 0.0784 0.0745 0.0667
v 0.644933 -0.052661 -0.774996 0.6078 0.6157 0.6118
v 0.613725 0.043172 -0.812636 0.6941 0.7020 0.6824
v 0.690293 -0.194613 -0.713013 0.4275 0.4039 0.3490
v 0.685861 -0.164695 -0.826626 0.7216 0.7294 0.7176
v 0.584643 0.057790 -0.740961 0.5059 0.4353 0.3569
v 0.623907 0.251412 -0.784234 0.3451 0.2275 0.2275
v 0.633604 0.191565 -0.749740 0.6078 0.5647 0.4941
v 0.625271 -0.162607 -0.713336 0.0824 0.0667 0.0549
v 0.648121 -0.004737 -0.866451 0.6824 0.6902 0.6784
v 0.655815 -0.061861 -0.887035 0.7137 0.7216 0.7020
v 0.674663 0.117026 -0.860977 0.7569 0.7765 0.7608
v 0.631668 -0.042849 -0.791154 0.7529 0.7725 0.7569
v 0.662365 0.138800 -0.760138 0.3098 0.2000 0.1961
v 0.620089 0.105362 -0.717841 0.7686 0.7451 0.7451
v 0.662330 0.119164 -0.779265 0.3176 0.2039 0.2118
v 0.643814 0.053998 -0.838748 0.2941 0.2000 0.2000
v 0.669043 0.046040 -0.753048 0.7412 0.7608 0.7451
v 0.722227 0.124430 -0.807521 0.5686 0.5216 0.4588
v 0.631002 0.205908 -0.878711 0.3020 0.1922 0.1882
v 0.656496 -0.039787 -0.796695 0.7451 0.7647 0.7490
v 0.642221 0.180921 -0.660741 0.6000 0.5255 0.5020
v 0.623725 0.212384 -0.742507 0.5843 0.5333 0.4588
v 0.576368 -0.219885 -0.823050 0.7176 0.7255 0.7059
v 0.690558 -0.038272 -0.836965 0.6745 0.6824 0.6627
v 0.737903 0.138704 -0.726696 0.3020 0.1922 0.1882
v 0.542202 0.199984 -0.717971 0.3686 0.2588 0.2471
v 0.666112 -0.046541 -0.778158 0.7490 0.7686 0.7529
v 0.716655 0.001961 -0.698089 0.7529 0.7725 0.7569
v 0.612652 0.136615 -0.774434 0.3098 0.1961 0.2039
v 0.619273 -0.153996 -0.743087 0.7098 0.7176 0.6980
v 0.598974 -0.176435 -0.775063 0.7176 0.7255 0.7059
v 0.727812 -0.018491 -0.810528 0.6627 0.6784 0.6745
v 0.638746 -0.174165 -0.731416 0.7255 0.7333 0.7137
v 0.715034 0.143308 -0.886675 0.3216 0.2078 0.2157
v 0.679734 0.164120 -0.712599 0.3608 0.2471 0.2549
v 0.697015 0.189810 -0.733976 0.3373 0.2196 0.2275
v 0.647477 -0.163410 -0.753685 0.1216 0.1176 0.1098
v 0.556737 -0.036443 -0.767312 0.7412 0.7608 0.7451
v 0.579953 0.144256 -0.804125 0.7333 0.7373 0.7059
v 0.754197 0.121532 -0.726177 0.3059 0.1961 0.1922
v 0.612294 -0.275732 -0.725701 0.2706 0.3059 0.2000
v 0.624812 0.169338 -0.821894 0.6510 0.6157 0.5490
v 0.695453 0.197463 -0.788130 0.3176 0.2039 0.2118
v 0.713604 0.209629 -0.777025 0.5608 0.5294 0.4549
v 0.554205 0.230377 -0.772894 0.3216 0.2078 0.2157
v 0.682175 -0.009395 -0.662558 0.6078 0.6078 0.6078
v 0.713821 0.141043 -0.756987 0.3059 0.2000 0.2196
v 0.680427 -0.120560 -0.746003 0.7098 0.7176 0.6980
v 0.774906 -0.166338 -0.776946 0.7373 0.7451 0.7333
v 0.616684 -0.267310 -0.731114 0.6902 0.6980 0.6784
v 0.725473 0.061061 -0.691327 0.7216 0.7294 0.7098
v 0.643597 -0.085287 -0.775907 0.7216 0.7294 0.7098
v 0.721575 -0.147526 -0.745093 0.1686 0.1529 0.1176
v 0.686039 -0.036600 -0.797627 0.7020 0.7137 0.6863
v 0.654100 0.125593 -0.759183 0.3451 0.2745 0.2745
v 0.632970 -0.165023 -0.693138 0.6824 0.6941 0.6667
v 0.702327 0.048028 -0.746896 0.7020 0.7216 0.6980
v 0.661984 0.080534 -0.753593 0.7373 0.7451 0.7333
v 0.725030 0.096451 -0.749937 0.7529 0.7725 0.7569
v 0.672432 -0.142246 -0.735825 0.7059 0.7137 0.6941
v 0.669914 -0.020428 -0.710462 0.1176 0.1137 0.1059
v 0.621680 -0.249292 -0.654307 0.3294 0.3569 0.2275
v 0.541648 0.233695 -0.638922 0.6157 0.5843 0.5098
v 0.697931 -0.101075 -0.729490 0.2392 0.2235 0.1765
v 0.745288 -0.180796 -0.715307 0.6549 0.6667 0.6314
v 0.811390 -0.022384 -0.766873 0.0706 0.0745 0.0510
v 0.695530 0.261049 -0.715219 0.4627 0.4510 0.3922
v 0.717657 0.042401 -0.735561 0.7529 0.7725 0.7490
v 0.742351 -0.152140 -0.725089 0.7255 0.7451 0.7216
v 0.817844 -0.220352 -0.687404 0.6824 0.6863 0.6549
v 0.671004 -0.147903 -0.774236 0.7137 0.7333 0.7098
v 0.718181 0.200299 -0.744562 0.5922 0.5804 0.5137
v 0.728001 -0.117255 -0.656594 0.0784 0.0745 0.0588
v 0.724931 -0.049248 -0.616390 0.1059 0.1098 0.0902
v 0.729520 0.096305 -0.751118 0.7412 0.7608 0.7373
v 0.724099 0.048541 -0.705161 0.7529 0.7608 0.7490
v 0.630453 0.095577 -0.570882 0.7529 0.7725 0.7490
v 0.811165 -0.040520 -0.591950 0.7294 0.7490 0.7255
v 0.762937 -0.141441 -0.635517 0.7176 0.7373 0.7137
v 0.738698 -0.208765 -0.726111 0.7333 0.7451 0.7176
v 0.711302 -0.118457 -0.718410 0.7255 0.7451 0.7294
v 0.737911 0.215803 -0.631558 0.6314 0.6078 0.5451
v 0.693186 0.122937 -0.689972 0.7490 0.7686 0.7451
v 0.672961 0.122768 -0.660399 0.6980 0.7059 0.6941
v 0.705628 -0.139312 -0.730306 0.1804 0.1882 0.1373
v 0.659094 -0.212193 -0.690466 0.5804 0.5647 0.4510
v 0.722434 0.283905 -0.663966 0.3569 0.2431 0.2510
v 0.730592 -0.222693 -0.626925 0.5059 0.5098 0.3451
v 0.726575 -0.119240 -0.731783 0.7255 0.7333 0.7137
v 0.647212 -0.233042 -0.757346 0.4353 0.5451 0.3137
v 0.669263 0.058145 -0.735857 0.5059 0.4784 0.4078
v 0.661754 -0.153077 -0.581589 0.0745 0.0824 0.0275
v 0.770213 0.095553 -0.659943 0.7451 0.7529 0.7412
v 0.788280 0.041196 -0.685568 0.6784 0.6863 0.6667
v 0.591979 -0.190834 -0.785354 0.5725 0.5608 0.4863
v 0.707140 -0.192020 -0.697851 0.6431 0.6510 0.6314
v 0.777617 -0.055265 -0.662721 0.6902 0.7098 0.6863
v 0.811458 -0.160112 -0.685720 0.0588 0.0627 0.0314
v 0.687266 -0.147054 -0.688696 0.0824 0.0863 0.0941
v 0.792742 -0.253821 -0.717954 0.4941 0.5725 0.3647
v 0.762452 0.249063 -0.631287 0.3373 0.2196 0.2275
v 0.657420 0.244932 -0.627931 0.3137 0.2000 0.2078
v 0.836041 0.237744 -0.726625 0.3373 0.2235 0.2314
v 0.807133 0.030551 -0.612368 0.6275 0.6431 0.6392
v 0.724513 -0.238240 -0.764108 0.2196 0.2392 0.1529
v 0.757172 0.251640 -0.636364 0.3333 0.2196 0.2275
v 0.743460 -0.142025 -0.693923 0.0784 0.0745 0.0667
v 0.729915 -0.147824 -0.767274 0.0863 0.0824 0.0745
v 0.692990 0.183730 -0.689778 0.7569 0.7529 0.7333
v 0.754913 -0.156857 -0.735263 0.1412 0.1608 0.1451
v 0.689822 0.243562 -0.655601 0.5176 0.4824 0.4235
v 0.718249 -0.191439 -0.711283 0.4980 0.5804 0.3490
v 0.668438 0.033933 -0.648654 0.6824 0.7020 0.6863
v 0.704502 0.133502 -0.742547 0.2863 0.2000 0.2078
v 0.660820 0.202353 -0.711376 0.3098 0.1961 0.2157
v 0.750936 -0.129635 -0.692998 0.6392 0.6471 0.5961
v 0.684019 -0.021051 -0.661742 0.4431 0.4118 0.3686
v 0.731445 0.005805 -0.696654 0.6980 0.7176 0.6941
v 0.718588 0.218471 -0.747928 0.3020 0.1882 0.1961
v 0.747964 -0.107690 -0.743190 0.6275 0.6196 0.5686
v 0.711158 -0.069633 -0.765239 0.7255 0.7451 0.7216
v 0.736026 -0.137250 -0.682459 0.7176 0.7373 0.7137
v 0.802056 0.056067 -0.572998 0.4078 0.3804 0.3176
v 0.692987 0.039181 -0.622561 0.4196 0.3608 0.2863
v 0.650133 -0.078540 -0.649001 0.2314 0.2314 0.1843
v 0.791787 -0.251217 -0.630015 0.4627 0.4980 0.3216
v 0.829978 -0.109399 -0.677153 0.6353 0.6431 0.5922
v 0.701264 -0.173240 -0.718887 0.1529 0.1686 0.1647
v 0.699602 0.101611 -0.651235 0.7412 0.7608 0.7451
v 0.711001 -0.139141 -0.623749 0.6706 0.6745 0.6431
v 0.756466 0.177988 -0.703996 0.7059 0.7294 0.7137
v 0.717129 0.206214 -0.660335 0.7647 0.7686 0.7373
v 0.726300 -0.217325 -0.670312 0.6745 0.6784 0.6549
v 0.729143 -0.221274 -0.596675 0.1608 0.2157 0.1255
v 0.739105 0.200467 -0.761441 0.7529 0.7529 0.7216
v 0.756369 -0.233973 -0.715417 0.2588 0.2627 0.1373
v 0.732223 -0.041145 -0.635141 0.7569 0.7765 0.7529
v 0.722337 0.006178 -0.684474 0.4706 0.4431 0.3804
v 0.804781 0.187605 -0.549323 0.6824 0.6902 0.6706
v 0.765293 -0.148838 -0.554771 0.1922 0.2078 0.1176
v 0.774629 0.050891 -0.568126 0.6784 0.6980 0.6745
v 0.812255 0.173412 -0.569002 0.6745 0.6941 0.6784
v 0.749858 0.028628 -0.679214 0.7451 0.7647 0.7490
v 0.778678 -0.097001 -0.496043 0.6039 0.5882 0.5451
v 0.684131 0.006649 -0.671695 0.7137 0.7333 0.7176
v 0.808884 0.103997 -0.600289 0.3961 0.3451 0.2784
v 0.741379 -0.101676 -0.616046 0.7059 0.7255 0.7020
v 0.823682 -0.241875 -0.702466 0.5765 0.5686 0.3804
v 0.771598 -0.204581 -0.654688 0.7176 0.7373 0.7216
v 0.759990 0.049427 -0.626291 0.7412 0.7608 0.7451
v 0.813583 -0.115171 -0.672416 0.6706 0.6784 0.6588
v 0.741574 -0.049703 -0.588217 0.7098 0.7176 0.6980
v 0.777797 -0.209735 -0.604119 0.4745 0.4824 0.2353
v 0.692877 -0.200471 -0.704652 0.3765 0.5059 0.2980
v 0.814182 -0.057565 -0.681394 0.7176 0.7373 0.7137
v 0.834072 -0.224160 -0.661567 0.4980 0.5843 0.3333
v 0.758190 -0.072448 -0.614176 0.1137 0.1176 0.0980
v 0.688827 0.013984 -0.655650 0.7373 0.7569 0.7333
v 0.705395 0.189362 -0.652483 0.7412 0.7608 0.7451
v 0.788202 0.250814 -0.689926 0.7098 0.7176 0.6980
v 0.751971 0.245056 -0.598768 0.7569 0.7647 0.7451
v 0.793489 -0.057631 -0.619151 0.6863 0.7059 0.6902
v 0.872760 0.206395 -0.637873 0.7176 0.7373 0.7216
v 0.693624 0.190121 -0.619957 0.6941 0.7137 0.6980
v 0.749042 0.119745 -0.758138 0.6863 0.7059 0.6902
v 0.735314 -0.075491 -0.638121 0.2000 0.2078 0.1569
v 0.802524 0.066699 -0.533276 0.6902 0.7098 0.6863
v 0.749404 -0.219609 -0.651222 0.2275 0.2471 0.1608
v 0.771390 0.154929 -0.547173 0.2627 0.1843 0.1922
v 0.792037 -0.047025 -0.583306 0.2078 0.2157 0.1647
v 0.722307 -0.203575 -0.559682 0.3333 0.4706 0.2588
v 0.792950 -0.153688 -0.687118 0.6588 0.6706 0.6431
v 0.767124 0.015979 -0.614690 0.0941 0.0980 0.0784
v 0.759127 0.244271 -0.622066 0.2941 0.2000 0.2000
v 0.846795 -0.112679 -0.628760 0.7020 0.7216 0.6980
v 0.761431 -0.043832 -0.604453 0.0784 0.0745 0.0588
v 0.732393 -0.190250 -0.604497 0.6941 0.7137 0.6902
v 0.761517 0.096319 -0.644799 0.4118 0.4000 0.3647
v 0.777600 -0.067588 -0.646499 0.0941 0.1098 0.1059
v 0.751414 -0.163105 -0.715444 0.2235 0.2078 0.1608
v 0.708387 0.180551 -0.636243 0.6980 0.7176 0.7020
v 0.735662 0.140623 -0.653582 0.7020 0.7216 0.6980
v 0.818738 -0.169956 -0.679601 0.6353 0.6431 0.6235
v 0.771528 -0.233375 -0.659042 0.6627 0.7098 0.5137
v 0.825499 -0.018080 -0.600348 0.0784 0.0784 0.0471
v 0.748877 -0.255636 -0.675049 0.5490 0.5725 0.3216
v 0.810447 -0.075064 -0.592027 0.6078 0.6078 0.5686
v 0.773141 0.210430 -0.671099 0.6980 0.7176 0.6941
v 0.781182 -0.036577 -0.653975 0.0706 0.0706 0.0706
v 0.682927 0.017973 -0.671260 0.2863 0.2588 0.2196
v 0.756971 0.131453 -0.554220 0.2706 0.1882 0.1843
v 0.759383 0.129484 -0.624315 0.7216 0.7412 0.7255
v 0.769541 0.208149 -0.618138 0.2824 0.1804 0.1922
v 0.821168 0.074267 -0.554430 0.7255 0.7451 0.7216
v 0.756299 0.159735 -0.621484 0.6902 0.7137 0.6980
v 0.782525 -0.029691 -0.606293 0.0941 0.0745 0.0588
v 0.717759 0.054169 -0.674545 0.7373 0.7608 0.7451
v 0.833124 0.205088 -0.590130 0.2039 0.1569 0.1647
v 0.755491 0.165277 -0.643262 0.6471 0.6706 0.6627
v 0.844458 0.226953 -0.682473 0.2667 0.1804 0.1882
v 0.760638 0.072439 -0.610308 0.3804 0.3529 0.3216
v 0.845395 0.192243 -0.657036 0.6941 0.7020 0.6824
v 0.793916 -0.065477 -0.653091 0.6863 0.7059 0.6824
v 0.759975 -0.061999 -0.616333 0.7176 0.7373 0.7137
v 0.770181 0.059460 -0.574931 0.7451 0.7647 0.7490
v 0.755687 0.021052 -0.576950 0.7137 0.7373 0.7216
v 0.800664 -0.167886 -0.634235 0.1686 0.1922 0.1529
v 0.690529 -0.058236 -0.688139 0.7137 0.7333 0.7176
v 0.798272 0.071458 -0.585057 0.4039 0.3647 0.3176
v 0.835526 -0.235077 -0.614799 0.5412 0.6000 0.3451
v 0.757299 0.087835 -0.587785 0.7216 0.7294 0.7098
v 0.717357 0.069203 -0.583844 0.3569 0.3216 0.2863
v 0.741783 0.120054 -0.612383 0.6863 0.7059 0.6902
v 0.804938 -0.060725 -0.610735 0.6824 0.7020 0.6784
v 0.769620 -0.100099 -0.666267 0.7137 0.7333 0.7176
v 0.853078 -0.251944 -0.626595 0.4196 0.3804 0.2745
v 0.857113 0.088386 -0.695595 0.7098 0.7294 0.7059
v 0.823649 0.071881 -0.564709 0.6745 0.6941 0.6706
v 0.800065 0.213852 -0.572041 0.6824 0.7020 0.6784
v 0.783865 0.030206 -0.497200 0.7412 0.7608 0.7451
v 0.828154 0.163359 -0.525407 0.6902 0.7098 0.6863
v 0.762950 -0.156835 -0.575513 0.7176 0.7373 0.7137
v 0.739319 0.162424 -0.589678 0.6784 0.6980 0.6745
v 0.776000 0.230913 -0.621451 0.7451 0.7490 0.7176
v 0.773577 0.184141 -0.492411 0.7176 0.7373 0.7137
v 0.830989 0.069736 -0.522950 0.7412 0.7608 0.7373
v 0.839118 0.100569 -0.507226 0.5059 0.4706 0.4039
v 0.807046 -0.037549 -0.555510 0.1137 0.1176 0.0980
v 0.866006 0.091713 -0.531271 0.4078 0.3686 0.3216
v 0.791702 -0.134269 -0.526023 0.7176 0.7373 0.7137
v 0.833358 -0.057014 -0.611509 0.6902 0.7098 0.6863
v 0.829822 -0.213256 -0.462869 0.7020 0.7216 0.6980
v 0.775832 0.154563 -0.576907 0.7059 0.7137 0.6941
v 0.812648 0.045851 -0.561802 0.6627 0.6784 0.6745
v 0.777066 0.020385 -0.537023 0.1176 0.1216 0.1020
v 0.863645 0.234618 -0.542104 0.7255 0.7176 0.7216
v 0.867050 -0.104012 -0.412796 0.6941 0.7137 0.6902
v 0.800020 0.050909 -0.609741 0.5804 0.6000 0.5765
v 0.913892 0.015292 -0.533014 0.7216 0.7412 0.7255
v 0.881042 -0.117101 -0.535397 0.6824 0.7020 0.6745
v 0.783843 -0.097604 -0.563374 0.7137 0.7333 0.7098
v 0.909645 -0.208142 -0.611267 0.1961 0.2196 0.1725
v 0.758290 0.094701 -0.584271 0.5059 0.4745 0.4000
v 0.835781 -0.205717 -0.521538 0.2314 0.2392 0.1569
v 0.816361 -0.148155 -0.559216 0.1647 0.2118 0.1176
v 0.814944 0.128279 -0.530806 0.6863 0.7059 0.6824
v 0.723302 0.134783 -0.456397 0.6627 0.6824 0.6549
v 0.777264 -0.046568 -0.568000 0.6980 0.7176 0.6941
v 0.870473 0.078781 -0.494955 0.6431 0.6588 0.6549
v 0.853051 0.178431 -0.557366 0.7294 0.7490 0.7333
v 0.799381 0.156312 -0.485000 0.4745 0.4392 0.3725
v 0.808639 -0.167388 -0.555215 0.4980 0.5451 0.4039
v 0.799499 -0.241620 -0.574089 0.6157 0.6510 0.4353
v 0.843694 0.199284 -0.468513 0.7412 0.7608 0.7373
v 0.827058 0.247732 -0.527136 0.6745 0.6941 0.6706
v 0.855339 0.136841 -0.529896 0.7412 0.7608 0.7451
v 0.768715 -0.087470 -0.545968 0.1765 0.1922 0.1333
v 0.949194 0.112404 -0.487612 0.7294 0.7490 0.7333
v 0.799650 -0.242435 -0.522434 0.7137 0.7333 0.7176
v 0.795934 0.033655 -0.567687 0.6824 0.7020 0.6784
v 0.814662 0.100951 -0.597412 0.2549 0.2549 0.2235
v 0.876114 -0.074921 -0.502105 0.7098 0.7294 0.7137
v 0.954982 -0.176317 -0.530231 0.7137 0.7333 0.7176
v 0.832176 0.226954 -0.514424 0.2784 0.2039 0.2118
v 0.890863 -0.027676 -0.577628 0.0863 0.0706 0.0588
v 0.786440 0.024809 -0.521129 0.4196 0.4039 0.3608
v 0.850848 -0.079934 -0.501579 0.0863 0.0824 0.0745
v 0.794033 0.214297 -0.564356 0.6980 0.7176 0.6941
v 0.808477 0.009242 -0.471691 0.7373 0.7569 0.7412
v 0.846198 -0.032923 -0.638920 0.0784 0.0745 0.0588
v 0.809651 -0.183497 -0.588790 0.2118 0.2392 0.1765
v 0.915672 0.220348 -0.644687 0.2863 0.1882 0.2039
v 0.777230 0.015842 -0.548560 0.7216 0.7412 0.7255
v 0.822651 -0.213802 -0.546634 0.6980 0.7176 0.6941
v 0.805451 -0.204730 -0.513925 0.7059 0.7255 0.7098
v 0.787949 0.130877 -0.658300 0.3490 0.3412 0.2941
v 0.907852 -0.178974 -0.570829 0.2784 0.2980 0.1412
v 0.817077 -0.071449 -0.584826 0.7137 0.7333 0.7098
v 0.807459 -0.163808 -0.591243 0.6549 0.6745 0.6510
v 0.884287 0.144749 -0.553666 0.6706 0.6902 0.6745
v 0.869739 -0.226860 -0.608122 0.2039 0.2314 0.1686
v 0.845874 -0.058068 -0.578361 0.2000 0.2078 0.1569
v 0.872026 0.213312 -0.524463 0.6745 0.6824 0.6627
v 0.855136 -0.134585 -0.565888 0.7137 0.7333 0.7176
v 0.699866 0.009545 -0.565447 0.7255 0.7490 0.7333
v 0.772248 0.052412 -0.580903 0.7255 0.7451 0.7294
v 0.874190 0.161177 -0.629570 0.4353 0.3608 0.3020
v 0.810614 -0.078723 -0.517127 0.7137 0.7333 0.7098
v 0.914422 -0.148763 -0.626359 0.6980 0.7176 0.6941
v 0.883589 -0.203357 -0.485968 0.6706 0.6863 0.6824
v 0.817680 -0.189722 -0.560553 0.6431 0.6549 0.6275
v 0.798164 0.253168 -0.536887 0.6667 0.6745 0.6549
v 0.841073 0.238261 -0.572962 0.2784 0.2157 0.2196
v 0.852127 0.017665 -0.551246 0.6902 0.7098 0.6863
v 0.928820 -0.172618 -0.539393 0.7098 0.7294 0.7059
v 0.852960 0.160099 -0.633562 0.6980 0.7176 0.6941
v 0.759011 0.026303 -0.519008 0.6706 0.6902 0.6667
v 0.760170 0.056101 -0.642534 0.5882 0.5961 0.5765
v 0.840767 -0.084614 -0.487933 0.7216 0.7412 0.7255
v 0.806658 -0.165822 -0.468544 0.7059 0.7333 0.7059
v 0.900267 0.134446 -0.503701 0.3804 0.3216 0.2941
v 0.844590 -0.182499 -0.418309 0.4157 0.5333 0.2980
v 0.827461 0.031777 -0.414422 0.4039 0.3765 0.3059
v 0.834972 -0.047688 -0.465546 0.7098 0.7294 0.7020
v 0.844368 -0.124729 -0.476061 0.7176 0.7373 0.7137
v 0.884470 0.150795 -0.489447 0.6941 0.7137 0.6902
v 0.791579 -0.018340 -0.469682 0.1451 0.1451 0.1059
v 0.845389 -0.206367 -0.553333 0.2078 0.2314 0.1922
v 0.861617 0.100739 -0.434681 0.6824 0.7020 0.6863
v 0.944887 0.182748 -0.466858 0.7490 0.7686 0.7529
v 0.903468 0.113652 -0.559766 0.6235 0.6314 0.6196
v 0.872259 0.124490 -0.401226 0.7333 0.7529 0.7373
v 0.865594 0.183241 -0.509124 0.7020 0.7216 0.6980
v 0.871572 -0.053013 -0.415394 0.2392 0.2392 0.2000
v 0.856029 0.019623 -0.575396 0.0745 0.0706 0.0627
v 0.905731 -0.217243 -0.480420 0.6627 0.6824 0.6588
v 0.887511 -0.127165 -0.578234 0.6588 0.6706 0.6431
v 0.882150 -0.117448 -0.424451 0.6941 0.7137 0.6902
v 0.857979 -0.053254 -0.539465 0.7216 0.7412 0.7176
v 0.896056 0.047086 -0.496035 0.0863 0.0627 0.0627
v 0.779498 -0.175418 -0.440234 0.6510 0.6627 0.6353
v 0.840419 0.033822 -0.416410 0.7216 0.7294 0.7098
v 0.886263 -0.011668 -0.513086 0.0824 0.0667 0.0549
v 0.778123 -0.159306 -0.548328 0.7098 0.7294 0.7059
v 0.925626 0.137923 -0.494539 0.7020 0.7216 0.6980
v 0.941101 0.102824 -0.512188 0.4510 0.4039 0.3490
v 0.816080 0.167064 -0.491161 0.7059 0.7333 0.7059
v 0.869666 0.036978 -0.558733 0.7098 0.7176 0.6980
v 0.928539 0.118074 -0.392417 0.7176 0.7255 0.7059
v 0.957166 0.021979 -0.562949 0.7490 0.7686 0.7451
v 0.885737 -0.125979 -0.588199 0.6980 0.7176 0.7020
v 0.903467 0.069694 -0.560541 0.7216 0.7412 0.7255
v 0.833755 -0.020220 -0.489343 0.0784 0.0824 0.0627
v 0.785912 0.035449 -0.477452 0.5922 0.6000 0.5882
v 0.761061 -0.166814 -0.414277 0.6784 0.6980 0.6745
v 0.863658 -0.209448 -0.540143 0.5569 0.5569 0.3059
v 0.870369 0.013755 -0.502169 0.7373 0.7569 0.7333
v 0.820042 0.079636 -0.450900 0.4471 0.4118 0.3451
v 0.866214 0.117364 -0.462433 0.7451 0.7686 0.7529
v 0.826960 -0.240579 -0.477138 0.2235 0.2510 0.1882
v 0.853387 0.255740 -0.458479 0.7451 0.7647 0.7412
v 0.855246 -0.173380 -0.501095 0.2824 0.2824 0.1333
v 0.747673 0.101745 -0.455801 0.7451 0.7686 0.7529
v 0.862785 -0.109501 -0.487889 0.1961 0.2039 0.1216
v 0.861412 0.066910 -0.481150 0.7529 0.7725 0.7569
v 0.905472 -0.032830 -0.467165 0.0784 0.0784 0.0784
v 0.821485 0.132840 -0.405563 0.6667 0.6824 0.6863
v 0.885380 -0.224079 -0.495000 0.6980 0.7176 0.6941
v 0.842626 0.074375 -0.446026 0.7451 0.7725 0.7451
v 0.808617 -0.208073 -0.568302 0.6863 0.7059 0.6824
v 0.903264 0.218490 -0.586220 0.7059 0.7137 0.6941
v 0.926211 0.083018 -0.409089 0.7529 0.7725 0.7569
v 0.936582 -0.148143 -0.400041 0.7137 0.7333 0.7098
v 0.889313 0.211206 -0.561102 0.7098 0.7294 0.7137
v 0.865554 0.178520 -0.429187 0.7412 0.7608 0.7451
v 0.898959 0.022391 -0.575921 0.6824 0.7020 0.6784
v 0.909567 0.075804 -0.553161 0.7216 0.7412 0.7255
v 0.829477 -0.040229 -0.491294 0.6510 0.6706 0.6471
v 0.921564 -0.099249 -0.457729 0.1725 0.1843 0.1412
v 0.781409 -0.101674 -0.466633 0.4549 0.4902 0.3843
v 0.866438 0.226960 -0.542625 0.7608 0.7686 0.7490
v 0.823116 0.031285 -0.507651 0.7255 0.7451 0.7216
v 0.842338 0.174146 -0.497459 0.7098 0.7294 0.7137
v 0.975749 0.118902 -0.433434 0.7294 0.7490 0.7333
v 0.790284 0.152638 -0.532731 0.5216 0.4784 0.4000
v 0.803423 -0.248030 -0.489149 0.7098 0.7294 0.7059
v 0.828601 -0.129438 -0.508892 0.1529 0.1451 0.0863
v 0.894837 0.106547 -0.475730 0.5098 0.4745 0.4078
v 0.899747 -0.178836 -0.507144 0.6941 0.7137 0.6902
v 0.774145 0.021216 -0.487335 0.6667 0.6902 0.6745
v 0.920033 -0.210099 -0.527259 0.6314 0.5804 0.5137
v 0.879251 -0.004376 -0.483733 0.7412 0.7608 0.7373
v 0.913673 0.009648 -0.556937 0.7216 0.7412 0.7255
v 0.893505 0.025307 -0.473035 0.3961 0.3686 0.3059
v 0.858909 0.207568 -0.527575 0.7412 0.7608 0.7451
v 0.884868 0.164462 -0.520886 0.2627 0.1961 0.1647
v 0.785409 0.013914 -0.454446 0.1255 0.1216 0.1137
v 0.798589 0.260326 -0.543985 0.7529 0.7725 0.7490
v 0.922552 0.047656 -0.401920 0.5725 0.5373 0.5412
v 0.905475 0.249999 -0.430358 0.7176 0.7373 0.7216
v 0.921412 -0.186314 -0.496158 0.6706 0.6745 0.6431
v 0.868144 -0.142030 -0.439698 0.7176 0.7373 0.7216
v 0.900382 -0.124276 -0.408681 0.6588 0.6627 0.4392
v 0.982947 0.154571 -0.388227 0.4353 0.4000 0.3333
v 0.890094 -0.145444 -0.419291 0.5412 0.5608 0.3020
v 0.921218 -0.237360 -0.380655 0.7176 0.7255 0.7059
v 0.988371 -0.013641 -0.441566 0.7020 0.7216 0.7059
v 0.924575 0.008594 -0.370538 0.7216 0.7412 0.7176
v 0.946956 -0.159447 -0.477621 0.7176 0.7373 0.7216
v 0.912595 -0.201849 -0.368140 0.7098 0.7294 0.7059
v 0.967075 0.166894 -0.428526 0.7490 0.7686 0.7529
v 0.909239 -0.046432 -0.433319 0.1412 0.3216 0.1686
v 0.970699 -0.117044 -0.385272 0.4784 0.5176 0.2392
v 0.961255 0.154390 -0.500607 0.4824 0.4353 0.3725
v 0.897213 -0.242648 -0.470369 0.7255 0.7333 0.7216
v 0.836838 -0.104054 -0.340638 0.5333 0.6157 0.3843
v 0.948352 0.000088 -0.432916 0.7137 0.7216 0.7020
v 0.868156 0.184572 -0.406313 0.7255 0.7451 0.7294
v 0.981496 0.015338 -0.342620 0.5412 0.5373 0.5608
v 0.825053 -0.070208 -0.388497 0.2627 0.4196 0.1843
v 0.929607 0.110687 -0.425513 0.2980 0.2941 0.2784
v 0.899416 0.000112 -0.291972 0.7294 0.7373 0.7255
v 0.941284 0.264568 -0.445879 0.7176 0.7255 0.7137
v 0.926739 0.084531 -0.289552 0.1176 0.0980 0.0863
v 0.931794 -0.246870 -0.417793 0.7176 0.7373 0.7137
v 1.030596 0.161385 -0.424453 0.7020 0.7176 0.7137
v 0.872944 0.122704 -0.325765 0.7255 0.7451 0.7216
v 0.890030 -0.124535 -0.407640 0.5804 0.5961 0.3569
v 0.841826 -0.183922 -0.509303 0.6588 0.6745 0.5451
v 0.899162 -0.205276 -0.390574 0.6941 0.7020 0.6824
v 0.859393 0.135296 -0.387402 0.4824 0.4471 0.3882
v 0.913122 -0.070545 -0.401597 0.1608 0.1686 0.1137
v 0.999286 0.187358 -0.388348 0.7020 0.7216 0.7059
v 0.772461 -0.202249 -0.389906 0.6941 0.7020 0.6824
v 0.830238 0.111186 -0.376763 0.7412 0.7608 0.7451
v 0.967067 0.190087 -0.386685 0.6980 0.7176 0.6941
v 0.900636 0.160702 -0.478438 0.4627 0.4196 0.3490
v 0.841205 0.095848 -0.499368 0.6667 0.6745 0.6627
v 0.940829 0.144444 -0.383497 0.7098 0.7255 0.7216
v 0.930516 -0.226356 -0.362497 0.6980 0.7176 0.7020
v 0.934912 0.166380 -0.395708 0.7059 0.7137 0.6941
v 0.930784 0.130511 -0.407487 0.6980 0.7137 0.7098
v 0.955844 0.113562 -0.484120 0.6941 0.7098 0.7059
v 0.834227 -0.034883 -0.427510 0.1686 0.1686 0.1216
v 0.836939 -0.177635 -0.387684 0.7255 0.7216 0.5412
v 0.847143 -0.178611 -0.389889 0.6706 0.6902 0.6667
v 0.959135 -0.018112 -0.410029 0.1686 0.1686 0.1216
v 0.910848 0.035240 -0.490317 0.3686 0.3882 0.4118
v 0.903362 0.241418 -0.409510 0.7098 0.7294 0.7137
v 0.868477 0.170576 -0.468346 0.4431 0.4157 0.3451
v 0.840683 -0.237582 -0.476755 0.2392 0.5216 0.1922
v 0.973527 0.236358 -0.401951 0.6902 0.7098 0.6941
v 0.865939 -0.233715 -0.365480 0.6275 0.6275 0.5961
v 0.909988 -0.035984 -0.400645 0.7176 0.7373 0.7137
v 0.927994 -0.215403 -0.409338 0.6824 0.7255 0.5059
v 0.937141 -0.097696 -0.380195 0.2157 0.3804 0.1922
v 0.910122 0.154040 -0.506575 0.7569 0.7647 0.7529
v 0.886104 0.047673 -0.436973 0.7490 0.7686 0.7529
v 0.859197 -0.105849 -0.471517 0.7294 0.7373 0.7255
v 0.939861 0.170461 -0.418450 0.7294 0.7490 0.7333
v 0.901091 0.231781 -0.460622 0.4863 0.4392 0.3765
v 0.893533 0.200356 -0.418285 0.7137 0.7333 0.7098
v 0.982346 -0.112684 -0.401808 0.6980 0.7059 0.5216
v 0.985197 -0.037061 -0.463694 0.4353 0.5059 0.3098
v 0.942615 -0.187822 -0.427623 0.7176 0.7373 0.7137
v 0.858387 0.134665 -0.366308 0.7294 0.7490 0.7333
v 0.853143 0.088122 -0.348133 0.5882 0.5922 0.5608
v 0.940240 -0.198134 -0.386989 0.7176 0.7255 0.7137
v 0.821374 0.047573 -0.427282 0.5412 0.5255 0.4824
v 0.919254 -0.055485 -0.394199 0.1373 0.3059 0.1882
v 0.931537 0.220799 -0.380083 0.7098 0.7294 0.7137
v 0.865943 0.061155 -0.523171 0.6510 0.6549 0.6235
v 0.992068 -0.167415 -0.369234 0.5804 0.5647 0.4588
v 0.851789 0.068135 -0.372567 0.7137 0.7333 0.7176
v 0.855524 0.199716 -0.415025 0.4667 0.4196 0.3569
v 0.958178 0.077376 -0.350110 0.6980 0.7255 0.6980
v 0.904141 0.246408 -0.394248 0.7216 0.7412 0.7255
v 0.831010 0.169217 -0.425249 0.4000 0.3804 0.3059
v 0.880995 -0.027942 -0.348847 0.1686 0.1804 0.1373
v 0.976279 -0.132415 -0.282539 0.1529 0.3922 0.1686
v 0.878476 -0.016098 -0.349762 0.3373 0.4039 0.2627
v 0.989042 -0.171281 -0.345139 0.1647 0.1922 0.1608
v 0.928217 0.084314 -0.363855 0.2549 0.2353 0.0784
v 0.932935 0.087465 -0.379736 0.1490 0.1451 0.1294
v 0.912322 0.247355 -0.289766 0.7255 0.7490 0.7333
v 0.913213 0.244931 -0.295796 0.7294 0.7490 0.7333
v 0.938194 0.007087 -0.324313 0.6902 0.6980 0.6784
v 0.984118 -0.023390 -0.321988 0.7059 0.7137 0.7020
v 0.910099 0.153867 -0.309592 0.4235 0.3765 0.3137
v 0.903820 0.167579 -0.358262 0.7373 0.7569 0.7412
v 0.935677 -0.082358 -0.218757 0.3843 0.5608 0.3294
v 1.013495 -0.035912 -0.366719 0.2627 0.3216 0.1922
v 0.899609 -0.118634 -0.382656 0.7098 0.7294 0.7059
v 0.975646 -0.201677 -0.273642 0.6863 0.7059 0.6902
v 1.016652 -0.266682 -0.355045 0.2078 0.2157 0.1608
v 0.915641 -0.110854 -0.375958 0.6706 0.6745 0.6510
v 0.995746 0.147035 -0.309197 0.7137 0.7294 0.7255
v 0.878463 0.238800 -0.368983 0.2667 0.1804 0.1922
v 0.966532 -0.121382 -0.341724 0.6902 0.6980 0.6863
v 1.043916 0.162413 -0.225114 0.7294 0.7373 0.7255
v 1.032141 -0.078067 -0.412020 0.1961 0.2039 0.1490
v 0.906320 0.096754 -0.352167 0.6980 0.7059 0.6863
v 1.037486 -0.234376 -0.348984 0.1882 0.1608 0.1294
v 0.943823 -0.011566 -0.306381 0.0196 0.0627 0.0000
v 0.947876 0.143236 -0.313830 0.7216 0.7294 0.7255
v 0.869025 0.065996 -0.296413 0.2039 0.2000 0.1843
v 1.006837 0.008017 -0.281186 0.6784 0.6863 0.6667
v 0.961183 0.043203 -0.351729 0.7255 0.7333 0.7216
v 0.994668 -0.183804 -0.311244 0.7098 0.7294 0.7137
v 0.937827 0.103789 -0.344937 0.6824 0.7020 0.6863
v 0.898000 0.013268 -0.381811 0.7098 0.7176 0.7059
v 0.931858 0.107062 -0.270237 0.7176 0.7373 0.7216
v 0.909065 0.107807 -0.246837 0.6824 0.7020 0.6784
v 0.885613 -0.201827 -0.397914 0.2902 0.2745 0.1255
v 0.858867 -0.006384 -0.334748 0.1922 0.2000 0.1490
v 0.902851 0.148194 -0.256435 0.7412 0.7608 0.7451
v 0.957086 -0.192866 -0.291167 0.6353 0.6510 0.5843
v 0.928059 0.226646 -0.324743 0.6549 0.6745 0.6588
v 0.943838 0.089795 -0.308682 0.7255 0.7451 0.7294
v 0.850062 0.240316 -0.337147 0.2392 0.1922 0.2000
v 0.978041 0.227221 -0.330809 0.7373 0.7451 0.7412
v 1.026995 0.105906 -0.397983 0.3255 0.2902 0.2549
v 0.924394 0.062992 -0.319516 0.1137 0.1176 0.0980
v 0.934649 -0.069404 -0.283495 0.6863 0.7059 0.6902
v 0.987137 -0.145455 -0.318773 0.6980 0.7059 0.6863
v 1.045399 0.001698 -0.361277 0.0941 0.0941 0.0627
v 1.021301 0.012085 -0.331169 0.6941 0.6980 0.6784
v 1.042979 0.019050 -0.331787 0.6824 0.7020 0.6863
v 0.992857 0.142513 -0.329175 0.6980 0.7059 0.6941
v 0.966977 0.080342 -0.401470 0.5059 0.5059 0.5059
v 0.914685 -0.245670 -0.365484 0.7059 0.7255 0.7098
v 0.968947 -0.236422 -0.335457 0.4745 0.6157 0.3725
v 0.961396 0.153230 -0.330638 0.6980 0.7059 0.6863
v 0.837419 -0.115710 -0.423156 0.6706 0.6824 0.6549
v 0.946007 -0.145725 -0.331824 0.6980 0.7176 0.7020
v 0.911138 0.235144 -0.277534 0.6980 0.7176 0.7020
v 0.918637 -0.186779 -0.359623 0.1020 0.1137 0.0784
v 0.972934 -0.140243 -0.322934 0.7176 0.7294 0.7020
v 1.000069 -0.006818 -0.424852 0.7098 0.7294 0.7137
v 0.907417 -0.186661 -0.238136 0.6745 0.6824 0.6627
v 0.929178 -0.093862 -0.250002 0.5373 0.5725 0.3176
v 0.906709 0.054200 -0.386691 0.1412 0.1608 0.1451
v 0.956066 -0.221243 -0.481917 0.1961 0.2118 0.1529
v 0.925495 0.093084 -0.286265 0.6824 0.6902 0.6784
v 0.875406 -0.102855 -0.369206 0.5961 0.6000 0.3647
v 0.948933 -0.260517 -0.392776 0.3373 0.5608 0.2431
v 0.864912 0.050165 -0.301077 0.5490 0.5333 0.5294
v 0.942302 0.179230 -0.414956 0.4000 0.3529 0.2902
v 0.979855 -0.272810 -0.320267 0.1961 0.2118 0.1529
v 0.910788 0.175678 -0.290750 0.7216 0.7294 0.7098
v 0.930201 -0.212962 -0.365620 0.1059 0.1176 0.0824
v 0.859056 -0.187932 -0.388043 0.7137 0.7333 0.7176
v 0.974620 -0.144720 -0.251517 0.2353 0.2392 0.1765
v 0.871571 -0.150253 -0.354180 0.7216 0.7294 0.7098
v 0.991724 -0.201256 -0.330997 0.7255 0.7333 0.7216
v 0.941833 -0.155856 -0.373274 0.6314 0.6471 0.5098
v 0.834455 0.044176 -0.294611 0.3451 0.3176 0.2863
v 0.979224 0.161297 -0.371260 0.4941 0.4510 0.3804
v 0.953789 -0.100634 -0.281285 0.7255 0.7333 0.6471
v 0.997318 0.196056 -0.248046 0.6902 0.6941 0.6745
v 0.886026 0.132900 -0.226878 0.3647 0.3255 0.2784
v 0.925233 -0.029727 -0.239215 0.5882 0.6078 0.3451
v 0.991835 0.049260 -0.247977 0.6980 0.7020 0.6784
v 1.007493 0.017190 -0.169712 0.7137 0.7176 0.6941
v 0.953012 0.028030 -0.344370 0.1922 0.1843 0.1373
v 0.965409 -0.083320 -0.261068 0.6627 0.6510 0.5294
v 1.030152 -0.205150 -0.217576 0.7098 0.7137 0.6902
v 0.973267 -0.009642 -0.286050 0.6902 0.6941 0.6745
v 0.923593 0.070550 -0.317480 0.0627 0.0627 0.0549
v 1.008352 -0.121179 -0.194512 0.7725 0.7765 0.7451
v 0.946023 -0.216759 -0.271722 0.8157 0.8157 0.7843
v 0.980187 -0.098880 -0.195196 0.5882 0.5529 0.3843
v 1.040735 -0.034167 -0.236352 0.5137 0.4941 0.2667
v 1.067842 -0.086367 -0.296318 0.7020 0.7059 0.6824
v 1.030504 0.132470 -0.289956 0.6118 0.6078 0.5882
v 0.988137 0.083538 -0.305888 0.0863 0.0824 0.0667
v 0.934221 -0.233824 -0.227082 0.2588 0.2392 0.1137
v 1.075465 0.161300 -0.320524 0.7020 0.7020 0.7020
v 1.022077 0.052667 -0.292484 0.6471 0.6431 0.6275
v 0.951714 -0.092864 -0.267161 0.7098 0.7137 0.6941
v 0.933626 0.025026 -0.265089 0.7098 0.7137 0.6902
v 0.965130 0.178472 -0.198841 0.7451 0.7529 0.7412
v 0.997493 -0.204852 -0.284583 0.7137 0.7176 0.6941
v 1.037835 0.040804 -0.261686 0.2235 0.2275 0.1647
v 0.921202 0.119751 -0.373635 0.7216 0.7255 0.7020
v 0.957565 0.120952 -0.182113 0.6941 0.6980 0.6745
v 0.872114 -0.247897 -0.257675 0.2471 0.5098 0.2314
v 0.937808 -0.137925 -0.363419 0.7020 0.7059 0.6824
v 0.943522 0.177132 -0.266570 0.7373 0.7412 0.7216
v 0.881885 -0.140781 -0.217460 0.7020 0.7098 0.6980
v 0.999541 0.079591 -0.245318 0.1608 0.1882 0.1255
v 0.948518 -0.070880 -0.181840 0.5647 0.5333 0.4510
v 0.899494 -0.108008 -0.281743 0.7020 0.7059 0.6824
v 0.910508 0.218870 -0.307573 0.7451 0.7490 0.7294
v 0.975542 -0.084525 -0.296405 0.4118 0.4431 0.4000
v 0.967494 0.001023 -0.281773 0.5569 0.5294 0.4588
v 0.921704 0.029830 -0.277274 0.1490 0.3412 0.1647
v 1.039962 0.180759 -0.218139 0.7333 0.7373 0.7176
v 0.994101 -0.042033 -0.273176 0.7098 0.7255 0.5294
v 0.870552 -0.110554 -0.288884 0.1843 0.5098 0.1647
v 0.982977 -0.121061 -0.275196 0.3922 0.3686 0.1333
v 0.967538 0.218874 -0.147639 0.4000 0.3529 0.2980
v 0.910969 -0.257539 -0.272691 0.7216 0.6902 0.3059
v 0.960016 0.206184 -0.271595 0.6314 0.6353 0.6157
v 0.955549 -0.048596 -0.227051 0.7255 0.7216 0.7059
v 0.966950 0.090542 -0.201700 0.0980 0.0627 0.0667
v 0.910091 -0.240744 -0.204318 0.7098 0.6667 0.2431
v 0.959837 0.200406 -0.225627 0.7294 0.7333 0.7137
v 1.054098 0.052419 -0.239854 0.3961 0.4392 0.3216
v 1.049659 -0.016554 -0.205775 0.5020 0.4745 0.2706
v 0.945165 0.003901 -0.182809 0.4235 0.5176 0.2824
v 0.907303 -0.097371 -0.126448 0.1843 0.1843 0.1451
v 0.985567 0.015562 -0.287085 0.6824 0.6863 0.6627
v 0.958789 -0.206287 -0.184822 0.7725 0.7647 0.7176
v 0.983987 0.134591 -0.221924 0.1137 0.1176 0.0980
v 0.885849 -0.203015 -0.249749 0.1569 0.1765 0.1490
v 1.033711 0.137814 -0.254683 0.7294 0.7373 0.7176
v 0.932359 0.028538 -0.189261 0.4627 0.4941 0.2588
v 0.978289 -0.199988 -0.158666 0.7216 0.7255 0.7020
v 0.922551 0.185165 -0.209229 0.3412 0.3020 0.2667
v 0.917290 -0.000468 -0.206543 0.6941 0.6980 0.6667
v 1.001534 -0.215330 -0.193305 0.7490 0.7176 0.4706
v 1.046409 -0.169311 -0.215625 0.6745 0.6745 0.6431
v 0.968717 -0.044258 -0.297986 0.4000 0.2980 0.2078
v 0.977760 0.258367 -0.322000 0.7137 0.7176 0.6941
v 0.944030 -0.051698 -0.165057 0.6235 0.6078 0.5725
v 0.940060 0.108320 -0.226850 0.1294 0.2510 0.1882
v 0.960327 0.170719 -0.136232 0.7373 0.7412 0.7176
v 0.929415 0.209574 -0.212686 0.2039 0.1686 0.1333
v 1.002108 0.067316 -0.277043 0.1725 0.1922 0.1137
v 0.961382 -0.221575 -0.282809 0.7608 0.7647 0.7333
v 1.031804 0.208484 -0.209271 0.6980 0.7020 0.6824
v 0.990724 -0.077645 -0.239559 0.7412 0.7216 0.6039
v 1.057438 -0.149987 -0.239582 0.3490 0.4157 0.2510
v 1.005816 -0.079917 -0.271354 0.7098 0.7137 0.6941
v 0.949853 -0.222379 -0.295179 0.6784 0.6745 0.6588
v 0.959989 -0.145509 -0.197799 0.6510 0.6588 0.6471
v 0.930867 -0.052570 -0.303780 0.7294 0.7255 0.7098
v 0.930129 -0.039492 -0.221523 0.6902 0.6902 0.6824
v 1.006766 -0.107716 -0.074787 0.7098 0.7059 0.6902
v 0.959675 -0.206875 -0.080312 0.3882 0.3882 0.3569
v 1.038231 -0.174131 -0.126345 0.6549 0.5961 0.2314
v 0.920901 0.095652 -0.133452 0.2588 0.2863 0.1255
v 1.014110 0.018586 -0.176398 0.6431 0.6431 0.4471
v 0.912962 0.210823 -0.098769 0.1451 0.1412 0.1255
v 1.018810 0.121862 -0.227582 0.6980 0.6941 0.6863
v 0.988824 0.046901 -0.235655 0.3059 0.2863 0.1216
v 0.981724 -0.196657 -0.048374 0.7725 0.7765 0.7569
v 0.961413 0.189435 -0.182546 0.1765 0.1608 0.1137
v 0.949967 0.096026 -0.258105 0.4824 0.4627 0.2980
v 1.022088 -0.135430 -0.198766 0.5059 0.4510 0.1725
v 1.029678 0.086474 -0.193901 0.4471 0.4510 0.1843
v 1.025937 -0.114430 -0.113771 0.7294 0.7255 0.7098
v 0.978974 -0.048242 -0.152254 0.4196 0.4000 0.1843
v 1.007324 -0.263043 -0.131024 0.3765 0.3843 0.3647
v 1.004438 0.012390 -0.151617 0.2824 0.2941 0.2275
v 1.039421 0.157064 -0.203497 0.1569 0.3373 0.1529
v 1.013844 0.028482 -0.169373 0.7255 0.7216 0.7059
v 0.979614 0.175833 -0.172335 0.1961 0.2078 0.1255
v 1.069048 -0.197211 -0.101490 0.7529 0.7255 0.6863
v 1.070320 -0.178503 -0.204887 0.7255 0.7216 0.7059
v 1.091382 0.243473 -0.234106 0.7255 0.7294 0.7059
v 0.970385 -0.053970 -0.233227 0.1882 0.1765 0.1490
v 1.049629 -0.160631 -0.225380 0.7843 0.7922 0.7490
v 1.053735 -0.177011 -0.131225 0.7255 0.7216 0.7059
v 0.854374 -0.218313 -0.244486 0.2118 0.2353 0.1961
v 1.047183 0.225042 -0.182552 0.0902 0.0863 0.0784
v 0.989592 0.062860 -0.152640 0.4706 0.4667 0.2039
v 1.098787 -0.158625 -0.194595 0.8275 0.8118 0.7765
v 1.032911 -0.057403 -0.177055 0.7137 0.7176 0.6941
v 0.979406 -0.193289 -0.188192 0.2039 0.2431 0.2000
v 0.945494 0.216055 -0.112504 0.1725 0.1804 0.1294
v 1.071890 0.124725 -0.192042 0.7137 0.7176 0.6941
v 1.070405 -0.222076 -0.136513 0.7059 0.6588 0.1961
v 0.963400 0.044042 -0.117531 0.6392 0.6275 0.6000
v 0.880884 -0.204574 -0.228284 0.6902 0.6510 0.6118
v 1.054885 -0.087405 -0.180684 0.6196 0.5843 0.5490
v 0.984089 0.039821 -0.178984 0.7294 0.7333 0.7137
v 0.976331 -0.233972 -0.216323 0.3373 0.3569 0.3412
v 0.983636 0.192464 -0.225703 0.0863 0.0824 0.0745
v 1.020607 -0.053850 -0.133119 0.6745 0.6745 0.6431
v 0.963942 0.196827 -0.136470 0.1922 0.3451 0.2392
v 0.918038 0.152220 -0.183663 0.7137 0.7176 0.6941
v 1.041325 -0.172894 -0.193378 0.7137 0.7176 0.6941
v 1.001218 0.010353 -0.157983 0.6980 0.7020 0.6824
v 1.032555 -0.139152 -0.118191 0.3098 0.2902 0.1333
v 1.027895 -0.002937 -0.192946 0.7255 0.7294 0.7059
v 1.070769 -0.185272 -0.137119 0.7216 0.7176 0.6980
v 0.999319 -0.112636 -0.081704 0.6510 0.6392 0.6118
v 1.017098 0.062917 -0.218667 0.7255 0.7294 0.7098
v 1.009147 0.056143 -0.250295 0.5490 0.5137 0.3843
v 1.048041 -0.174470 -0.100527 0.2078 0.2392 0.1961
v 1.106506 0.026387 -0.142834 0.5490 0.4314 0.3216
v 1.076727 -0.232764 -0.240910 0.2471 0.2667 0.2392
v 1.042581 0.129315 -0.203705 0.1922 0.2000 0.1137
v 0.986344 0.150212 -0.235050 0.5333 0.6000 0.3882
v 1.082000 0.095433 -0.205248 0.5216 0.5569 0.2000
v 0.947159 -0.186353 -0.191632 0.8196 0.8039 0.7686
v 0.936306 -0.184176 -0.309995 0.7373 0.7412 0.7176
v 0.958159 -0.225516 -0.134511 0.2078 0.2157 0.1647
v 0.998682 0.017843 -0.119170 0.7216 0.7294 0.7176
v 0.900606 -0.011343 -0.116774 0.7059 0.7020 0.6863
v 0.974520 0.032448 -0.160704 0.7137 0.7176 0.6941
v 0.981114 -0.076513 -0.088514 0.7020 0.7059 0.6824
v 0.913039 -0.093589 -0.216718 0.7098 0.7137 0.6941
v 0.956573 -0.253396 -0.126353 0.5922 0.5294 0.4392
v 0.980676 0.209119 -0.240673 0.7294 0.7333 0.7098
v 1.015364 0.114827 -0.206367 0.5647 0.5725 0.2431
v 1.046961 0.263750 -0.158467 0.1451 0.1333 0.1059
v 0.987146 -0.157810 -0.143366 0.8118 0.8235 0.7882
v 0.938519 -0.214810 -0.215724 0.8196 0.8157 0.7961
v 0.961205 -0.038588 -0.156927 0.7255 0.7216 0.7137
v 0.971913 0.224882 -0.208692 0.7373 0.7412 0.7176
v 0.901215 0.169807 -0.194218 0.1176 0.2706 0.1647
v 0.946557 -0.053712 -0.126017 0.2980 0.3059 0.2510
v 1.078482 0.119850 -0.215923 0.2078 0.2118 0.1569
v 1.017891 0.080374 -0.147972 0.4314 0.6078 0.3765
v 1.017314 -0.210496 -0.162144 0.7608 0.7490 0.7216
v 1.106908 0.189611 -0.104808 0.1137 0.0824 0.0706
v 0.904900 0.172642 -0.045654 0.1843 0.1961 0.1216
v 0.975605 -0.063313 -0.013388 0.1765 0.1843 0.1333
v 1.039276 0.035809 -0.042900 0.7176 0.7216 0.6980
v 1.027795 -0.045083 -0.107261 0.4824 0.6392 0.4353
v 1.042327 -0.090169 -0.061128 0.7176 0.7216 0.7020
v 1.019412 -0.181153 -0.018163 0.8275 0.8000 0.7608
v 1.004128 -0.088729 -0.094028 0.2000 0.2078 0.1529
v 0.994669 -0.229803 -0.076823 0.3686 0.3569 0.3216
v 1.016076 0.193132 -0.158614 0.7255 0.7294 0.7098
v 0.999524 -0.052106 -0.077394 0.8118 0.8118 0.7804
v 0.974195 -0.038714 -0.086466 0.0863 0.0824 0.0627
v 0.926952 -0.226785 -0.021275 0.8039 0.7725 0.7294
v 0.947298 0.152756 -0.080938 0.3294 0.4196 0.2078
v 0.961445 0.032928 -0.101039 0.1804 0.5020 0.1725
v 0.947870 0.075314 -0.044536 0.1529 0.4941 0.2275
v 1.053460 -0.086672 -0.118870 0.6667 0.6627 0.6471
v 1.016905 0.078462 -0.120831 0.5333 0.5647 0.3647
v 1.000203 0.068331 -0.138083 0.2118 0.1961 0.1490
v 0.949435 -0.106322 -0.141125 0.7255 0.7216 0.7137
v 1.039429 0.149729 -0.137521 0.6275 0.6235 0.4118
v 1.056825 -0.207654 -0.129446 0.2314 0.2392 0.1882
v 0.946827 -0.214215 -0.109520 0.2157 0.2392 0.2000
v 0.975323 0.216556 -0.063881 0.1020 0.0824 0.0706
v 1.073443 0.146353 -0.004754 0.1804 0.1647 0.1216
v 0.955932 0.093347 -0.110908 0.4510 0.4471 0.1843
v 0.962238 -0.221052 -0.187703 0.7569 0.7569 0.7255
v 0.993398 -0.191026 -0.019957 0.1961 0.2157 0.1882
v 1.056384 0.180027 -0.033532 0.3922 0.4784 0.2353
v 1.070050 0.113997 -0.054743 0.7098 0.7137 0.6941
v 1.027420 -0.000445 -0.065530 0.2431 0.5176 0.1804
v 1.034509 -0.156301 -0.037070 0.2157 0.2275 0.1843
v 1.105000 0.041243 -0.026534 0.6275 0.6157 0.5882
v 0.968416 0.034333 -0.138248 0.7137 0.7176 0.6980
v 0.960483 0.017286 -0.047299 0.7529 0.7216 0.6471
v 1.002013 -0.006235 -0.055963 0.7059 0.7020 0.6863
v 0.927721 -0.196706 -0.019944 0.6980 0.6314 0.1686
v 0.940120 0.006839 -0.135877 0.7529 0.7647 0.7373
v 0.992005 -0.119897 -0.043596 0.7098 0.7059 0.6902
v 1.043975 0.123655 -0.095305 0.7059 0.7020 0.6941
v 0.954162 -0.208034 -0.046271 0.2235 0.2235 0.1765
v 0.937108 0.210558 -0.004190 0.1647 0.1451 0.1333
v 1.056148 0.039651 -0.134204 0.6353 0.6118 0.4235
v 0.893983 -0.017196 -0.043296 0.6980 0.6941 0.6784
v 1.006637 -0.011459 -0.119680 0.7569 0.7608 0.7373
v 0.954440 -0.021653 -0.037018 0.7137 0.7176 0.6980
v 0.972751 0.086518 -0.109254 0.6353 0.6431 0.4471
v 1.073779 0.061454 -0.108266 0.6941 0.6980 0.6745
v 0.957861 0.016925 -0.127402 0.1882 0.2000 0.1569
v 0.998148 0.285498 -0.001150 0.5569 0.5373 0.5255
v 1.015437 -0.194276 -0.123980 0.7608 0.7569 0.7373
v 0.966538 -0.094974 -0.021590 0.1804 0.1882 0.1451
v 1.028264 0.239351 -0.078574 0.1294 0.0980 0.0863
v 0.995957 -0.258174 -0.125758 0.4275 0.4392 0.4118
v 0.981420 0.126953 -0.039952 0.7059 0.7098 0.6902
v 0.901787 -0.066441 -0.054415 0.1373 0.1412 0.1098
v 1.073496 0.090072 -0.074224 0.6902 0.6980 0.6863
v 0.997600 0.044220 -0.060881 0.2588 0.5137 0.1843
v 0.978230 -0.176989 -0.151367 0.5020 0.4667 0.4392
v 0.973972 -0.054052 -0.084324 0.1647 0.1765 0.1490
v 0.954698 0.210718 -0.059299 0.7333 0.7373 0.7176
v 1.020717 0.188177 -0.067714 0.1255 0.3098 0.1451
v 1.056357 -0.150704 -0.067979 0.7216 0.7176 0.6980
v 0.969161 0.085712 -0.178124 0.4235 0.4471 0.2118
v 0.994365 0.020950 -0.060616 0.1961 0.2039 0.1490
v 1.005865 -0.114110 -0.175832 0.7176 0.7137 0.6980
v 1.101912 -0.229706 -0.066171 0.3804 0.3686 0.3412
v 1.064891 -0.151805 -0.111861 0.1882 0.2118 0.1647
v 1.058757 0.123422 -0.042946 0.5216 0.4863 0.4275
v 1.076788 -0.144205 -0.052919 0.7373 0.7216 0.7098
v 0.963199 0.132812 -0.050109 0.7059 0.7098 0.6902
v 0.985514 0.201794 -0.010633 0.6824 0.6784 0.6706
v 0.956919 0.066152 -0.169866 0.7216 0.7294 0.7176
v 1.022257 -0.040078 -0.158567 0.6824 0.6784 0.6627
v 1.024030 -0.024355 -0.113934 0.7647 0.7686 0.7373
v 0.933097 -0.023079 -0.115442 0.6510 0.6196 0.5686
v 0.872015 -0.003694 -0.148393 0.6824 0.6863 0.6549
v 1.124801 0.171091 -0.024776 0.7098 0.7137 0.6941
v 1.045573 0.237541 -0.126124 0.5647 0.5294 0.5098
v 0.986642 0.001976 -0.060653 0.6706 0.6745 0.6549
